Drug Name,"Preferred, Non-Preferred, Reviewed, Non-Reviewed"
ACCURETIC,N
Benazepril & Hydrochlorothiazide,P
Enalapril Maleate & Hydrochlorothiazide,P
Fosinopril Sodium & Hydrochlorothiazide,N
Lisinopril & Hydrochlorothiazide,P
LOTENSIN HCT,N
Quinapril-Hydrochlorothiazide,N
VASERETIC,N
ZESTORETIC,N
ACCUPRIL,N
ALTACE,N
Benazepril HCl,P
Captopril,P
Enalapril Maleate,P
EPANED,N
Fosinopril Sodium,P
Lisinopril,P
LOTENSIN,N
Moexipril HCl,N
Perindopril Erbumine,N
Quinapril HCl,P
Ramipril,P
Trandolapril,P
VASOTEC,N
ZESTRIL,N
Qbrelis,N
Enalapril oral solution,N
Amlodipine Besylate-Benazepril HCl,P
LOTREL,N
Trandolapril-Verapamil HCl,P
Voxzogo,N
ABSORICA,N
Isotretinoin,P
Galafold,P
CERDELGA,N
CEREZYME,N
ELELYSO,N
VPRIV,N
ZAVESCA,N
Miglustat,N
Metyrosine,N
DEMSER,N
Phentolamine Mesylate,P
Phenoxybenzamine,N
Acamprosate Calcium,P
Disulfiram,P
Ragwitek,N
Grastek,N
Odactra,N
Palforzia,N
ORALAIR,N
ARALAST,N
GLASSIA,N
PROLASTIN C,P
ZEMAIRA,N
Exservan,N
RILUTEK,N
Riluzole,P
Relyvrio,N
Teglutik oral suspension,N
ARICEPT,N
Donepezil Hydrochloride,P
Donepezil Hydrochloride TABS HCL 23MG,N
EXELON DIS,N
Galantamine tabs,P
NAMENDA,N
NAMENDA XR,N
RIVASTIGMINE CAP,P
Adlarity,N
NAMZARIC,N
Memantine,P
RIVASTIGMINE DIS,N
galantamine er cap,N
galantamine oral solution,N
Memantine er,N
Memantine oral solution,N
Donepezil ODT,N
Amikacin Sulfate,P
BETHKIS,N
Gentamicin in Saline,P
Gentamicin Sulfate,P
Neomycin Sulfate,P
Paromomycin Sulfate,P
Streptomycin Sulfate,P
TOBI,N
TOBI PODHALER,N
Tobramycin Neb Solution,P
Tobramycin Sulfate,P
KITABIS PAK,N
Tobramycin neb sol 300/4ml,N
Arikayce,N
Vyndaqel,N
Vyndamax,N
Acetaminophen,P
Aspirin,P
Aspirin Buffered,P
"Butalbital-Acetaminophen Tab 50-
325 MG",P
Butalbital-Acetaminophen-Caffeine Cap 50-325-40 MG,P
Butalbital-Acetaminophen-Caffeine Tab 50-325-40 MG,P
Butalbital-Aspirin-Caffeine,P
Diflunisal,P
Salsalate,P
ADRENALIN,N
Epinephrine Auto-injector,P
EPIPEN,N
Symjepi,N
Tlando,N
AVEED,N
Danazol,P
DEPO-TESTOSTERONE,N
METHITEST,N
Oxandrolone,N
Testosterone Cypionate,P
Testosterone Enanthate,P
Jatenzo,N
NATESTO,N
Methyltestosterone,N
Testosterone Gel 1.62%,N
Xyosted,N
ANDRODERM,P
Angrogel Packets,N
FORTESTA,N
TESTIM,N
TESTOSTERONE GEL,N
VOGELXO,N
Androgel Pump,N
testosterone 1% pump,N
testosterone gel 10mg/act,N
TESTOSTERONE SOL,N
Testosterone 1% packets,P
Budesonide rectal foam,N
ANUSOL-HC,N
CORTENEMA,N
CORTIFOAM,N
Hydrocortisone (Intrarectal),P
Hydrocortisone (Rectal),P
Lidocaine-Hydrocortisone Acetate (Rectal),N
PROCTOFOAM HC,N
RECTIV,N
Nitroglycerin rectal ointment,N
BILTRICIDE,N
Ivermectin,P
STROMECTOL,N
Emverm,N
Benznidazole,P
Praziquantel,P
Albendazole,P
BACTRIM,N
Sulfamethoxazole-Trimethoprim,P
Aspruzyo,N
RANEXA,N
Ranolazine,P
Isosorbide / hydralazine,N
BIDIL,N
ISORDIL TITRADOSE,N
Isosorbide Dinitrate,P
Isosorbide Mononitrate,P
Pacerone,N
amiodarone 100mg,P
Amiodarone HCl Tab 200 MG,P
Amiodarone HCl TABS 400MG,N
Disopyramide Phosphate,P
Flecainide Acetate,P
Lidocaine HCl (Cardiac),N
Mexiletine HCl,P
MULTAQ,P
NORPACE,N
Propafenone HCl,P
Quinidine Gluconate,P
Quinidine Sulfate,P
RYTHMOL SR,N
TIKOSYN,N
XYLOCAINE,N
Dofetilide,P
ZYFLO,N
Airsupra,N
Fluticasone salmeterol aerosol powder breath activated,P
Fluticasone / vilanterol,N
Breztri,N
Advair Diskus,P
ADVAIR HFA,P
ANORO ELLIPTA,P
BREO ELLIPTA,N
COMBIVENT RESPIMAT,P
DULERA,P
Ipratropium-Albuterol,P
SYMBICORT,P
Stiolto respimat,P
Budesonide/formoterol,N
Bevespi Aerosphere,N
Fluticasone/salmeterol inhaler,N
Airduo respiclick,N
Trelegy ellipta,N
Wixela,N
Tiotropium bromide cap,N
ATROVENT HFA,P
INCRUSE ELLIPTA,P
Ipratropium Bromide,P
SPIRIVA HANDIHALER,P
TUDORZA PRESSAIR,N
SPIRIVA RESPIMAT,P
Yupelri,N
Tezspire,N
Xolair,P
Cromolyn Sodium,P
Arformoterol,N
Albuterol Sulfate NEBU 0.63MG/3,P
Albuterol Sulfate Soln Nebu 0.083% (2.5 MG/3ML),P
Albuterol Sulfate Soln Nebu 0.5% (5 MG/ML),P
Albuterol Sulfate Soln Nebu 1.25 MG/3ML (Base Equiv),N
Albuterol Sulfate Syrup 2 MG/5ML,P
Albuterol Sulfate Tab 2 MG,N
Albuterol Sulfate Tab 4 MG,N
BROVANA,N
PERFOROMIST,N
PROVENTIL HFA,P
SEREVENT DISKUS,P
STRIVERDI RESPIMAT,P
Terbutaline Sulfate Inj 1 MG/ML,N
Terbutaline Sulfate Tab 2.5 MG,P
Terbutaline Sulfate Tab 5 MG,P
VENTOLIN HFA,P
XOPENEX,N
PROAIR RESPICLICK,P
levalbuterol nebulization solution,P
Levalbuterol tartrate,N
Albuterol hfa,P
Formoterol neb,N
ACCOLATE,N
Montelukast Sodium Chew Tab 4 MG (Base Equiv),P
Montelukast Sodium Chew Tab 5 MG (Base Equiv),P
Montelukast Sodium Tab 10 MG (Base Equiv),P
SINGULAIR    CHW 4MG,N
SINGULAIR    CHW 5MG,N
SINGULAIR    TAB 10MG,N
SINGULAIR PACK,N
Zafirlukast,N
Montelukast granules,P
Sodium Chloride Soln Nebu 0.9%,P
Epinephrine HCl,P
Acetylcysteine,P
Ipratropium Bromide (Nasal) SOLN 0.03%,P
Ipratropium Bromide Nasal Soln 0.06% (42 MCG/SPRAY),N
fluticasone propionate hfa 44mcg,P
fluticasone propionate hfa 110mcg,P
Fluticasone proprionate hfa 220mcg,N
ALVESCO,N
ARNUITY ELLIPTA,P
Budesonide (Inhalation),P
Flovent HFA,P
PULMICORT INHALER,P
PULMICORT SUS,N
ASMANEX,P
budesonide sus 1mg/2ml,N
Flovent Diskus,P
Qvar Redihaler,P
Asmanex HFA,P
Fluticasone propionate BA,N
Aminophylline,P
THEO-24,N
Theophylline,P
Pentamidine,P
vancomycin oral sol,N
AZACTAM,P
Aztreonam,N
CAYSTON,N
Colistimethate Sodium,P
COLY-MYCIN-M,N
FLAGYL,N
Metronidazole CAPS,N
Metronidazole in NaCl,P
Metronidazole Tab 250 MG,P
Metronidazole Tab 500 MG,P
NEBUPENT,N
ORBACTIV,N
Polymyxin B Sulfate,N
Sulfadiazine,P
Trimethoprim,P
TYGACIL,N
VANCOCIN HCL,N
Vancomycin HCl,P
Vancomycin HCl CAPS,P
Vancomycin HCl in Dextrose,P
VIBATIV,N
XIFAXAN,P
Tigecycline,P
Solosec,N
Fosfomycin,N
Aemcolo,N
Likmez,N
Xywav,N
Sodium oxybate oral solution,N
XYREM,N
Pradaxa oral packet,N
Xarelto Susp,N
ARIXTRA,N
ELIQUIS,P
ENOXAPARIN SODIUM SYRINGES,P
ENOXAPARIN SODIUM VIALS,P
Fondaparinux Sodium,N
FRAGMIN,N
Heparin (Porcine) in Sodium Chloride,P
Heparin Sodium (Porcine),P
LOVENOX SYRINGES,N
LOVENOX VIALS,N
PRADAXA,P
SAVAYSA,N
Warfarin Sodium,P
XARELTO,P
Dabigatran,N
Methsuximide,N
Topiramate ER Sprinkle cap,N
Celontin,P
Briviact oral soln,N
Pregabalin ER,N
Elepsia XR,N
Vimpat oral solution,N
Eprontia,N
Ztalmy,N
APTIOM,N
BANZEL,N
Carbamazepine,P
Carbamazepine Capsule ER 12HR,P
Carbamazepine SUSP,P
Carbamazepine Tablet ER 12HR,P
CARBATROL,N
Clonazepam,P
Clonazepam Tablet Disperse,P
DEPAKOTE,N
DEPAKOTE ER,N
DEPAKOTE SPRINKLES,N
Diazepam (Anticonvulsant) Gel,P
DILANTIN,N
DILANTIN INFATABS,N
DILANTIN SUSP,N
Divalproex Sodium,P
Divalproex Sodium Cap Sprinkle,P
Divalproex Sodium Tablet ER 24HR,P
EQUETRO,N
Ethosuximide CAPS,P
Ethosuximide Soln 250 MG/5ML,P
Felbamate,N
FELBATOL,N
Fosphenytoin Sodium,N
FYCOMPA,P
Gabapentin Cap 100 MG,P
Gabapentin Cap 300 MG,P
Gabapentin Cap 400 MG,P
Gabapentin Oral Soln 250 MG/5ML,P
Gabapentin Tab 600 MG,P
Gabapentin Tab 800 MG,P
GABITRIL,P
GRALISE,N
KEPPRA,N
KEPPRA XR,N
KLONOPIN,N
LAMICTAL,N
LAMICTAL XR,N
Lamotrigine,P
Lamotrigine Tablet Disperse,N
Lamotrigine Tablet ER 24HR,P
Levetiracetam,P
Levetiracetam Tablet ER 24HR,P
LYRICA,N
MYSOLINE,N
NEURONTIN,N
NEURONTIN SOLN,N
ONFI,N
Oxcarbazepine SUSP,P
Oxcarbazepine Tab 150 MG,P
Oxcarbazepine Tab 300 MG,P
Oxcarbazepine Tab 600 MG,P
OXTELLAR XR,N
PHENYTEK,N
Phenytoin susp,P
Phenytoin Sodium,P
Phenytoin Sodium Extended Cap 100 MG,P
Phenytoin Sodium Extended CAPS 200MG,N
Phenytoin Sodium Extended CAPS 300MG,N
Primidone,P
QUDEXY XR,N
Tegretol Tablets,N
TEGRETOL SUSP,N
TEGRETOL XR,N
TOPAMAX,N
Topiramate,P
Topiramate CS24,N
TRILEPTAL,N
TRILEPTAL SUSP,N
TROKENDI XR,N
Valproate Sodium,P
Valproic Acid,P
VIMPAT,N
ZARONTIN CAP,N
ZARONTIN SOLN,N
Zonisamide,P
Valtoco,P
Vigafyde,N
Lacosamide,P
Fintepla,N
Xcopri,N
SABRIL,N
Phenytoin Infatab,P
Rufinamide,N
Briviact tab,P
Spritam,N
Lamotrigine Chewable Tablet,P
Vigabatrin,N
Lacosamide oral solution,P
Tiagabine,N
lamotrigine kit,N
Epidiolex,P
Clobazam,P
SYMPAZAN,N
Diacomit,N
Pregabalin,P
Nayzilam,P
Topiramate Sprinkle Capsule,P
Motpoly XR,N
Gabapentin ER,N
Libervant,N
Oxcarbazepine ER,N
EMSAM,N
NARDIL,N
Phenelzine Sulfate,P
Tranylcypromine Sulfate,P
Sertraline caps,N
Auvelity,N
CELEXA,N
Citalopram Hydrobromide,P
Escitalopram Oxalate,P
Fluoxetine HCl,P
Fluoxetine HCl (PMDD),N
Fluoxetine HCl CAPS 40MG,P
Fluoxetine HCl TABS 20MG,N
Fluvoxamine Maleate,P
LEXAPRO,N
Paroxetine HCl,P
PAROXETINE HCL ER,P
PAXIL,N
PAXIL CR,N
PAXIL SUSP,P
PEXEVA,N
PROZAC,N
Sertraline HCl,P
ZOLOFT,N
Paroxetine mesylate,N
fluvoxamine er,N
fluoxetine hcl capsule delayed release,N
citalopram 30mg,N
Paroxetine oral suspension,N
Drizalma,N
desvenlafaxine,N
CYMBALTA,N
Desvenlafaxine succinate,P
Duloxetine HCl,P
EFFEXOR XR,N
FETZIMA,N
PRISTIQ,N
SAVELLA,N
Venlafaxine HCl,P
Venlafaxine HCl Cap SR 24HR 150 MG (Base Equivalent),P
Venlafaxine HCl Cap SR 24HR 37.5 MG (Base Equivalent),P
Venlafaxine HCl Cap SR 24HR 75 MG (Base Equivalent),P
Venlafaxine HCl Tablet ER 24HR,P
Doxepin tab,N
Amitriptyline HCl,P
Amoxapine,N
ANAFRANIL,N
Clomipramine HCl,P
Desipramine HCl,P
Doxepin HCl,P
Imipramine HCl,P
Imipramine Pamoate,N
NORPRAMIN,N
Nortriptyline HCl,P
PAMELOR,N
Protriptyline HCl,N
Trimipramine,N
Bupropion hcl tab sr 24hr 450 mg,N
APLENZIN,N
Bupropion HCl Tab 100 MG,P
Bupropion HCl Tab 75 MG,P
Bupropion HCl Tab SR 12HR 100 MG,P
Bupropion HCl Tab SR 12HR 150 MG,P
Bupropion HCl Tab SR 12HR 200 MG,P
Bupropion HCl Tab SR 24HR 150 MG,P
Bupropion HCl Tab SR 24HR 300 MG,P
FORFIVO XL,N
Mirtazapine,P
Mirtazapine Tablet Disperse,N
REMERON,N
REMERON SOLTAB,N
Wellbutrin SR,N
WELLBUTRIN XL,N
Zurzuvae,N
Nefazodone HCl,P
Trazodone HCl,P
Trazodone HCl TABS 300MG,N
VIIBRYD,N
Vilazodone,P
Trintellix,P
Deferiprone,N
Deferoxamine Mesylate,P
DESFERAL,N
FERRIPROX,N
deferasirox sol tab,P
CHEMET,P
EXJADE,N
JADENU,N
Deferasirox,N
AKYNZEO capsules,N
ANZEMET,N
Emend CAPS,P
Granisetron TAB,N
Ondansetron TAB,P
Ondansetron HCl Oral Soln 4 MG/5ML,P
Ondansetron ODT,P
SANCUSO,N
Emend Oral Susp,N
Aprepitant,N
DICLEGIS,P
Meclizine HCl,P
PHENERGAN,N
Promethazine HCl Inj 25 MG/ML,N
Promethazine HCl Inj 50 MG/ML,N
Promethazine HCl Suppos 12.5 MG,P
Promethazine HCl Suppos 25 MG,P
Promethazine HCl Syrup 6.25 MG/5ML,P
Promethazine HCl Tab 12.5 MG,N
Promethazine HCl Tab 25 MG,P
Promethazine HCl Tab 50 MG,P
TIGAN,N
TRANSDERM-SCOP,P
Trimethobenzamide HCl,P
Meclizine HCL,P
SCOPOLAMINE PATCH,N
Bonjesta,N
Doxylamine/pyridoxine,N
Dronabinol,N
MARINOL,N
vfend sus,P
voriconazole sus,N
caspofungin,P
Micafungin,P
AMBISOME,P
ANCOBON,N
CANCIDAS,N
Clotrimazole Troche,P
DIFLUCAN,N
Fluconazole,P
Flucytosine,N
Griseofulvin Microsize TABS,N
GRISEOFULVIN SUS,P
Griseofulvin Ultramicrosize,N
Itraconazole,N
Ketoconazole,N
NOXAFIL,N
Nystatin,P
SPORANOX,N
Terbinafine HCl,P
VFEND,N
VFEND IV,N
Voriconazole,P
Voriconazole iv,P
Posaconazole,N
Cresemba,N
Vivjoa,N
Tolsura,N
Brexafemme,N
ALPHANINE SD,P
ALPROLIX,P
BENEFIX,P
FEIBA,N
PROFILNINE SD,P
RIXUBIS,P
Ixinity,P
Idelvion,N
Rebinyn,P
Sevenfact,N
NOVOSEVEN,P
ADVATE,P
ELOCTATE,P
HEMOFIL M,P
KOATE,P
KOGENATE FS,N
OBIZUR,N
RECOMBINATE,P
Esperoct,N
Altuviiio,P
NOVOEIGHT,P
Xyntha,P
Adynovate,P
Nuwiq,N
Kovaltry,N
Afstyla,P
Hemlibra,P
Jivi,P
ALPHANATE,P
HUMATE-P,P
WILATE,P
Vonvendi,N
Coagadex,N
Cetirizine HCl Oral Soln 1 MG/ML (5 MG/5ML),P
Cetirizine HCl Tab 10 MG,P
Cetirizine HCl Tab 5 MG,P
CLARINEX,N
Desloratadine,N
Levocetirizine Dihydrochloride,N
Loratadine Syrup 5 MG/5ML,P
Loratadine Tab 10 MG,P
Olopatadine HCl (Nasal),P
PATANASE,N
AZELASTINE   SPR 0.1%,P
AZELASTINE   SPR 0.15%,N
CLARINEX-D,N
Carbinoxamine Maleate,N
Chlorpheniramine Maleate,P
Clemastine Fumarate,N
Cyproheptadine HCl,P
Diphenhydramine HCl,P
Hydroxyzine HCl SOLN,P
Hydroxyzine HCl SYRP,P
Hydroxyzine HCl Tab 25 MG,P
Hydroxyzine HCl Tab 50 MG,P
Hydroxyzine HCl TABS 10MG,P
Hydroxyzine Pamoate,P
Hydroxyzine Pamoate CAPS 100MG,N
Prochlorperazine Edisylate,P
Prochlorperazine Maleate,P
Prochlorperazine Supp,P
VISTARIL,N
diphenhydramine inj,P
Nexletol,N
JUXTAPID,N
Praluent,P
Repatha,P
Nexlizet,N
Clonidine HCl Patch Weekly,P
Clonidine HCl Tab 0.1 MG,P
Clonidine HCl Tab 0.2 MG,P
Clonidine HCl Tab 0.3 MG,P
Guanfacine HCl,P
Hydralazine HCl tab,P
Methyldopa,P
MINIPRESS,N
Minoxidil,P
Prazosin HCl,P
Clonidine er tab 0.17mg,N
Nucala Auto-Injector,P
Adbry,P
Fasenra,P
Dupixent,P
Nucala prefilled syringe,N
Amjevita,N
Idacio,N
Yuflyma,N
Adalimumab adaz,N
Orencia ClickJect,P
Xeljanz oral soln,N
Cyltezo,N
Hadlima,N
Hulio,N
Hyrimoz,N
Yusimry,P
Adalimumab fkjp,P
Bimzelx,N
Omvoh Auto-Injector,N
Velsipity,N
Entyvio Pen Injector,N
Cibinqo,N
Simlandi,P
Tyenne,P
Adalimumab aaty,N
ACTEMRA,N
CIMZIA,N
ENBREL,P
HUMIRA,P
HUMIRA PEN,P
HUMIRA PEN-CROHNS DISEASESTARTER,P
HUMIRA PEN-PSORIASIS STARTER,P
KINERET,P
ORENCIA,N
OTEZLA,P
SIMPONI,P
STELARA,N
XELJANZ,P
COSENTYX,N
Xeljanz XR,N
Taltz,P
Ilaris,N
Kevzara,N
Siliq,N
Tremfya,P
Olumiant,N
Skyrizi,P
Rinvoq,P
Arcalyst,N
Adalimumab aacf,P
Adalimumab adbm,P
Abrilada,N
Spevigo Prefilled Syringe,N
Zymfentra,N
Amjevita 40mg/0.4mL,P
Amjevita 80mg/0.8mL,P
THALOMID,P
Chloroquine Phosphate,P
DARAPRIM,N
Hydroxychloroquine Sulfate,P
MALARONE,N
Mefloquine HCl,P
Pyrimethamine,N
Atovaquone-proguanil,P
Krintafel,P
Sovuna,N
Cycloserine,N
Ethambutol HCl,P
Isoniazid,P
MYAMBUTOL,N
MYCOBUTIN,P
Pyrazinamide,P
RIFADIN,N
Rifampin,P
SIRTURO,N
TRECATOR,P
Priftin,P
Pretomanid,N
rifabutin,N
Amantadine HCl Cap 100 MG,P
Amantadine HCl Syrup 50 MG/5ML,P
Amantadine HCl Tab 100 MG,N
AZILECT,N
Bromocriptine Mesylate 5 MG Cap,N
Carbidopa-Levodopa,P
Carbidopa-Levodopa-Entacapone,P
LODOSYN,N
PARLODEL,P
RYTARY,N
Selegiline HCl,P
SINEMET,N
STALEVO,N
ZELAPAR,N
DUOPA,N
Bromocriptine Mesylate 2.5mg tabs,P
Rasagiline,N
xadago,N
Nourianz,N
Gocovri,N
Osmolex ER,N
Inbrija,P
Crexont,N
Lampit,P
Atovaquone,P
MEPRON,N
Tinidazole,N
Nitazoxanide,N
Zoryve,N
Vtama,N
Acitretin,N
Calcipotriene,P
Methoxsalen Rapid,N
SORILUX,N
tazarotene,P
Sotyktu,N
Step 2 - Abilify Asimtufii,P
Step 2 - Uzedy,P
Step 3 - Risperdal Injection,N
Step 2 - Rykindo,P
Step 3 - Lybalvi,N
Step 3 - ABILIFY,N
Step 2 - ABILIFY MAINTENA,P
Step 3 - FANAPT,N
Step 3 - GEODON,N
Step 3 - INVEGA,N
Step 2 - INVEGA SUSTENNA,P
Step 3 - LATUDA,N
Step 1 - olanzapine,P
Step 3 - olanzapine tablet disperse,N
Step 1 - quetiapine fumarate,P
Step 3 - RISPERDAL,N
Step 2 - RISPERDAL CONSTA,P
Step 1 - risperidone,P
Step 3 - risperidone tablet disperse,N
Step 3 - SAPHRIS,N
Step 3 - SEROQUEL,N
Step 3 - SEROQUEL XR,N
Step 1 - ziprasidone hcl,P
Step 3 - ZYPREXA,N
Step 3 - ZYPREXA ZYDIS,N
Step 3 - Secuado,N
Step 3 - Caplyta,N
Step 3 - Ziprasidone Inj,N
Step 2 - Invega Hafyera,P
Step 1 - aripiprazole tablets,P
Step 2 - INVEGA TRINZA,P
Step 3 - REXULTI,N
Step 1 - Lurasidone,P
Step 2 - paliperidone er,P
Step 2 - ARISTADA,P
Step 2 - VRAYLAR,P
Nuplazid,N
Step 2 - Quetiapine ER,P
Step 3 - aripiprazole odt,N
Step 3 - aripiprazole sol,N
Step 3 - Zyprexa Relprevv,N
Step 2 - Perseris,P
Step 3 - Asenapine,N
Step 3 - Abilify MyCite,N
Clozapine,P
CLOZARIL,N
VERSACLOZ,N
CLOZAPINE ODT,N
chlorpromazine con,N
Chlorpromazine HCl,P
Fluphenazine Decanoate,P
Fluphenazine HCl,P
HALDOL DECANOATE 100,N
HALDOL DECANOATE 50,N
Haloperidol,P
Haloperidol Decanoate,P
Haloperidol Lactate,P
Loxapine Succinate,P
Perphenazine,P
Thioridazine HCl,P
Thiothixene,P
Trifluoperazine HCl,P
Molindone,N
DETROL,N
Flavoxate HCl,N
OXYBUTYNIN   SYP 5MG/5ML,P
OXYBUTYNIN   TAB 5MG,P
Tolterodine Tartrate,P
Trospium Chloride,P
Gemtesa,N
Fesoterodine,N
trospium er,N
DETROL LA,N
GELNIQUE,N
MYRBETRIQ tablets,P
Oxybutynin Chloride ER,P
Tolterodine Tartrate,P
TOVIAZ,N
VESICARE,N
Myrbetriq Susp,N
Oxytrol,N
Darifenacin ER,N
Solifenacin,P
Mirabegron,N
NPLATE,P
PROMACTA,P
Mulpleta,N
Tavalisse,N
Doptelet,N
Promacta Powder,N
Alvaiz,N
Methimazole,P
Propylthiouracil,P
Alprazolam,P
ALPRAZOLAM INTENSOL,P
Alprazolam Tablet Disperse,N
ATIVAN,N
Chlordiazepoxide HCl,P
Clorazepate Dipotassium,P
Diazepam,P
Lorazepam,P
LORAZEPAM INTENSOL,N
Oxazepam,P
XANAX,N
Loreev XR,N
Alprazolam Tab SR 24HR 0.5 MG,N
Alprazolam Tab SR 24HR 1 MG,N
Alprazolam Tab SR 24HR 2 MG,N
Alprazolam Tab SR 24HR 3 MG,N
XANAX XR,N
Buspirone HCl Tab 10 MG,P
Buspirone HCl Tab 15 MG,P
Buspirone HCl Tab 5 MG,P
Buspirone HCl Tab 7.5 MG,P
Buspirone HCl TABS 30MG,N
Droperidol,P
Meprobamate,P
Entresto,P
Entrestro Sprinkle Cap,N
Amlodipine Besylate-Valsartan,P
AZOR,N
EXFORGE,N
Telmisartan-Amlodipine,N
Amlodipine-olmesartan,P
Amlodipine-Valsartan- Hydrochlorothiazide,P
EXFORGE HCT,N
TRIBENZOR,N
Olmesartan-amlodipine-HCTZ,N
ATACAND,N
AVAPRO,N
BENICAR,N
Candesartan Cilexetil,N
COZAAR,N
DIOVAN,N
EDARBI,N
Irbesartan,P
Losartan Potassium,P
MICARDIS,N
Telmisartan,N
Valsartan,P
Olmesartan,N
Valsartan oral solution,N
ATACAND HCT,N
AVALIDE,N
BENICAR HCT,N
Candesartan Cilexetil- Hydrochlorothiazide,N
DIOVAN HCT,N
EDARBYCLOR,N
HYZAAR,N
Irbesartan-Hydrochlorothiazide,P
Losartan Potassium & Hydrochlorothiazide,P
MICARDIS HCT,N
Telmisartan-Hydrochlorothiazide,N
Valsartan-Hydrochlorothiazide,P
Olmesartan-HCTZ,N
Reditrex,N
OTREXUP,N
RASUVO,N
RIDAURA,P
Cevimeline HCl,N
EVOXAC,N
Pilocarpine HCl (Oral),P
Opzelura,P
Eucrisa,N
Carvedilol,P
COREG CR,N
COREG TABS,N
Labetalol HCl,P
Carvedilol er,N
Nebivolol,P
Acebutolol HCl,P
Atenolol,P
Betaxolol HCl,N
Bisoprolol Fumarate,P
BYSTOLIC,N
LOPRESSOR,N
Metoprolol Succinate,P
Metoprolol Tartrate tab,P
TENORMIN,N
TOPROL XL,N
Kapspargo,N
BETAPACE,N
BETAPACE AF,N
CORGARD,N
HEMANGEOL,P
INDERAL LA,N
INNOPRAN XL,N
Nadolol,P
Pindolol,P
Propranolol HCl,P
Sotalol HCl,P
Sotalol HCl (AFIB/AFL),P
Timolol Maleate,P
SOTYLIZE,N
Atenolol & Chlorthalidone,P
Bisoprolol & Hydrochlorothiazide,P
Metoprolol & Hydrochlorothiazide,N
TENORETIC,N
ZIAC,N
Amoxicillin & K Clavulanate Chew Tab 200-28.5 MG,N
Amoxicillin & K Clavulanate Chew Tab 400-57 MG,P
Amoxicillin & K Clavulanate For Susp 200-28.5 MG/5ML,P
Amoxicillin & K Clavulanate For Susp 250-62.5 MG/5ML,N
Amoxicillin & K Clavulanate For Susp 400-57 MG/5ML,P
Amoxicillin & K Clavulanate For Susp 600-42.9 MG/5ML,P
Amoxicillin & K Clavulanate Tab 250- 125 MG,N
Amoxicillin & K Clavulanate Tab 500- 125 MG,P
Amoxicillin & K Clavulanate Tab 875- 125 MG,P
Amoxicillin & Pot Clavulanate Tablet ER 12HR,N
Amoxicillin (Trihydrate) Cap 250 MG,P
Amoxicillin (Trihydrate) Chew Tab 125 MG,P
Amoxicillin (Trihydrate) Chew Tab 250 MG,P
Amoxicillin (Trihydrate) For Susp 125 MG/5ML,P
Amoxicillin (Trihydrate) For Susp 200 MG/5ML,P
Amoxicillin (Trihydrate) For Susp 250 MG/5ML,P
Amoxicillin (Trihydrate) For Susp 400 MG/5ML,P
Amoxicillin (Trihydrate) Tab 500 MG,P
Amoxicillin (Trihydrate) Tab 875 MG,P
Ampicillin,P
Ampicillin & Sulbactam Sodium,P
BICILLIN,P
Dicloxacillin Sodium,P
Nafcillin Sodium,P
Oxacillin Sodium,P
Penicillin G Pot in Dextrose,P
Penicillin G Potassium,P
Penicillin V Potassium,P
PFIZERPEN-G,P
Piperacillin Sodium-Tazobactam Sodium,P
UNASYN,N
ZOSYN,P
Alfuzosin HCl,P
AVODART,N
CARDURA,N
CARDURA XL,N
Doxazosin Mesylate,P
FLOMAX,N
JALYN,N
PROSCAR,N
RAPAFLO,N
Tamsulosin HCl,P
Terazosin HCl,P
Entadfi,N
finasteride,P
Dutasteride,N
Dutasteride-Tamsulosin,N
Silodosin,N
Norliqva,N
Amlodipine Besylate,P
NORVASC,N
Levamlodipine,N
Katerzia,P
CARDIZEM,N
CARDIZEM CD,N
CARDIZEM LA,N
Diltiazem HCl tab,P
Diltiazem HCl Coated Beads,N
Diltiazem HCl Extended Release Beads,P
TIAZAC,N
Felodipine,P
Isradipine,N
Nifedipine,P
Nifedipine Tab SR 24HR 30 MG,P
Nifedipine Tab SR 24HR 60 MG,P
Nifedipine Tab SR 24HR 90 MG,P
NYMALIZE,N
PROCARDIA XL,N
Nisoldipine,N
SULAR,N
verapamil er pm cap,N
verapamil hcl tab,P
VERELAN,N
Calan SR,N
verapamil hcl er tab,P
verapamil hcl er cap,P
Verelan PM,N
Imipenem-Cilastatin,N
Meropenem,P
PRIMAXIN,N
Ertapenem,P
Digoxin,P
Digoxin IJ,N
LANOXIN,N
Tryvio,N
Camzyos,N
CARNITOR     SOL 1GM/10ML,P
CARNITOR     TAB 330MG,N
CARNITOR SF  SOL 1GM/10ML,N
Levocarnitine Oral Soln 1 GM/10ML (10%),P
Levocarnitine Tab 330 MG,P
Amlodipine Besylate-Atorvastatin Calcium,N
CADUET,N
Daybue,N
Skyclarys,N
Cefaclor Cap 250 MG,N
Cefaclor Cap 500 MG,N
Cefaclor For Susp 125 MG/5ML,N
Cefaclor For Susp 375 MG/5ML,N
Cefaclor Monohydrate Tab SR 12HR 500 MG,N
Cefadroxil Cap 500 MG,P
Cefadroxil For Susp 250 MG/5ML,P
Cefadroxil For Susp 500 MG/5ML,P
Cefadroxil Tab 1 GM,N
Cefazolin in D5W,P
Cefazolin Sodium,P
Cefdinir,P
Cefepime HCl,P
Cefepime HCl and Dextrose,N
Cefpodoxime Proxetil,N
Cefprozil,P
Ceftazidime,P
Ceftriaxone Sodium,P
Ceftriaxone Sodium in Dextrose,P
Cefuroxime Axetil Tab 250 MG,P
Cefuroxime Axetil Tab 500 MG,P
Cefuroxime Sodium,P
Cephalexin,P
Cephalexin CAPS 750MG,P
Cephalexin TABS,N
FORTAZ,N
SUPRAX SUSR 100/5ML,N
cefixime,N
Zavzpret,N
Qulipta,N
Nurtec,P
Ubrelvy,P
Aimovig,P
Ajovy,P
Emgality,P
CUPRIMINE,P
DEPEN TITRATABS,P
SYPRINE,N
Trientine,N
penicillamine,N
Cuvrior,N
colesevelam tabs,P
Cholestyramine,P
Cholestyramine Light,P
COLESTID,N
Colestipol HCl,P
QUESTRAN,N
Welchol Tablets,N
Colesevelam pak,N
Welchol Pak,N
colestipol oral granules,N
colestipol oral packets,N
Prevalite,P
ANTARA,N
Fenofibrate CAPS,N
Fenofibrate Micronized,N
FENOFIBRATE NANOCRYSTALLIZED 48MG TABS,P
Gemfibrozil,P
LIPOFEN,N
LOPID,N
Niacin (Antihyperlipidemic),N
TRICOR,N
TRILIPIX,N
FENOFIBRATE NANOCRYSTALLIZED 145MG TABS,P
FENOFIBRATE - (All others),N
Atorvaliq,N
LIVALO,N
VASCEPA,N
Icosapent,N
Zypitamag,N
Pitavastatin,N
Atorvastatin Calcium,P
CRESTOR,N
LIPITOR,N
Simvastatin Tab 10 MG,P
Simvastatin Tab 20 MG,P
Simvastatin Tab 40 MG,P
Simvastatin Tab 5 MG,P
Simvastatin TABS 80MG,N
VYTORIN,N
ZOCOR,N
Rosuvastatin,P
Ezetimibe/simvastatin,P
Ezallor,N
Fluvastatin er,P
ALTOPREV,N
Fluvastatin Sodium,N
LESCOL XL,N
Lovastatin,P
LOVAZA,N
Omega-3-acid Ethyl Esters,N
Pravastatin Sodium,P
ZETIA,N
Ezetimibe,P
Bethanechol Chloride,P
Fabhalta,N
Zilbrysq,N
Tavneos,N
Empaveli,N
Voydeya,N
"Saline, Bacteriostatic",P
STERILE DILU SOL FLOLAN,P
"Water For Inject, Bacteriostatic Parabens",P
bacteriostatic water for injection,P
ELLA,P
Levonorgestrel (Emergency OC),P
DEPO-PROVERA,N
Medroxyprogesterone Acetate (Contraceptive),P
Nextstellis,N
BEYAZ,P
"Desogestrel & Ethinyl Estradiol Tab
0.15 MG-30 MCG",P
Desogestrel-Ethinyl Estradiol (Biphasic),P
"Drospirenone-Ethinyl Estradiol Tab 3-
0.02 MG",P
"Drospirenone-Ethinyl Estradiol Tab 3-
0.03 MG",P
Ethynodiol Diacetate & Ethinyl Estradiol Tab 1 MG-35 MCG,P
"Levonorg-Eth Est Tab 0.15-0.03MG
(84) & Eth Est Tab 0.01MG(7)",P
Levonorgestrel & Ethinyl Estradiol Tab 0.1 MG-20 MCG,P
Levonorgestrel & Ethinyl Estradiol Tab 0.15 MG-30 MCG,P
levonorgestrel-ethinyl estradiol (91- day) tabs 0.15-0.03mg,P
LO LOESTRIN FE,P
LOESTRIN,N
LOESTRIN FE 1.5/30,N
LOESTRIN FE 1/20,N
LOSEASONIQUE,P
MIRCETTE,N
Norethindrone & Ethinyl Estradiol Tab 0.4 MG-35 MCG,P
Norethindrone & Ethinyl Estradiol Tab 0.5 MG-35 MCG,P
Norethindrone & Ethinyl Estradiol Tab 1 MG-35 MCG,P
Norethindrone & Ethinyl Estradiol-Fe,N
Norethindrone Ace & Ethinyl Estradiol-FE Tab 1 MG-20 MCG,P
Norethindrone Ace & Ethinyl Estradiol-FE Tab 1.5 MG-30 MCG,P
Norethindrone Acet & Eth Estra,N
Norgestrel & Ethinyl Estradiol Tab 0.3 MG-30 MCG,P
QUARTETTE,N
SEASONIQUE,P
YASMIN 28,P
YAZ,P
Camrese,P
Camrese Lo,P
Norethindrone Ace-Ethinyl Estradiol- FE Tab 1 MG-20 MCG (24),P
Minastrin 24 Chw FE,P
Norethindrone Ace-Eth Estradiol-FE Chew Tab 1 MG-20 MCG (24),P
Norethindrone & Ethinyl Estradiol-Fe Chew Tab 0.8 MG-25 MCG,P
Drosperinone-ethinyl estradiol- levomefolate,N
norethindrone & ethinyl estradiol tab 1 mg-20 mcg,P
"norethindrone & ethinyl estradiol tab
1.5 mg-30 mcg",P
Norethindrone & Ethinyl Estradiol-Fe Chew,P
Balcoltra,N
Tyblume,P
"Levonorg-Eth Est Tab 0.1-0.02MG
(84) & Eth Est Tab 0.01MG(7)",P
NATAZIA,N
zafemy,P
Twirla,N
Phexxi,N
Annovera,N
Eluryng,N
NUVARING,P
XULANE,P
Norethindrone (Contraceptive),P
Slynd,N
Opill,P
Desogest-Ethin Est Tab 0.1- 0.025/0.125-0.025/0.15-0.025MG-MG,P
Levonorgestrel-Eth Estra Tab 0.05- 30/0.075-40/0.125-30MG-MCG,P
Norethindrone Ac-Ethinyl Estrad-Fe Tab 1-20/1-30/1-35 MG-MCG,P
Norethindrone-Eth Estradiol Tab 0.5- 35/0.75-35/1-35 MG-MCG,P
Norethindrone-Eth Estradiol Tab 0.5- 35/1-35/0.5-35 MG-MCG,P
Norgestimate-Eth Estrad Tab 0.18- 35/0.215-35/0.25-35 MG-MCG,P
norgestimate-eth estrad tab 0.18- 25/0.215-25/0.25-25 mg-mcg,P
Dextromethorphan-Guaifenesin Syrup 10-100 MG/5ML,P
Pseudoephedrine HCl Tab 30 MG,P
Pseudoephedrine HCl Tab 60 MG,P
Paxlovid,P
CELEBREX,N
Celecoxib,P
Ketorolac Tromethamine,N
Ketorolac Tromethamine SOLN 60MG/2ML,N
Meloxicam tab,P
MOBIC,N
Nabumetone,P
Meloxicam capsules,N
Isturisa,N
Recorlev,N
Bronchitol,N
KALYDECO,N
PULMOZYME,P
Orkambi,N
Trikafta,N
Symdeko,N
Livtencity,N
Ganciclovir Sodium,N
Valcyte Tablets,N
Valganciclovir HCl Tablets,P
Cidofovir,N
Prevymis Tablets,N
Valcyte oral solution,N
valganciclovir oral solution,P
Sodium Fluoride (Dental),P
Acarbose,P
Miglitol,N
Insulin glargine yfgn,N
Insulin glargine,P
AFREZZA,N
APIDRA,N
HUMALOG,N
HUMALOG MIX 50/50,P
HUMALOG MIX 75/25,P
HUMULIN 70/30,P
HUMULIN N,N
HUMULIN R,N
LANTUS       INJ 100/ML,P
LEVEMIR,P
NOVOLIN 70/30,N
NOVOLIN N,N
NOVOLIN R,N
NOVOLOG,N
NOVOLOG MIX 70/30,N
Insulin Aspart,P
Insulin Aspart 70/30,P
Semglee,N
Insulin degludec,N
Admelog,N
Fiasp,N
Lyumjev,N
Tresiba,N
insulin lispro,P
Humulin R U-500,P
Rezvoglar KwikPen,N
Insulin glargine 300 units,N
Insulin glargine yfgn,N
Insulin glargine pen,P
Semglee pen,N
Lyumjev KwikPen,N
Insulin degludec pen,N
Lyumjev TMPO,N
Novolog Mix FlexPen,N
Novolog PenFill,N
Insulin Aspart FlexPen,P
Insulin Aspart Prot FlexPen,P
Insulin Aspart PenFill,P
Insulin Lispro Jr Kwikpen,P
Insulin Lispro Prot Pen,P
Toujeo Max Solostar,P
Apidra Solostar,N
Humalog Kwikpen U-100,N
Humalog Kwikpen Mix 50/50,P
Humalog Kwikpen Mix 75/25,N
Humulin 70/30 kwikpen,P
HUMULIN N U-100 PEN,N
LANTUS SOLOSTAR,P
LEVEMIR,P
Novolog Flexpen,N
Humalog TMPO,N
Toujeo Solostar,P
Tresiba FlexTouch,N
Basaglar,N
Admelog Solostar,N
Fiasp FlexTouch,N
Humalog Junior KwikPen,N
Humalog Cartridge,N
INSULIN LISPRO KWIKPEN,P
Humulin R U-500 Kwikpen,P
Humalog Kwikpen U-200,N
Novolin N FlexPen,P
Novolin R FlexPen,P
Nateglinide,P
Repaglinide,P
Metformin HCl,P
RIOMET,N
Metformin oral sol,N
Glumetza,N
metformin hcl tab sr modified release,N
metformin hcl tab sr osmotic,N
metformin hcl tab sr,P
AMARYL,N
Glimepiride,P
Glipizide,P
GLUCOTROL XL,N
Glyburide,P
Glyburide Micronized,P
GLYNASE,N
Zegalogue,P
Gvoke,N
Sitagliptin/metformin,N
Diazoxide,N
GLUCAGEN,P
GLUCAGON EMERGENCY KIT,N
PROGLYCEM,P
Baqsimi,P
Glipizide-Metformin HCl,P
Glyburide-Metformin,P
ACTOS,N
DUETACT,N
Pioglitazone HCl,P
Pioglitazone HCl-Glimepiride,N
ACTOPLUS MET,N
Pioglitazone HCl-Metformin HCl,N
SYMLINPEN 120,N
SYMLINPEN 60,N
Zituvio,N
Saxagliptin,N
JANUVIA,P
NESINA,N
ONGLYZA,N
TRADJENTA,P
Alogliptin,N
Sitagliptin,N
Saxagliptin/metformin er,N
JANUMET,P
JANUMET XR,P
JENTADUETO,P
KAZANO,N
OSENI,N
Alogliptin-metformin,N
Alogliptin-pioglitazone,N
Jentadueto XR,N
Mounjaro,N
BYETTA,N
TRULICITY,P
VICTOZA,P
Ozempic,P
Bydureon bcise,N
Rybelsus,N
Liraglutide,N
Soliqua,N
Xultophy,N
Trijardy XR,N
INVOKAMET,N
XIGDUO XR,P
GLYXAMBI,N
Synjardy,P
Invokamet XR,N
Synjardy XR,N
Qtern,N
Steglujan,N
Segluromet,N
Dapagliflozin-metformin,N
Dapagliflozin,N
FARXIGA,P
INVOKANA,N
JARDIANCE,P
Steglatro,N
TEKTURNA,N
TEKTURNA HCT,N
Aliskiren,N
Dichlorphenamide,N
Furoscix,N
Acetazolamide,P
ALDACTAZIDE TABS 50/50,P
ALDACTONE,N
Amiloride & Hydrochlorothiazide,P
Amiloride HCl,P
Bumetanide,P
Chlorthalidone,P
DIURIL,N
EDECRIN,N
Eplerenone,P
Furosemide,P
Hydrochlorothiazide,P
Indapamide,P
INSPRA,N
LASIX,N
MAXZIDE,N
Methazolamide,N
Metolazone,P
Spironolactone,P
Spironolactone & Hydrochlorothiazide,P
Torsemide,P
Triamterene & Hydrochlorothiazide,P
Keveyis,N
Ethacrynic acid tab,P
Carospir,N
Spironolactone oral suspension,N
Cabergoline,P
Ciprofloxacin/dexamethasone otic,N
Acetic Acid (Otic),P
Antipyrine-Benzocaine,P
CIPRO HC,P
CORTISPORIN-TC,N
DERMOTIC,N
Fluocinolone Acetonide (Otic),P
Hydrocortisone w/Acetic Acid,N
Neomycin-Polymyxin-HC (Otic),P
Ofloxacin (Otic),P
ciprofloxacin otic,N
Ciprofloxacin/fluocinolone otic,N
Dojolvi,N
L-glutamine,N
Oral Electrolyte Solution,P
Amino Acid Electrolyte Infusion,P
Amino Acid Infusion,N
Amino Acid Infusion SOLN 6%,P
AMINOSYN,P
AMINOSYN II,P
AMINOSYN-PF,N
Dextrose,P
Dextrose in Lactated Ringers,P
Dextrose w/ Sodium Chloride,P
INTRALIPID,N
Lactated Ringer's,P
Parenteral Electrolytes,N
Potassium Chloride in Dextrose,P
Potassium Chloride in Dextrose & Sodium Chloride,P
Potassium Chloride in NaCl,P
PREMASOL,P
TRAVASOL,P
TROPHAMINE,N
Endari,N
Veozah,P
Vijoice,N
Sohonos,N
KORLYM,N
Strensiq,N
Rivfloza,N
Rezdiffra,N
Wegovy,N
Orilissa,P
Depo-Sub Q Provera 104,P
Synarel,P
Filspari,N
ARANESP ALBUMIN FREE,N
EPOGEN,P
PROCRIT,N
Mircera,P
Retacrit,N
Myfembree,P
Oriahnn,P
Bijuva,P
ACTIVELLA,N
ANGELIQ,P
CLIMARA PRO,P
COMBIPATCH,P
Estradiol & Norethindrone Acetate,N
JINTELI,N
PREFEST,N
PREMPHASE,P
PREMPRO,P
Fyavolv,N
CLIMARA,N
DIVIGEL,N
ELESTRIN,N
Estradiol Weekly,N
EVAMIST,P
MENOSTAR,N
MINIVELLE,N
Vivelle-Dot,P
Estradiol Bi-Weekly,N
Estradiol gel,N
DELESTROGEN,N
DEPO-ESTRADIOL,P
DUAVEE,P
ESTRACE,N
Estradiol,P
Estradiol Valerate,N
MENEST,N
PREMARIN,P
Levofloxacin oral solution,N
CIPRO (10%)  SUS 500MG/5,N
CIPRO (5%)   SUS 250MG/5,N
CIPRO TABS,N
Ciprofloxacin HCl Tab 100 MG (Base Equiv),P
Ciprofloxacin HCl Tab 250 MG (Base Equiv),P
Ciprofloxacin HCl Tab 500 MG (Base Equiv),P
Ciprofloxacin HCl Tab 750 MG (Base Equiv),P
Ciprofloxacin IV Soln 200 MG/20ML (1%),P
Ciprofloxacin IV Soln 400 MG/40ML (1%),P
Levofloxacin,P
Moxifloxacin HCl,N
Ofloxacin,N
Baxdela Tablets,N
Gimoti,N
Cromolyn Sodium (Mastocytosis),P
GASTROCROM,P
KRISTALOSE,N
Lactulose,P
Lactulose (Encephalopathy),P
Metoclopramide HCl,P
NULYTELY,P
PEG 3350-KCl-Sod Bicarb-Sod Chloride-Sod Sulfate,P
PEG 3350-Potassium Chloride-Sod Bicarbonate-Sod Chloride,P
polyethylene glycol 3350,P
REGLAN,N
Sennosides Tab 8.6 MG,P
Metoclopramide odt,N
Plenvu,N
GOLYTELY,P
Suflave,P
Gavilyte-C,P
Glycopyrrolate oral soln,N
Dartisla,N
Atropine Sulfate,P
BENTYL       INJ 10MG/ML,N
CUVPOSA,N
Dicyclomine HCl,P
Glycopyrrolate Injection,N
Glycopyrrolate TABS,P
Hyoscyamine Sulfate,P
LEVSIN,N
Magnesium Oxide Tab 400 mg,P
Methscopolamine Bromide,P
ROBINUL,N
Sodium Bicarbonate (Antacid) Tabs,P
Mytesi,N
Diphenoxylate w/ Atropine,P
GATTEX,N
LOMOTIL,N
Loperamide HCl Cap 2 MG,P
Loperamide HCl Tab 2 MG,P
Opium Tincture,N
loperamide hcl liq 1mg/7.5ml,P
CREON,P
PERTZYE,P
VIOKACE,N
ZENPEP,P
Cimetidine,P
Famotidine For Susp 40 MG/5ML,P
Famotidine Tab 20 MG,P
Famotidine Tab 40 MG,P
Nizatidine,N
PEPCID,N
APRISO       CAP 0.375GM,P
AZULFIDINE,N
Balsalazide Disodium,P
Canasa,N
COLAZAL,N
DELZICOL     CAP 400MG,P
DIPENTUM,N
LIALDA       TAB 1.2GM,N
mesalamine rectal,P
PENTASA      CAP 250MG CR,N
PENTASA      CAP 500MG CR,N
SFROWASA     ENE 4GM,N
Sulfasalazine,P
Mesalamine DR Tablet,N
mesalamine dr cap,N
Ibsrela,N
LOTRONEX,N
Alosetron,P
trulance,N
Vowst,N
Livmarli,N
Iqirvo,N
Livdelzi,N
Magnesium Hydroxide Susp 400 MG/5ML,P
MOVIPREP,P
RELISTOR,N
Sennosides Syrup 8.8 MG/5ML,P
Sennosides-Docusate Sodium Tab 8.6-50 MG,P
URSO,N
Ursodiol,P
Xphozah,N
PEG 3350-KCl-NaCl-Na Sulfate-Na Ascorbate-C For Soln 100 GM,N
CHOLBAM,N
Suprep,N
Sod Sulfate-Pot Sulf-Mg Sulf Oral Sol,P
Ocaliva,N
Sutab,N
Xermelo,N
Clenpiq,P
Bylvay,N
Reltone,N
Voquezna,N
CARAFATE     SUS 1GM/10ML,P
CARAFATE     TAB 1GM,N
Sucralfate Susp 1 GM/10ML,P
Sucralfate Tab 1 GM,P
CYTOTEC,N
Misoprostol,P
Konvomep,N
esomeprazole granule,N
Protonix Pak,P
lansoprazole caps,P
Dexlansoprazole,N
ACIPHEX,N
DEXILANT,N
Esomeprazole mag caps,P
Lansoprazole odt,N
NEXIUM,N
Omeprazole,P
Omeprazole-Sodium Bicarbonate,N
Pantoprazole Sodium,P
PREVACID,N
PREVACID SOLUTAB,N
PRILOSEC,N
PROTONIX,N
Rabeprazole sodium tabs,P
Nexium oral packet,P
Pantoprazole oral packet,N
Naproxen/esomeprazole,N
VIMOVO,N
Bismuth Subcit-metronidazole- tetracycline,N
Talicia,N
Amoxicillin-Clarithromycin w/ Lansoprazole,N
PYLERA,P
Voquezna Pak,N
Lubiprostone,P
AMITIZA,P
Linzess 72mcg,N
Movantik,P
Viberzi,N
Symproic,N
Motegrity,N
Linzess 145mcg,P
Linzess 290mcg,P
Cortrophin Inj Gel,N
H.P. ACTHAR,N
Agamree,N
Tarpeyo,N
Hemady,N
Alkindi Sprinkle,N
Budesonide,P
CELESTONE-SOLUSPAN,N
CORTEF,P
Cortisone Acetate,P
DEPO-MEDROL,N
Dexamethasone,P
DEXAMETHASONE INTENSOL,P
Dexamethasone Sodium Phosphate,P
Fludrocortisone Acetate,P
Hydrocortisone,P
KENALOG,P
MEDROL       PAK 4MG,P
MEDROL       TAB 16MG,N
MEDROL       TAB 2MG,N
MEDROL       TAB 4MG,P
MEDROL       TAB 8MG,N
Methylprednisolone Acetate,P
Methylprednisolone Sod Succ,P
Methylprednisolone Tab 16 MG,N
Methylprednisolone Tab 32 MG,N
Methylprednisolone Tab 4 MG,P
Methylprednisolone Tab 8 MG,N
MILLIPRED TABS,N
Prednisolone,N
Prednisolone Sodium Phosphate,P
Prednisone,P
PREDNISONE INTENSOL,N
RAYOS,N
SOLU-CORTEF,P
SOLU-MEDROL,P
UCERIS,N
Prednisolone odt,N
Emflaza,P
Dexamethasone therapy pack,N
Eohilia,N
Deflazacort,N
Allopurinol tab,P
Colchicine tablets,P
Colchicine w/ Probenecid,P
COLCRYS,N
Probenecid,P
ULORIC,N
mitigare,N
Colchicine capsules,N
Febuxostat,P
Releuko,P
Fylnetra,N
Stimufend,N
Nyvepria,P
GRANIX,P
LEUKINE,N
NEULASTA,N
NEUPOGEN,P
Rolvedon,N
Zarxio,N
Fulphila,P
Ziextenzo,N
Nivestym,N
Udenyca,N
Sogroya,N
Ngenla,N
Skytrofa,P
GENOTROPIN,P
HUMATROPE,N
INCRELEX,N
NORDITROPIN,P
NUTROPIN AQ,P
OMNITROPE,N
SAIZEN,N
SEROSTIM,N
Verquvo,N
Xolremdi,N
Aminocaproic Acid,P
Tranexamic acid tab,N
Adefovir Dipivoxil,N
BARACLUDE,N
Entecavir,P
Harvoni Packet 33.75-150mg,N
Epclusa 200-50mg tab,N
HARVONI,N
PEGASYS,P
Ribavirin Cap 200 MG,P
Ribavirin Tab 200 MG,P
SOVALDI,N
Zepatier,N
Epclusa,N
Mavyret,P
Vosevi,N
Ledipasvir/Sofosbuvir,N
Sofosbuvir/Velpatasvir,P
Sovaldi 200mg tab,N
Harvoni 45mg-200mg tab,N
FIRAZYR,N
Haegarda,P
Ruconest,N
Takhzyro,P
Kalbitor,N
Orladeyo,P
Icatibant,P
ORFADIN,P
Nityr,N
Orfadin 20mg,N
Nitisinone,N
Acyclovir,P
Acyclovir Sodium,P
Acyclovir SUSP,P
Famciclovir,N
SITAVIG,N
Valacyclovir HCl,P
VALTREX,N
Osphena,N
Calcitriol,P
Doxercalciferol,N
Rayaldee,N
Rocaltrol,N
Paricalcitol capsules,P
SENSIPAR,N
Zemplar capsules,N
Cinacalcet,N
Pirfenidone,N
ESBRIET,N
OFEV,P
Xembify,P
GAMASTAN S/D,P
GAMMAKED,P
GAMUNEX-C,P
HIZENTRA,P
HYPERHEP B S/D,N
HYPERHEP B S/D SOLN,P
HYPERRHO S/D,P
HYPERTET S/D,P
HYQVIA,P
NABI-HB,P
RHOGAM ULTRA-FILTERED PLUS,P
RHOPHYLAC,P
WINRHO SDF,P
Cuvitru,P
GAMMAGARD,P
Cutaquig,P
Sirolimus sol,P
ASTAGRAF XL,N
CELLCEPT,N
CELLCEPT SUSR,P
Cyclosporine,P
Cyclosporine Modified (For Microemulsion),P
GENGRAF,P
Mycophenolate Mofetil Tabs,P
Mycophenolate Sodium,P
MYFORTIC,N
NEORAL,N
PROGRAF,N
RAPAMUNE,P
SANDIMMUNE,P
Sirolimus,P
Tacrolimus,P
ZORTRESS,N
Everolimus,N
Enspryng,N
Rezurock,N
Mycophenolate Mofetil oral suspension,N
Envarsus XR,N
Mycophenolate Mofetil CAPS,P
Myhibbin,N
RELENZA DISKHALER,P
Rimantadine Hydrochloride,N
TAMIFLU,N
Oseltamivir,P
Xofluza,N
ACTIMMUNE,N
Sodium Polystyrene Sulfonate,N
SPS,N
Veltassa,P
Lokelma,P
Kionex,N
Chloramphenicol Sodium Succinate,N
CLEOCIN      CAP 150MG,N
CLEOCIN      CAP 300MG,N
CLEOCIN      CAP 75MG,N
CLEOCIN IN D5W,P
CLEOCIN PED  SOL 75MG/5ML,N
Clindamycin HCl Cap 150 MG,P
Clindamycin HCl Cap 300 MG,P
Clindamycin Palmitate HCl For Soln 75 MG/5ML (Base Equiv),P
CUBICIN,N
Dapsone,P
LINCOCIN,N
SIVEXTRO,N
ZYVOX,N
Linezolid,P
Zyvox inj,N
linezolid inj,P
MYALEPT,N
Lithium Carbonate Cap 150 MG,P
Lithium Carbonate Cap 300 MG,P
Lithium Carbonate Cap 600 MG,N
Lithium Carbonate Tab 300 MG,P
Lithium Carbonate Tab CR 300 MG,P
Lithium Carbonate Tab CR 450 MG,P
LITHOBID,N
Azithromycin For Susp 100 MG/5ML,P
Azithromycin For Susp 200 MG/5ML,P
Azithromycin IV For Soln 500 MG,N
Azithromycin Powd Pack for Susp 1 GM,P
Azithromycin Tab 250 MG,P
Azithromycin Tab 500 MG,P
Azithromycin Tab 600 MG,P
Clarithromycin For Susp 125 MG/5ML,P
Clarithromycin For Susp 250 MG/5ML,P
Clarithromycin Tab 250 MG,P
Clarithromycin Tab 500 MG,P
Clarithromycin Tab SR 24HR 500 MG,N
DIFICID,N
E.E.S. GRANULES,N
ERY-TAB,N
ERYPED,N
Erythromycin Base,N
Erythromycin Ethylsuccinate,N
ZITHROMAX    INJ 500MG,N
ZITHROMAX    POW 1GM PAK,N
ZITHROMAX    SUS 100/5ML,N
ZITHROMAX    SUS 200/5ML,N
ZITHROMAX    TAB 250MG,N
ZITHROMAX    TAB 500MG,N
ZITHROMAX    TAB TRI-PAK,N
ZITHROMAX    TAB Z-PAK,N
MIGERGOT,P
Trudhesa,N
Dihydroergotamine Mesylate,N
MIGRANAL,N
zolmitriptan nasal spray,N
IMITREX spray,P
IMITREX STATDOSE REFILL,N
IMITREX STATDOSE SYSTEM,N
Sumatriptan Spray,P
Sumatriptan Succinate,P
ZOMIG NASAL SPRAY,N
Tosymra,N
Reyvow,N
FROVA,N
IMITREX,N
MAXALT,N
MAXALT-MLT,N
Naratriptan HCl,P
RELPAX,N
Rizatriptan Benzoate,P
Rizatriptan Benzoate Tablet Disperse,P
Sumatriptan Succinate,P
Zolmitriptan,P
ZOMIG,N
ZOMIG ZMT,N
Almotriptan,N
Frovatriptan,P
Zembrace,N
Eletriptan,P
Sumatriptan-naproxen,N
Kerendia,N
Calcium & Phosphorus w/ Vitamin D Tab 105 MG-81 MG-120 Unit,N
Calcium Carbonate,P
calcium carbonate-vitamin d tab,P
Ferrous Fumarate Tab 325 MG (106 MG Elemental Fe),P
Ferrous Gluconate Tab 324 MG (38 MG Elemental Iron),P
Ferrous Sulfate Elixir 220 MG/5ML (44 MG/5ML Elemental Fe),P
Ferrous Sulfate Soln 75 MG/ML (15 MG/ML Elemental Fe),P
Ferrous Sulfate Tab 325 MG (65 MG Elemental Fe),P
Iron Dextran,P
Magnesium Sulfate Inj 4%,P
Magnesium Sulfate Inj 50%,P
Magnesium Sulfate Inj 8%,P
Pot Phosphate Monobasic w/ Sod Phosphate Dibasic & Monobasic,P
Potassium Acetate Inj 2 mEq/ML,P
Potassium Chloride Inj 10 mEq/100 ML,P
Potassium Chloride Inj 10 mEq/50 ML,P
Potassium Chloride Inj 2 mEq/ML,P
Potassium Chloride Oral Liq 10% (20 MEQ/15ML),N
Potassium Chloride Oral Liq 20% (40 MEQ/15ML),N
Potassium Chloride Tab CR 10 mEq,P
Potassium Chloride Tab CR 8 mEq (600 MG),P
Potassium Chloride Tablet ER 20MEQ ER,P
Saline w/ Benzyl Alcohol,P
Sodium Acetate Inj 2 mEq/ML,P
Sodium Bicarbonate Inj 4.2%,P
Sodium Bicarbonate Inj 7.5%,P
Sodium Bicarbonate Inj 8.4%,P
Sodium Chloride Inj 0.45%,P
Sodium Chloride Inj 0.9%,P
Sodium Chloride Inj 3%,P
Sodium Chloride IV Soln 0.9%,P
Sodium Fluoride Chew Tab 0.25 MG F (from 0.55 MG NaF),P
Sodium Fluoride Chew Tab 0.5 MG F (from 1.1 MG NaF),P
Sodium Fluoride Chew Tab 1 MG F (from 2.2 MG NaF),P
Sodium Fluoride Soln 0.5 MG/ML F (from 1.1 MG/ML NaF),P
Sodium Phosphate Inj 3 MMole/ML,P
Trace Minerals (Cr-Cu-Mn-Se-Zn),P
potassium chloride cap er 10 meq,P
potassium chloride cap er 8 meq,P
Calcium citrate,P
Potassium iodide oral sol,P
Lidocaine HCl Viscous Soln 2%,P
Triamcinolone Acetonide Dental Paste 0.1%,P
Nystatin Susp 100000 Unit/ML,P
Chlorhexidine Gluconate Soln 0.12%,P
Ponvory,N
Bafiertam,N
Zeposia,N
Tascenso ODT,N
Kesimpta,P
TECFIDERA,N
Glatopa,P
Glatiramer,P
Mavenclad,N
Mayzent,N
Vumerity,N
Dimethyl fumarate,P
AVONEX,P
AVONEX PEN,P
BETASERON,P
EXTAVIA,N
PLEGRIDY,N
PLEGRIDY STARTER PACK,N
REBIF,P
REBIF REBIDOSE,P
REBIF REBIDOSE TITRATIONPACK,P
Teriflunomide,P
Fingolimod,P
AMPYRA,N
AUBAGIO,N
COPAXONE     INJ 40MG/ML,N
COPAXONE SOSY 20MG/ML,N
GILENYA,N
Dalfampridine er,P
Baclofen oral suspension,N
Cyclobenzaprine Caps,N
Fleqsuvy,N
AMRIX,N
Baclofen,P
Carisoprodol,N
Chlorzoxazone,P
Cyclobenzaprine HCl,P
DANTRIUM CAP,N
Dantrolene Sodium cap,N
FEXMID,N
Metaxalone,N
Methocarbamol tab,P
orphenadrine citrate er tab,P
ROBAXIN,N
SOMA,N
Tizanidine HCl,P
ZANAFLEX,N
Baclofen oral sol,N
Lyvispah,N
Evrysdi,N
Opvee,P
naloxone nasal,P
Naloxone nasal,P
naloxone injection solution,P
Naltrexone HCl,P
Zimhi,P
Nalmefene inj,N
Narcan,P
Kloxxado,P
Rextovy,P
Morphine rectal suppository,N
oxycodone oral concentrate,N
Levorphanol,N
Hydromorphone HCl Tab 4 MG,P
Acetaminophen w/ Codeine,P
ACTIQ,N
Buprenorphine hcl tablets,P
buprenorphine-naloxone sl tabs,P
Butalbital-Acetaminophen-Caff w/ COD Cap 50-300-40-30 MG,N
Butalbital-Acetaminophen-Caff w/ COD Cap 50-325-40-30 MG,P
Butalbital-Aspirin-Caffeine w/Cod,N
BUTRANS,N
Codeine Sulfate,P
DILAUDID,N
Fentanyl Citrate,N
FENTORA,N
FIORICET/CODEINE,N
Hydrocodone-Acetaminophen,P
Hydrocodone-Acetaminophen TABS 10-300MG,N
Hydrocodone-Acetaminophen TABS 5-300MG,N
Hydrocodone-Acetaminophen TABS 7.5-300,N
Hydrocodone-Ibuprofen,N
Hydromorphone HCl Tab 2 MG,P
Hydromorphone HCl Tab 8 MG,P
Meperidine HCl SOLN,N
meperidine hcl tab,N
Morphine Sulfate,P
Oxycodone HCl,P
Oxycodone w/ Acetaminophen Tab 10-325 MG,N
"Oxycodone w/ Acetaminophen Tab 5
-325 MG",P
Oxycodone w/ Acetaminophen TABS 2.5-325,P
Oxycodone w/ Acetaminophen TABS 7.5-325,N
Oxymorphone HCl,N
Pentazocine w/ Naloxone,N
ROXICODONE,N
Suboxone,N
ZUBSOLV,N
PRIMLEV,N
Belbuca,N
BUPRENORPHINE PATCH,N
Buprenorphine/naloxone sl film,N
oxycodone capsules,P
hydrocodone-acetaminophen oral solution,P
Seglentis,N
Tramadol oral sol,N
BUPRENEX,N
Buprenorphine HCl,N
Butorphanol Tartrate,P
CONZIP,N
Tramadol HCl,P
Tramadol HCl Tab SR 24HR Biphasic Release,N
Tramadol HCl Tablet ER 24HR,N
Tramadol-Acetaminophen,N
Tramadol 100mg,N
Tramadol 25mg,N
Hydrocodone er,N
Fentanyl 25mcg,P
HYSINGLA ER,N
Methadone HCl CONC,N
Methadone HCl SOLN,N
Methadone HCl Tab 10 MG,N
Methadone HCl Tab 5 MG,N
METHADOSE CON 10MG/ML,N
METHADOSE SF CON 10MG/ML,N
MORPHINE SUL CAP ER,N
MORPHINE SUL TAB ER,P
Morphine Sulfate,P
MS CONTIN,N
Oxycodone HCl ER,N
OXYCONTIN,N
Oxymorphone HCl,N
Fentanyl 50mcg,P
Fentanyl 75mcg,P
Fentanyl 100mcg,P
Fentanyl 12mcg,N
Fentanyl 37.5mcg,N
Fentanyl 62.5mcg,N
Fentanyl 87.5mcg,N
Azelastine/fluticasone spr,N
DYMISTA,N
Ryaltris,N
BECONASE AQ,N
Flunisolide (Nasal),N
Fluticasone Propionate (Nasal),P
OMNARIS,N
QNASL,N
ZETONNA,N
Mometasone nasal,N
Xhance,N
Austedo XR,P
pyridostigmine sol,N
Ergoloid Mesylates,P
MESTINON     SYP 60MG/5ML,P
MESTINON TABS,N
MESTINON TIMESPAN,N
NUEDEXTA,N
Pyridostigmine Bromide,P
Wainua,N
Pyridostigmine er,P
Tetrabenazine,P
Xenazine,N
Pimozide,N
Austedo,P
Ingrezza,P
Tegsedi,N
Firdapse,N
Nicardipine HCl cap,N
nicotine polacrilex gum 2mg,P
nicotine polacrilex lozenge 4mg,P
Nicotine TD Patch 24HR 14 MG/24HR,P
Nicotine TD Patch 24HR 21 MG/24HR,P
Nicotine TD Patch 24HR 7 MG/24HR,P
Nicotrol Inhaler,N
NICOTROL SOLN,N
nicotine polacrilex gum 4mg,P
nicotine polacrilex lozenge 2mg,P
NITRO-BID,P
Nitroglycerin,P
NITRO-DUR    DIS 0.1MG/HR,N
NITRO-DUR    DIS 0.2MG/HR,N
NITRO-DUR    DIS 0.3MG/HR,N
NITRO-DUR    DIS 0.4MG/HR,N
NITRO-DUR    DIS 0.6MG/HR,N
NITRO-DUR    DIS 0.8MG/HR,P
Nitroglycerin,P
Nitroglycerin,P
Nitroglycerin SOLN,N
NITROLINGUAL,N
NITROSTAT,P
GoNitro,N
Elyxyb,N
Diclofenac potassium caps,N
Naproxen sodium ER Tab 750mg,N
Licart,N
ARTHROTEC,N
DAYPRO,N
Diclofenac Potassium,P
Diclofenac Sodium,P
Diclofenac Sodium (Topical),N
Diclofenac Sodium Tablet ER 24HR,N
Diclofenac w/ Misoprostol,N
DUEXIS,N
Etodolac CAPS,N
Etodolac Tab 400 MG,P
Etodolac Tab 500 MG,P
Etodolac Tab SR 24HR 400 MG,N
Etodolac Tab SR 24HR 500 MG,N
Etodolac Tab SR 24HR 600 MG,N
FELDENE,N
Fenoprofen Calcium,N
FLECTOR,N
Flurbiprofen,P
Ibuprofen Susp 100 MG/5ML,N
Ibuprofen Susp 100 MG/5ML,P
Ibuprofen Tab 200 MG,P
Ibuprofen Tab 400 MG,P
Ibuprofen Tab 600 MG,P
Ibuprofen Tab 800 MG,P
Indomethacin cap,P
Indomethacin CPCR,N
Ketoprofen,P
Ketoprofen Capsule ER 24HR,N
Meclofenamate Sodium,N
Mefenamic Acid,N
NALFON,N
NAPRELAN,N
Naproxen,P
Naproxen Sodium Tab 550 MG,P
Naproxen Sodium TABS 275MG,N
Oxaprozin,N
PENNSAID,N
Piroxicam,N
Sulindac,P
Tolmetin Sodium,N
diclofenac gel 1%,P
Diclofenac powder packet,N
Diclofenac epolamine,N
naproxen oral suspension,N
Ibuprofen/famotidine,N
Bepotastine,N
Azelastine HCl (Ophth),P
BEPREVE,N
Epinastine HCl (Ophth),N
Zerviate,N
olopatadine (ophth),P
ALOCRIL,N
ALOMIDE,N
Cromolyn Sodium (Ophth),P
AZASITE,N
Bacitracin (Ophthalmic),N
Bacitracin-Polymyxin B (Ophth),P
Erythromycin (Ophth),P
Gentamicin Sulfate (Ophth),P
Neomycin-Bacitracin Zn-Polymyxin,N
Neomycin-Polymyxin-Gramicidin,N
Polymyxin B-Trimethoprim,P
Sulfacetamide Sodium (Ophth),N
Tobramycin (Ophth),P
TOBREX,N
Trifluridine,P
ZIRGAN,N
Difluprednate,N
ALREX,P
Bacitracin-Poly-Neomycin-HC,P
Dexamethasone Sodium Phosphate (Ophth),P
DUREZOL,N
FLAREX,P
Fluorometholone (Ophth),P
FML LIQUIFILM,N
LOTEMAX,N
MAXIDEX,P
MAXITROL,N
Neomycin-Polymy-Dexameth,P
Neomycin-Polymyxin-HC (Ophth),N
PRED FORTE,N
PRED MILD,P
Prednisolone Acetate (Ophth),P
Prednisolone Sodium Phosphate (Ophth),P
Sulfacetamide Sod-Prednisolone,P
TOBRADEX,P
TOBRADEX ST,N
Tobramycin-Dexamethasone,P
ZYLET,P
FML Forte,P
Eysuvis,N
loteprednol,N
Inveltys,N
Betaxolol HCl (Ophth),N
BETIMOL,N
BETOPTIC-S,P
Carteolol HCl (Ophth),P
ISTALOL,N
Levobunolol HCl,P
Timolol Maleate Ophth Gel Forming Soln 0.25%,N
Timolol Maleate Ophth Gel Forming Soln 0.5%,N
Timolol Maleate Ophth Soln 0.25%,P
Timolol Maleate Ophth Soln 0.5%,P
TIMOPTIC,N
TIMOPTIC-XE,N
Timolol maleate ophthalmic solution (once daily),N
Timolol maleate pf op soln,N
Brimonidine/timolol,N
AZOPT,N
COMBIGAN,P
COSOPT,N
COSOPT PF,N
Dorzolamide HCl,P
Dorzolamide HCl-Timolol Maleate,P
Dorzolamide/timolol pf,N
Brinzolamide,N
Atropine Sulfate (Ophthalmic),P
CYCLOGYL,N
CYCLOMYDRIL,N
Cyclopentolate HCl,P
MYDRIACYL,N
Tropicamide,P
Vuity,N
PHOSPHOLINE IODIDE,P
Pilocarpine HCl,P
Miebo,N
Cyclosporine opth emulsion,N
Cystadrops,N
ALCAINE,N
Artificial Tear Ointment,P
Artificial Tear Solution,P
CYSTARAN,N
Phenylephrine HCl (Ophth),P
Proparacaine HCl,P
RESTASIS,P
Sodium Chloride Hypertonic Ophth Oint 5%,P
Sodium Chloride Hypertonic Ophth Soln 5%,P
Tetracaine HCl (Ophth),P
Xdemvy,N
Tyrvaya,N
Xiidra,P
Verkazia,N
Cequa,N
Oxervate,N
Vevye,N
ACULAR,N
ACUVAIL,N
Bromfenac Sodium (Ophth),N
Diclofenac Sodium (Ophth),P
Flurbiprofen Sodium,P
ILEVRO,N
Ketorolac Tromethamine (Ophth),P
NEVANAC,P
PROLENSA,N
Bromsite,N
Iyuzeh,N
Travoprost,N
Latanoprost,P
LUMIGAN,N
TRAVATAN Z,P
XALATAN,N
ZIOPTAN,N
Tafluprost,N
BIMATOPROST,N
Vyzulta,N
Xelpros,N
BESIVANCE,N
CILOXAN      OIN 0.3% OP,N
Ciprofloxacin HCl (Ophth),P
OCUFLOX,N
Ofloxacin (Ophth),N
Gatifloxacin (Ophth),N
VIGAMOX,N
ZYMAXID,N
Moxifloxacin ophthalmic solution,P
Rhopressa,N
Rocklatan,N
Brimonidine tartrate ophth soln 0.1%,N
ALPHAGAN P   SOL 0.1%,P
ALPHAGAN P SOLN 0.15%,P
Apraclonidine HCl,N
Brimonidine Tartrate Ophth Soln 0.2%,P
Brimonidine Tartrate SOLN 0.15%,N
IOPIDINE,N
SIMBRINZA,P
Lofexidine,N
Lucemyra,N
Teriparatide,N
ACTONEL,N
Alendronate Sodium,P
Alendronate Sodium SOLN,N
ATELVIA,N
BINOSTO,N
Calcitonin (Salmon),P
EVISTA,N
FORTEO,N
FOSAMAX      TAB 70MG,N
Ibandronate Sodium,N
MIACALCIN    INJ 200/ML,N
Raloxifene HCl,N
Risedronate,N
Tymlos,N
Methylergonovine Maleate tab,P
Benztropine Mesylate Inj 1 MG/ML,P
Benztropine Mesylate Tab 0.5 MG,P
Benztropine Mesylate Tab 1 MG,P
Benztropine Mesylate Tab 2 MG,P
Trihexyphenidyl HCl,P
Ongentys,P
COMTAN,N
Entacapone,P
TASMAR,N
TOLCAPONE,N
Apomorphine,N
Kynmobi,N
APOKYN,N
NEUPRO,N
Pramipexole Dihydrochloride,P
Pramipexole Dihydrochloride Tablet ER 24HR,N
Ropinirole Hydrochloride,P
Ropinirole Hydrochloride Tablet ER 24HR,N
KUVAN,N
Palynziq,N
Sapropterin,N
sevelamer hcl,N
Calcium Acetate Tablets (Phosphate Binder),P
FOSRENOL,N
RENVELA,N
Sevelamer carbonate Tablets,P
VELPHORO,N
AURYXIA,N
Lanthanum,N
Calcium Acetate Capsules (Phosphate Binder),P
Renvela Pak,N
Sevelamer carbonate Pak,N
Renagel,N
Ohtuvayre,N
Roflumilst,P
DALIRESP,N
Milrinone in Dextrose,N
Milrinone Lactate,N
AGRYLIN,N
Anagrelide HCl,P
Cilostazol,P
Pentoxifylline,P
Asa/dipyridamole,N
BRILINTA,P
Clopidogrel Bisulfate,P
Clopidogrel Bisulfate TABS 300MG,N
Dipyridamole tab,P
EFFIENT,N
PLAVIX,N
Prasugrel,P
Betaine anhydrous,N
Cystadane,P
Metronidazole Powder,P
Progesterone Micronized Powder,P
Progesterone Powder,P
Droxidopa,N
Northera,N
Midodrine HCl,P
Zokinvy,N
megestrol acetate,P
AYGESTIN,N
Medroxyprogesterone Acetate,P
Norethindrone Acetate Tab 5 MG,P
Progesterone IM in Oil 50 MG/ML,N
Progesterone Micronized,N
PROMETRIUM,N
PROVERA,N
Chlordiazepoxide-Amitriptyline,P
Olanzapine-Fluoxetine HCl,N
Perphenazine-Amitriptyline,P
SYMBYAX,N
Liqrev,N
Tadliq,N
ADCIRCA,N
ADEMPAS,N
Epoprostenol Sodium,P
FLOLAN,N
ORENITRAM,N
REMODULIN,N
Revatio,N
REVATIO SUSR,N
Sildenafil Citrate (Pulmonary Hypertension),P
TYVASO,N
VELETRI,N
VENTAVIS,N
Uptravi,N
Tadalafil,P
Treprostinil,N
Sildenafil oral suspension,N
Opsynvi,N
Winrevair,N
LETAIRIS,N
OPSUMIT,N
TRACLEER tablet,N
Tracleer soluble tablet,N
Ambrisentan,P
Bosentan,P
AZASAN,P
Azathioprine,P
IMURAN,N
Pyrukynd,N
HORIZANT,N
ARAVA,N
Leflunomide,P
SYNAGIS,P
Phenobarbital,P
Phenobarbital Sodium,N
Estazolam,P
HALCION,N
Midazolam HCl,P
Midazolam HCl SYRP,P
RESTORIL,N
Temazepam Cap 15 MG,P
Temazepam Cap 30 MG,P
Temazepam CAPS 22.5MG,N
Temazepam CAPS 7.5MG,N
Triazolam,N
Zolpidem Cap,N
Dayvigo,N
AMBIEN,N
AMBIEN CR,N
BELSOMRA,N
EDLUAR,N
Eszopiclone,P
HETLIOZ,N
LUNESTA,N
ROZEREM,N
Zaleplon,P
Zolpidem Tartrate tabs,P
Zolpidem Tartrate Tablet ER,N
ZOLPIMIST,N
Quviviq,N
Tasimelteon,N
Zolpidem SL Tabs,N
Ramelteon,N
Inpefa,N
Siklos,N
CORLANOR,N
Ivabradine,N
Lupkynis,N
Benlysta,N
Varenicline,P
Bupropion HCl (Smoking Deterrent),P
CHANTIX,P
Bynfezia,N
Octreotide Acetate,P
SANDOSTATIN,P
SIGNIFOR,N
SOMAVERT,N
Mycapssa,N
Xelstrym,N
Dyanavel XR Chew Tablets,N
Methamphetamine HCl,N
PROCENTRA,P
EVEKEO,N
Adzenys XR ODT,N
Dyanavel XR Suspension,P
Amphetamine Sulfate Tablets,N
Sunosi,P
Lisdexamfetamine,N
Amphetamine-dextroamphetamine 3- Bead Cap ER,N
ADDERALL XR,N
Amphetamine-Dextroamphetamine ER,P
DEXEDRINE,N
Dextroamphetamine Sulfate ER,P
VYVANSE,N
Mydayis,N
Dextroamphetamine Sulfate 5mg & 10mg,P
ADDERALL,N
Amphetamine-Dextroamphetamine,P
Dextroamphetamine Sulfate 5mg & 10mg,P
dextroamphetamine sulfate,N
Zenzedi,N
Azstarys,N
methylphenidate patch,N
Dexmethylphenidate HCl,P
FOCALIN,N
Methylphenidate HCl,P
RITALIN,N
Methylin oral solution,N
Methylphenidate oral solution,P
methylphenidate chew,N
Relexxii,N
Methylphenidate Cap ER (XR),N
Methylphenidate er 63mg tablets,N
Methylphenidate er 45mg tablets,N
CONCERTA,P
DAYTRANA,N
dexmethylphenidate er,P
FOCALIN XR,P
Methylphenidate HCl ER Capsule (cd),P
methylphenidate hcl tab sa osm,P
Methylphenidate HCl Tablet ER 10MG,P
METHYLPHENIDATE TAB 20MG CR,P
QUILLIVANT XR,P
RITALIN LA,N
Aptensio XR,N
Quillichew ER,P
methylphenidate hcl er capsule (la),P
Cotempla,N
Methylphenidate er 72mg tablets,N
Jornay PM,N
Qelbree,P
Clonidine HCl (ADHD),P
INTUNIV,N
Modafinil,P
NUVIGIL,N
PROVIGIL,N
STRATTERA,N
Onyda XR,N
Guanfacine er,P
Armodafinil,P
atomoxetine,P
minocycline cap,P
Doxycycline Hyclate,N
VIBRAMYCIN   CAP 100MG,N
VIBRAMYCIN SUSR,N
Demeclocycline HCl,N
DORYX,N
Doxycycline (Monohydrate),N
Doxycycline (Monohydrate) CAPS 100MG,P
Doxycycline (Monohydrate) CAPS 50MG,P
Doxycycline Hyclate TBEC,N
minocycline hcl tab,N
Minocycline HCl Tablet ER 24HR,N
SOLODYN,N
Tetracycline HCl,N
Nuzyra,N
Adthyza,N
Thyquidity,N
ARMOUR THYROID,P
CYTOMEL,P
Levothyroxine Sodium Tab,P
Liothyronine tabs,P
SYNTHROID,N
Ermeza Oral Solution,P
Levothyroxine capsules,N
Niva Thyroid,P
NP Thyroid,P
ACTIVASE,P
CATHFLO ACTIVASE,P
clindamycin phosphate foam,N
Clindamycin phosphate-benzoyl peroxide 1.2-2.5%,P
clindamycin phosphate-benzoyl peroxide 1.2-5%,N
"adapalene/benzoyl peroxide 0.3-
2.5%",N
Adapalene/benzoyl peroxide pads 0.1-2.5%,N
ACANYA,N
BENZAMYCIN,N
Benzoyl Peroxide,P
Benzoyl Peroxide-Erythromycin,N
CLEOCIN-T,N
CLINDAGEL,N
Clindamycin Phosphate (Topical),P
Clindamycin Phosphate-Benzoyl Peroxide 1-5%,P
Erythromycin (Acne Aid),P
FINACEA,N
KLARON,N
Metronidazole (Topical) LOTN,N
Metronidazole Cream 0.75%,P
Metronidazole Gel,N
NORITATE,N
Sulfacetamide Sodium (Acne),N
Sulfacetamide Sodium w/ Sulfur,N
SUMAXIN,N
ZIANA,N
Winlevi,N
Adapalene cream,N
Adapalene gel 0.3%,P
Onexton,N
Clindamycin phosphate-tretinoin,N
"Adapalene/benzoyl peroxide 0.1-
2.5% gel",P
Dapsone gel,N
Azelaic acid gel 15%,N
Ivermectin cream,N
Cabtreo,N
Bacitracin (Topical),P
CENTANY AT,N
Gentamicin Sulfate (Topical),P
Mupirocin Calcium Cream 2%,N
Mupirocin Oint,P
Neomycin-Bacitracin-Polymyxin,P
Tavaborole,N
Ciclopirox Gel 0.77%,N
Ciclopirox Olamine,P
Ciclopirox Shampoo 1%,N
Ciclopirox Solution 8%,P
Clotrimazole (Topical),P
Clotrimazole w/ Betamethasone,P
Econazole Nitrate,N
ERTACZO,N
EXELDERM,N
JUBLIA,N
Ketoconazole (Topical),P
Ketoconazole (Topical) FOAM,N
LOPROX SHAMPOO,N
Miconazole Nitrate Cream 2%,P
NAFTIN,N
Nystatin Cream 100000 Unit/GM,N
Nystatin Oint 100000 Unit/GM,P
Nystatin-Triamcinolone,N
OXISTAT,N
Tolnaftate,P
VUSION,N
Naftifine,N
Luliconazole,N
Luzu,N
Miconazole-zinc oxide-white petrolatum ointment,N
CARAC,N
Diclofenac Sodium (Actinic Keratoses),N
EFUDEX,P
Fluorouracil Cream 5%,N
Fluorouracil Soln 2%,P
Fluorouracil Soln 5%,P
Valchlor,N
PRUDOXIN,N
ZONALON,N
doxepin cream,P
Selenium Sulfide,P
Selenium Sulfide-Pyrithione Zinc in Urea Vehicle,P
Sulfacetamide Sodium Liquid 10%,P
Acyclovir Topical,N
DENAVIR,N
XERESE,N
ZOVIRAX      CRE 5%,N
ZOVIRAX      OIN 5%,N
Penciclovir cream,N
XERAC AC,P
SILVADENE,N
Silver Sulfadiazine,P
SULFAMYLON,N
Mafenide Acetate,N
Silver Nitrate,P
Amcinonide Cream 0.1%,N
Betamethasone Dipropionate (Topical) OINT,P
Betamethasone Dipropionate Cream 0.05%,P
Clobetasol Propionate,P
Clobetasol Propionate Emollient Base,P
Clobetasol Propionate Emulsion FOAM,P
Desoximetasone,N
Diflorasone Diacetate Cream 0.05%,N
Diflorasone Diacetate Oint 0.05%,N
DIPROLENE OINT,N
Fluocinonide Cream 0.05%,P
Fluocinonide Cream 0.1%,N
Fluocinonide Emulsified Base,P
Fluocinonide Gel 0.05%,P
Fluocinonide Oint 0.05%,P
Fluocinonide Soln 0.05%,P
Halobetasol Propionate,N
HALOG,N
OLUX,N
TOPICORT,N
ULTRAVATE,N
VANOS,N
Clobetasol Propionate Gel,N
Clobetasol Propionate Shampoo,P
Clobetasol Propionate Lotion,P
Clobetasol Propionate Spray,N
Bryhali Lotion,N
Lexette Foam,N
Halcinonide,N
Alclometasone Dipropionate,N
Desonide,N
Hydrocortisone Cream 1%,P
Hydrocortisone Cream 2.5%,P
Hydrocortisone Lotion 2.5%,P
Hydrocortisone Oint 1%,P
Hydrocortisone Oint 2.5%,P
Hydrocortisone Valerate,N
TEXACORT,N
Hydroxym,N
Betamethasone Dipropionate (Topical) LOTN,N
Betamethasone Valerate,P
Betamethasone Valerate FOAM,N
CLODERM,N
DERMA-SMOOTHE/FS BODY,N
DERMA-SMOOTHE/FS SCALP,N
Fluocinolone Acetonide,N
Fluocinolone Acetonide Oil 0.01% (Body Oil),P
Fluocinolone Acetonide Oil 0.01% (Scalp Oil),P
Fluticasone Propionate,P
Fluticasone Propionate LOTN,N
Hydrocortisone Butyrate,N
KENALOG,N
Mometasone Furoate,P
Prednicarbate,N
Triamcinolone Acetonide (Topical),P
Triamcinolone Acetonide (Topical) LOTN,P
Flurandrenolide,N
Clocortolone,N
Lactic Acid (Ammonium Lactate) Cream 12%,N
Lactic Acid (Ammonium Lactate) Lotion 12%,P
Urea Cream,N
Urea foam,N
Urea Lotion 40%,P
PODOCON 25,N
Salicylic Acid Shampoo 6%,P
Salicylic Acid Soln 26%,P
CONDYLOX,N
Imiquimod,P
Podofilox,N
VEREGEN,P
ZYCLARA,N
ZYCLARA PUMP,N
Imiquimod 3.75%,N
ELIDEL,P
PROTOPIC,N
Tacrolimus (Topical),P
Hyftor Gel,N
Pimecrolimus,N
Lydexa,N
Lidocaine HCl Cream 3%,P
Lidocaine HCl Local Inj 1%,P
Lidocaine HCl Local Inj 1.5%,P
Lidocaine HCl Local Inj 2%,P
Lidocaine HCl Local Inj 4%,P
Lidocaine HCl Local Preservative Free (PF) Inj 0.5%,P
Lidocaine HCl Local Preservative Free (PF) Inj 1%,P
Lidocaine HCl Local Preservative Free (PF) Inj 2%,P
Lidocaine HCl Lotion 3%,P
Lidocaine HCl Soln 4%,P
Lidocaine Oint 5%,P
Lidocaine-Prilocaine,P
LIDODERM,N
lidocaine patch,P
Ztlido,N
EURAX,N
Malathion,N
NATROBA,P
OVIDE,N
Permethrin Cream 5%,P
Permethrin Lotion 1%,P
Pyrethrins-Piperonyl Butoxide,P
Spinosad,N
Ivermectin lotion,N
Crotan,N
Calcipotriene-Betamethasone Dipropionate,N
TACLONEX,N
Enstilar,N
Duobrii,N
EPIFOAM,N
Arazlo,N
ATRALIN,N
FABIOR,N
RETIN-A,P
RETIN-A MICRO,N
RETIN-A MICRO PUMP,N
Tretinoin,N
Tretinoin Microsphere,N
Altreno Lotion,N
Filsuvez,N
Carbaglu,P
BUPHENYL,P
RAVICTI,N
Pheburane Pellet,N
Sodium phenylbutyrate,N
Carglumic acid,N
Olpruva,N
Acetic Acid,P
CYSTAGON,N
ELMIRON,N
HIPREX,N
K-PHOS       TAB NO 2,P
LITHOSTAT,N
MACROBID,N
MACRODANTIN,N
Methenamine Hippurate,N
Methenamine Mandelate,P
Methenamine-Hyosc-Methylene Blue-Sod Phos-Phenyl Sal,N
Neomycin/Polymyxin B GU,P
Nitrofurantoin Macrocrystal 25MG,N
Nitrofurantoin Monohyd Macro,P
Nitrofurantoin Suspension 25mg/5ml,P
ORACIT,P
Phenazopyridine HCl,P
Potassium Citrate (Alkalinizer),P
PROCYSBI,N
Sodium Chloride (GU Irrigant),P
Sodium Citrate & Citric Acid,P
THIOLA,N
UROCIT,P
Nitrofurantoin Macrocrystal 50MG,P
Nitrofurantoin Macrocrystal 100MG,P
Tiopronin,N
Nitrofurantoin suspension 50mg/5ml,N
Miconazole Nitrate Vaginal Cream 2%,P
Miconazole Nitrate Vaginal Suppos 100 MG,P
Terconazole Vaginal Cream 0.4%,P
Terconazole Vaginal Cream 0.8%,P
Terconazole Vaginal Suppos 80 MG,N
Clotrimazole vaginal cream 1%,P
CLINDESSE,N
CLEOCIN      CRE 2% VAG,P
CLEOCIN      SUP 100MG,P
Clindamycin Phosphate Vaginal,P
Metronidazole Vaginal,P
NUVESSA,N
Xaciato Gel,P
Vandazole,P
ESTRACE,N
ESTRING,N
FEMRING,N
PREMARIN,P
VAGIFEM,N
Yuvafem,N
Estradiol vaginal cream,N
DDAVP        INJ 4MCG/ML,N
DDAVP TABS,N
Desmopressin Acetate,P
Desmopressin Acetate Spray,P
Desmopressin Acetate Spray Refrigerated,P
SAMSCA,N
Tolvaptan,N
Jynarque,N
Nocdurna,N
Cyanocobalamin Inj 1000 MCG/ML,P
Cyanocobalamin Tab 1000 MCG,N
Cyanocobalamin Tab CR 1000 MCG,N
Ergocalciferol Soln 8000 Unit/ML,N
Folic Acid Tab 1 MG,P
Niacin Tab 100 MG,N
Niacin Tab 250 MG,N
Niacin Tab 50 MG,N
Niacin Tab 500 MG,N
Phytonadione,P
Thiamine HCl,P
Ergocalciferol 50000 Unit,N
Cholecalciferol Tab 50000 Unit,N
Thiamine hcl tab,P
Vitamin C,P
Cholecalciferol cap 10000 unit,P
Cholecalciferol,P
Cyanocobalamin spray,N
B-Complex w/ C & Folic Acid Tab 1 MG,N
AQUADEKS,P
DIALYVITE/   TAB ZINC,P
Ferrous Fumarate w/ B12-Vit C-FA- IFC,P
NEPHPLEX RX,P
Pediatric Multiple Vitamin w/ Minerals & C,P
PRENATAL VIT TAB PLUS,P
SE-NATAL 19 CHEW TABLET,P
TRINATAL RX 1,P
Se-natal 19 tab,P
M-natal plus tab,P
Dekas,P
B-Complex w/ C & Folic Acid Tab 0.8 MG,N
Complete Natal DHA,P
Niva-plus tablet,P
Virt-Nate tablet,P
Thrivite RX tablet,P
Completenate tablet,P
MYLERAN,R
ZYTIGA,NR
Yonsa,NR
Abiraterone,NR
LYSODREN,R
Bicalutamide,R
CASODEX,NR
Flutamide,NR
XTANDI,R
Erleada,R
Nubeqa,NR
FARESTON,P
SOLTAMOX,NR
Tamoxifen Citrate,R
Toremifene,N
Orserdu,NR
Onureg,NR
Jylamvo,N
Capecitabine,P
ERIVEDGE,NR
Mercaptopurine,P
Methotrexate Sodium,P
TABLOID,R
TREXALL,N
XELODA,N
Odomzo,NR
Xatmep,N
Purixan,N
Daurismo,NR
Anastrozole,R
ARIMIDEX,NR
AROMASIN,N
Exemestane,P
FEMARA,N
Letrozole,P
Venclexta,NR
Xpovio,NR
Akeega,NR
Inqovi,NR
Lonsurf,NR
Kisqali Pak Femara,R
EMCYT,R
Leucovorin Calcium,R
Temozolomide,P
Leuprolide Acetate,NR
Krazati,NR
Augtyro,NR
Lumakras,NR
Truseltiq,NR
Orgovyx,NR
Besremi,R
Lenalidomide,N
Welireg,NR
Lytgobi,NR
Rezlidhia,NR
Pemazyre,NR
Tazverik,NR
DROXIA,NR
HYDREA,N
Hydroxyurea,P
ICLUSIG,NR
MATULANE,R
POMALYST,NR
REVLIMID,P
Joenja,N
Idhifa,NR
Tibsovo,R
Balversa,NR
Vitrakvi,NR
Rozlytrek,NR
Iwilfin,NR
Cyclophosphamide,NR
Leukeran tabs,R
Melphalan tabs,NR
LYNPARZA,NR
Rubraca,NR
zejula,NR
Talzenna,NR
DEPO-PROVERA,R
Megestrol Acetate,R
Jaypirca,NR
Gefitinib,N
Vanflyta,NR
Iressa,P
Fotivda,NR
Sunitinib,N
Tepmetko,NR
Vonjo,NR
Scemblix,NR
Exkivity,NR
Qinlock,NR
Retevmo,NR
Lapatinib,N
Gavreto,NR
Everolimus,P
Sorafenib,N
Ojjaara,NR
Ayvakit,NR
Brukinsa,NR
Koselugo,NR
Tabrecta,NR
Tukysa,NR
AFINITOR,N
BOSULIF,NR
CAPRELSA,R
COMETRIQ,NR
GILOTRIF,NR
GLEEVEC,N
IMBRUVICA,NR
INLYTA,NR
JAKAFI,R
MEKINIST,NR
NEXAVAR,P
SPRYCEL,P
STIVARGA,NR
SUTENT,P
TAFINLAR,NR
TARCEVA,N
TASIGNA,R
TYKERB,NR
VOTRIENT,P
XALKORI,NR
ZELBORAF,NR
ZOLINZA,NR
ZYDELIG,NR
ZYKADIA,NR
IBRANCE,R
Lenvima,NR
Alecensa,NR
Cotellic,NR
Ninlaro,NR
Tagrisso,NR
Imatinib,P
Cabometyx,NR
kisqali,R
Alunbrig,NR
Rydapt,NR
Calquence,NR
Nerlynx,NR
Verzenio,R
Braftovi,NR
Copiktra,NR
Lorbrena,NR
Mektovi,NR
Vizimpro,NR
Xospata,NR
erlotinib,P
Inrebic,NR
Piqray,NR
Turalio,NR
Fruzaqla,NR
Truqap,NR
Pazopanib,N
Ogsiveo,NR
Ojemda,NR
Lazcluze,NR
Voranigo,NR
Dasatinib,N
Tretinoin (chemotherapy),R
Bexarotene Gel,N
Targretin gel,P
TARGRETIN Cap,N
bexarotene Cap,P
Hycamtin cap,R
TYBOST,NR
Efavirenz-lamivudine-tenofovir,N
ATRIPLA,N
TRUVADA,N
COMPLERA,P
KALETRA,N
Lamivudine-Zidovudine,P
STRIBILD,N
TRIUMEQ,P
EVOTAZ,P
PREZCOBIX,P
Genvoya,P
Descovy,P
Odefsey,P
Abacavir-lamivudine,P
Lopinavir-ritonavir,P
Efavirenz/emtricitabine/tenofovir,P
Juluca,N
Emtricitabine/tenofovir,P
Biktarvy,P
Cimduo,P
Symfi Lo,P
Symfi,P
Symtuza,N
Delstrigo,P
Dovato,P
Maraviroc,N
SELZENTRY,P
FUZEON,NR
Rukobia,NR
ISENTRESS    CHW 100MG,P
ISENTRESS    CHW 25MG,P
ISENTRESS TABS,P
TIVICAY,P
Sunlenca tabs,NR
Isentress HD,N
Darunavir,P
PREZISTA,N
APTIVUS,NR
INVIRASE,NR
NORVIR TABS,N
REYATAZ,N
VIRACEPT,NR
Atazanavir,P
Fosamprenavir,N
Norvir oral powder packets,R
Ritonavir,P
EDURANT,P
INTELENCE,NR
Nevirapine,NR
Nevirapine SUSP,NR
VIRAMUNE XR,NR
Efavirenz,P
Pifeltro,NR
Etravirine,N
Abacavir Sulfate,P
Didanosine,NR
ZIAGEN,N
EMTRIVA,P
EPIVIR,N
Lamivudine,P
RETROVIR,NR
Stavudine,N
Zidovudine,NR
VIREAD,P
Emtricitabine,N
Tenofovir,P
Viread 300mg tablets,N
