therapeutic_class,pdl_name,status
ANTIEMETIC / ANTIVERTIGO AGENTS,APREPITANT CAPSULE (not PACK) (ORAL),Preferred
ANTIEMETIC / ANTIVERTIGO AGENTS,BONJESTA ER TABLET (ORAL),Preferred
ANTIEMETIC / ANTIVERTIGO AGENTS,DICLEGIS TABLET (ORAL),Preferred
ANTIEMETIC / ANTIVERTIGO AGENTS,DRONABINOL CAPSULE (ORAL),Preferred
ANTIEMETIC / ANTIVERTIGO AGENTS,EMEND 80 MG CAPSULE (not TRIPACK) (ORAL),Preferred
ANTIEMETIC / ANTIVERTIGO AGENTS,ONDANSETRON ODT (4MG & 8MG only) (ORAL),Preferred
ANTIEMETIC / ANTIVERTIGO AGENTS,"ONDANSETRON SOLUTION, TABLET (ORAL)",Preferred
ANTIEMETIC / ANTIVERTIGO AGENTS,TRANSDERM-SCOP PATCH (TRANSDERM),Preferred
"ANTIFUNGALS, ORAL",CLOTRIMAZOLE 10 MG TROCHE (MUCOUS MEM),Preferred
"ANTIFUNGALS, ORAL","FLUCONAZOLE SUSPENSION, TABLET (ORAL)",Preferred
"ANTIFUNGALS, ORAL",GRISEOFULVIN SUSPENSION (not TABLET) (ORAL),Preferred
"ANTIFUNGALS, ORAL",NYSTATIN SUSPENSION (not TABLET) (ORAL),Preferred
"ANTIFUNGALS, ORAL",POSACONAZOLE DR TABLET (ORAL),Preferred
"ANTIFUNGALS, ORAL",TERBINAFINE TABLET (ORAL),Preferred
"ANTIFUNGALS, TOPICAL",CICLOPIROX 0.77% CREAM (not GEL) (TOPICAL),Preferred
"ANTIFUNGALS, TOPICAL",CLOTRIMAZOLE 1% SOLUTION (TOPICAL),Preferred
"ANTIFUNGALS, TOPICAL",CLOTRIMAZOLE-BETAMETHASONE CREAM (not LOTION) (TO,Preferred
"ANTIFUNGALS, TOPICAL",KETOCONAZOLE 2% CREAM (not FOAM) (TOPICAL),Preferred
"ANTIFUNGALS, TOPICAL",KETOCONAZOLE 2% SHAMPOO (TOPICAL),Preferred
"ANTIFUNGALS, TOPICAL",MICONAZOLE 2% CREAM (OTC) (TOPICAL),Preferred
"ANTIFUNGALS, TOPICAL",MICONAZOLE 2% POWDER (OTC) (TOPICAL),Preferred
"ANTIFUNGALS, TOPICAL","NYSTATIN CREAM, OINTMENT, POWDER (TOPICAL)",Preferred
"ANTIFUNGALS, TOPICAL","NYSTATIN-TRIAMCINOLONE CREAM, OINTMENT (TOPICAL)",Preferred
"ANTIHISTAMINES, MINIMALLY SEDATING",CETIRIZINE SOFTGEL (OTC) (ORAL)*,Preferred
"ANTIHISTAMINES, MINIMALLY SEDATING",CETIRIZINE TABLET (OTC) (not CHEWABLE) (ORAL),Preferred
"ANTIHISTAMINES, MINIMALLY SEDATING","CETIRIZINE SOLUTION, SYRUP (not CUP) (RX & OTC) (ORAL)",Preferred
"ANTIHISTAMINES, MINIMALLY SEDATING",CETIRIZINE-PSE ER TABLET (OTC) (ORAL),Preferred
"ANTIHISTAMINES, MINIMALLY SEDATING",FEXOFENADINE 30 MG/5 ML SUSP (OTC) (ORAL),Preferred
"ANTIHISTAMINES, MINIMALLY SEDATING",FEXOFENADINE-PSE 12H 60-120MG TABLET (OTC) (ORAL),Preferred
"ANTIHISTAMINES, MINIMALLY SEDATING",LEVOCETIRIZINE TABLETS (RX & OTC) (ORAL),Preferred
"ANTIHISTAMINES, MINIMALLY SEDATING","LORATADINE SOLUTION, SYRUP (OTC) (ORAL)",Preferred
"ANTIHISTAMINES, MINIMALLY SEDATING",LORATADINE OTC TABLET (not ODT or CHEW) (ORAL),Preferred
"ANTIHYPERTENSIVES, SYMPATHOLYTICS",CLONIDINE PATCH (TRANSDERM),Preferred
"ANTIHYPERTENSIVES, SYMPATHOLYTICS",CLONIDINE TABLET (not ER 0.17 MG) (ORAL),Preferred
"ANTIHYPERTENSIVES, SYMPATHOLYTICS",GUANFACINE TABLET (ORAL),Preferred
"ANTIHYPERTENSIVES, SYMPATHOLYTICS",METHYLDOPA TABLET (ORAL),Preferred
ANTIHYPERURICEMICS,ALLOPURINOL TABLET (not 200MG) (ORAL),Preferred
ANTIHYPERURICEMICS,COLCHICINE TABLET (not CAPSULE) (ORAL),Preferred
ANTIHYPERURICEMICS,FEBUXOSTAT TABLET (ORAL),Preferred
ANTIHYPERURICEMICS,PROBENECID TABLET (ORAL),Preferred
ANTIHYPERURICEMICS,PROBENECID / COLCHICINE TABLET (ORAL),Preferred
"ANTIMIGRAINE AGENTS, OTHER","AJOVY AUTOINJECT, SYRINGE (SUBCUTANEOUS)",Preferred
"ANTIMIGRAINE AGENTS, OTHER",EMGALITY 120 MG/ML PEN (SUBCUTANEOUS),Preferred
"ANTIMIGRAINE AGENTS, OTHER",EMGALITY 120MG SYRINGE (not 100 MG) (SUBCUTANEOUS),Preferred
"ANTIMIGRAINE AGENTS, OTHER",NURTEC ODT (ORAL),Preferred
"ANTIMIGRAINE AGENTS, OTHER",UBRELVY TABLET (ORAL),Preferred
COLONY STIMULATING FACTORS,FYLNETRA SYRINGE (SUBCUTANEOUS),Preferred
COLONY STIMULATING FACTORS,"NEUPOGEN DISP SYRINGE, VIAL (INJECTION)",Preferred
"CONTRACEPTIVES, ORAL",ELLA 30 MG TABLET (ORAL),Preferred
"CONTRACEPTIVES, ORAL",OPCICON ONE-STEP 1.5 MG TABLET (ORAL),Preferred
"CONTRACEPTIVES, ORAL",ALTAVERA-28 TABLET (ORAL),Preferred
"CONTRACEPTIVES, ORAL",ALYACEN 1-35 28 TABLET (ORAL),Preferred
"CONTRACEPTIVES, ORAL",AMETHIA 0.15-0.03-0.01 MG TABLET (ORAL),Preferred
"CONTRACEPTIVES, ORAL",APRI 28 DAY TABLET (ORAL),Preferred
"CONTRACEPTIVES, ORAL",ASHLYNA 0.15-0.03-0.01 MG TABLET (ORAL),Preferred
"CONTRACEPTIVES, ORAL",AUBRA-28 TABLET (ORAL),Preferred
"CONTRACEPTIVES, ORAL",AUROVELA 1 MG-20 MCG TABLET (ORAL),Preferred
"CONTRACEPTIVES, ORAL",AUROVELA 21 1.5-30 TABLET (ORAL),Preferred
"CONTRACEPTIVES, ORAL",AUROVELA FE 1.5 MG-30 MCG TABLET (ORAL),Preferred
"CONTRACEPTIVES, ORAL",AUROVELA FE 1-20 TABLET (ORAL),Preferred
"CONTRACEPTIVES, ORAL",AVIANE-28 TABLET (ORAL),Preferred
"CONTRACEPTIVES, ORAL",BLISOVI FE 1.5-30 TABLET (ORAL),Preferred
"CONTRACEPTIVES, ORAL",BLISOVI FE 1-20 TABLET (ORAL),Preferred
"CONTRACEPTIVES, ORAL",CAMILA 0.35 MG TABLET (ORAL),Preferred
"CONTRACEPTIVES, ORAL",CAMRESE 0.15-0.03-0.01 MG TABLET (ORAL),Preferred
"CONTRACEPTIVES, ORAL",CAMRESE LO TABLET (ORAL),Preferred
"CONTRACEPTIVES, ORAL",CHARLOTTE 24 FE CHEWABLE TABLET (ORAL),Preferred
"CONTRACEPTIVES, ORAL",CHATEAL-28 TABLET (ORAL),Preferred
"CONTRACEPTIVES, ORAL",DASETTA 1-35-28 TABLET (ORAL),Preferred
"CONTRACEPTIVES, ORAL",DAYSEE 0.15-0.03-0.01 MG TABLET (ORAL),Preferred
"CONTRACEPTIVES, ORAL",DEBLITANE 0.35 MG TABLET (ORAL),Preferred
"CONTRACEPTIVES, ORAL",DESOGESTREL-EE 0.15-0.03 MG TB,Preferred
"CONTRACEPTIVES, ORAL",DESOGESTR-ETH ESTRAD ETH ESTRA,Preferred
"CONTRACEPTIVES, ORAL",DROSPIRENONE-EE 3-0.02 MG TABLET (ORAL),Preferred
"CONTRACEPTIVES, ORAL",DROSPIRENONE-EE 3-0.03 MG TABLET (ORAL),Preferred
"CONTRACEPTIVES, ORAL",ELINEST-28 TABLET (ORAL),Preferred
"CONTRACEPTIVES, ORAL",ENSKYCE 28 TABLET (ORAL),Preferred
"CONTRACEPTIVES, ORAL",ERRIN 0.35 MG TABLET (ORAL),Preferred
"CONTRACEPTIVES, ORAL",ESTARYLLA 0.25-0.035 MG TABLET (ORAL),Preferred
"CONTRACEPTIVES, ORAL",FALMINA-28 TABLET (ORAL),Preferred
"CONTRACEPTIVES, ORAL",GIANVI 3 MG-0.02 MG TABLET (ORAL),Preferred
"CONTRACEPTIVES, ORAL",HEATHER 0.35 MG TABLET (ORAL),Preferred
"CONTRACEPTIVES, ORAL",ISIBLOOM 28 DAY TABLET (ORAL),Preferred
"CONTRACEPTIVES, ORAL",JAIMIESS 0.15-0.03-0.01 MG TABLET (ORAL),Preferred
"CONTRACEPTIVES, ORAL",JENCYCLA 0.35 MG TABLET (ORAL),Preferred
"CONTRACEPTIVES, ORAL",JULEBER 28 DAY TABLET (ORAL),Preferred
"CONTRACEPTIVES, ORAL",JUNEL 1 MG-20 MCG TABLET (ORAL),Preferred
"CONTRACEPTIVES, ORAL",JUNEL 1.5 MG-30 MCG TABLET (ORAL),Preferred
"CONTRACEPTIVES, ORAL",JUNEL FE 1 MG-20 MCG TABLET (ORAL),Preferred
"CONTRACEPTIVES, ORAL",JUNEL FE 1.5 MG-30 MCG TABLET (ORAL),Preferred
"CONTRACEPTIVES, ORAL",KURVELO-28 TABLET (ORAL),Preferred
"CONTRACEPTIVES, ORAL",LARIN FE 1.5-30 TABLET (ORAL),Preferred
"CONTRACEPTIVES, ORAL",LARIN FE 1-20 TABLET (ORAL),Preferred
"CONTRACEPTIVES, ORAL",LESSINA-28 TABLET (ORAL),Preferred
"CONTRACEPTIVES, ORAL",LEVONO-E ESTRAD 0.15-0.03-0.01 (91) (ORAL),Preferred
HEPATITIS C AGENTS,"MAVYRET TABLET, PELLET PACKET (ORAL)",Preferred
HEPATITIS C AGENTS,"PEGASYS SYRINGE, VIAL (SUBCUTANEOUS)",Preferred
HEPATITIS C AGENTS,RIBAVIRIN 200 MG TABLET (not CAPSULE) (ORAL),Preferred
HEPATITIS C AGENTS,SOFOSBUVIR / VELPATASVIR TABLET (ORAL),Preferred
HEPATITIS C AGENTS,VOSEVI TABLET (ORAL),Preferred
HISTAMINE II RECEPTOR BLOCKER,FAMOTIDINE SUSPENSION (ORAL),Preferred
HISTAMINE II RECEPTOR BLOCKER,FAMOTIDINE TABLET (not CHEW) (Rx and OTC) (ORAL),Preferred
"HYPOGLYCEMICS, ALPHA-GLUCOSIDASE INHIBITORS",ACARBOSE TABLET (ORAL),Preferred
"LYCEMICS, INCRETIN MIMETICS/ENHANCERS (SEE DX CODE",(DX CODE REQUIRED - (Combination GIP and GLP-1),Preferred
"LYCEMICS, INCRETIN MIMETICS/ENHANCERS (SEE DX CODE",BYETTA DOSE PEN (SUBCUTANE.) (DX CODE REQ.),Preferred
"LYCEMICS, INCRETIN MIMETICS/ENHANCERS (SEE DX CODE",JANUMET TABLET (ORAL),Preferred
"LYCEMICS, INCRETIN MIMETICS/ENHANCERS (SEE DX CODE",JANUMET XR TABLET (ORAL),Preferred
"LYCEMICS, INCRETIN MIMETICS/ENHANCERS (SEE DX CODE",JANUVIA TABLET (ORAL),Preferred
"LYCEMICS, INCRETIN MIMETICS/ENHANCERS (SEE DX CODE",JENTADUETO TABLET (ORAL),Preferred
"LYCEMICS, INCRETIN MIMETICS/ENHANCERS (SEE DX CODE",JENTADUETO XR TABLET (ORAL),Preferred
"LYCEMICS, INCRETIN MIMETICS/ENHANCERS (SEE DX CODE","OZEMPIC DOSE PEN, SYRINGE (SUBCUTANE.) (DX CODE RE",Preferred
"LYCEMICS, INCRETIN MIMETICS/ENHANCERS (SEE DX CODE",SAXAGLIPTIN TABLET (ORAL),Preferred
"LYCEMICS, INCRETIN MIMETICS/ENHANCERS (SEE DX CODE",TRADJENTA TABLET (ORAL),Preferred
"LYCEMICS, INCRETIN MIMETICS/ENHANCERS (SEE DX CODE",TRULICITY PEN (SUBCUTANE.) (DX CODE REQ.),Preferred
"LYCEMICS, INCRETIN MIMETICS/ENHANCERS (SEE DX CODE",VICTOZA PEN (SUBCUTANEOUS) (DX CODE REQ.),Preferred
"HYPOGLYCEMICS, INSULIN & RELATED AGENTS",APIDRA SOLOSTAR PEN (SUBCUTANEOUS),Preferred
"HYPOGLYCEMICS, INSULIN & RELATED AGENTS",APIDRA VIAL (SUBCUTANEOUS),Preferred
"HYPOGLYCEMICS, INSULIN & RELATED AGENTS",HUMALOG 100 UNIT/ML CARTRIDGE (SUBCUTANEOUS),Preferred
"HYPOGLYCEMICS, INSULIN & RELATED AGENTS",HUMALOG 100 UNIT/ML KWIKPEN (not 200 UNIT/ML) (SUBCUT,Preferred
"HYPOGLYCEMICS, INSULIN & RELATED AGENTS",HUMALOG 100 UNIT/ML VIAL (not 200 UNIT/ML) (SUBCUTANEO,Preferred
"HYPOGLYCEMICS, INSULIN & RELATED AGENTS",HUMALOG JR 100 UNIT/ML KWIKPEN (SUBCUTANEOUS),Preferred
"HYPOGLYCEMICS, INSULIN & RELATED AGENTS",HUMALOG MIX 50-50 KWIKPEN (SUBCUTANEOUS),Preferred
"HYPOGLYCEMICS, INSULIN & RELATED AGENTS","HUMALOG MIX 75-25 KWIKPEN, VIAL (SUBCUTANEOUS)",Preferred
"HYPOGLYCEMICS, INSULIN & RELATED AGENTS",HUMULIN 70/30 KWIKPEN OTC (SUBCUTANE.),Preferred
"HYPOGLYCEMICS, INSULIN & RELATED AGENTS",HUMULIN 70/30 VIAL OTC (SUBCUTANEOUS),Preferred
"HYPOGLYCEMICS, INSULIN & RELATED AGENTS",HUMULIN N 100 UNITS/ML VIAL (not KWIKPEN) (SUBCUTANEO,Preferred
"HYPOGLYCEMICS, INSULIN & RELATED AGENTS",HUMULIN R 100 UNITS/ML VIAL (SUBCUTANEOUS),Preferred
"HYPOGLYCEMICS, INSULIN & RELATED AGENTS","HUMULIN R 500 UNITS/ML KWIKPEN, VIAL (SUBCUTANEOUS)",Preferred
"HYPOGLYCEMICS, INSULIN & RELATED AGENTS","INSULIN ASPART 100 UNIT/ML CARTRIDGE, PEN, VIAL (SUBC",Preferred
"HYPOGLYCEMICS, INSULIN & RELATED AGENTS","INSULIN ASPART PROT (MIX 70-30) PEN, VIAL (SUBCUTANEO",Preferred
"HYPOGLYCEMICS, INSULIN & RELATED AGENTS",INSULIN LISPRO 100 UNIT/ML PEN (SUBCUTANEOUS),Preferred
"HYPOGLYCEMICS, INSULIN & RELATED AGENTS",INSULIN LISPRO 100 UNIT/ML VIAL (SUBCUTANEOUS),Preferred
"HYPOGLYCEMICS, INSULIN & RELATED AGENTS",INSULIN LISPRO JR 100 UNIT/ML KWIKPEN (SUBCUTANEOUS,Preferred
"HYPOGLYCEMICS, INSULIN & RELATED AGENTS",LANTUS SOLOSTAR (00088-2219-05) (SUBCUTANE.),Preferred
"HYPOGLYCEMICS, INSULIN & RELATED AGENTS",LANTUS VIAL (00088-2220-33) (SUBCUTANE.),Preferred
"HYPOGLYCEMICS, INSULIN & RELATED AGENTS","NOVOLOG 100 UNIT/ML FLEXPEN, VIAL (SUBCUTANEOUS)",Preferred
"HYPOGLYCEMICS, INSULIN & RELATED AGENTS",NOVOLOG MIX 70-30 FLEXPEN (not VIAL) (SUBCUTANEOUS),Preferred
"HYPOGLYCEMICS, INSULIN & RELATED AGENTS","RELION NOVOLOG FLEXPEN, VIAL (SUBCUTANE.)",Preferred
"HYPOGLYCEMICS, INSULIN & RELATED AGENTS",TOUJEO MAX SOLOSTAR PEN (00024-5871-02) (SUBCUTANE.,Preferred
"HYPOGLYCEMICS, INSULIN & RELATED AGENTS",TOUJEO SOLOSTAR PEN (00024-5869-03) (SUBCUTANE.),Preferred
"HYPOGLYCEMICS, INSULIN & RELATED AGENTS",TRESIBA FLEXTOUCH (not VIAL) (SUBCUTANEOUS),Preferred
"ONCOLOGY, ORAL - HEMATOLOGIC",BOSULIF TABLET (ORAL),Preferred
"ONCOLOGY, ORAL - HEMATOLOGIC",BRUKINSA CAPSULE (ORAL),Preferred
"ONCOLOGY, ORAL - HEMATOLOGIC",CALQUENCE CAPSULE (ORAL),Preferred
"ONCOLOGY, ORAL - HEMATOLOGIC",COPIKTRA CAPSULE (ORAL),Preferred
"ONCOLOGY, ORAL - HEMATOLOGIC",DANZITEN TABLET (ORAL)*,Preferred
"ONCOLOGY, ORAL - HEMATOLOGIC",DAURISMO TABLET (ORAL),Preferred
"ONCOLOGY, ORAL - HEMATOLOGIC",HYDROXYUREA CAPSULE (ORAL),Preferred
"ONCOLOGY, ORAL - HEMATOLOGIC",ICLUSIG TABLET (ORAL),Preferred
"ONCOLOGY, ORAL - HEMATOLOGIC",IDHIFA TABLET (ORAL),Preferred
"ONCOLOGY, ORAL - HEMATOLOGIC",IMATINIB TABLET (ORAL),Preferred
"ONCOLOGY, ORAL - HEMATOLOGIC","IMBRUVICA CAPSULE, SUSP, TABLET (ORAL)",Preferred
"ONCOLOGY, ORAL - HEMATOLOGIC",INQOVI TABLET (ORAL),Preferred
"ONCOLOGY, ORAL - HEMATOLOGIC",INREBIC CAPSULE (ORAL),Preferred
"ONCOLOGY, ORAL - HEMATOLOGIC",JAKAFI TABLET (ORAL),Preferred
"ONCOLOGY, ORAL - HEMATOLOGIC",LEUKERAN TABLET (ORAL),Preferred
"ONCOLOGY, ORAL - HEMATOLOGIC",MATULANE CAPSULE (ORAL),Preferred
"ONCOLOGY, ORAL - HEMATOLOGIC",MERCAPTOPURINE TABLET (ORAL),Preferred
"ONCOLOGY, ORAL - HEMATOLOGIC",NINLARO CAPSULE (ORAL),Preferred
"ONCOLOGY, ORAL - HEMATOLOGIC",OJJAARA TABLET (ORAL),Preferred
"ONCOLOGY, ORAL - HEMATOLOGIC",ONUREG TABLET (ORAL),Preferred
"ONCOLOGY, ORAL - HEMATOLOGIC",POMALYST CAPSULE (ORAL),Preferred
"ONCOLOGY, ORAL - HEMATOLOGIC",REVLIMID CAPSULE (ORAL),Preferred
"ONCOLOGY, ORAL - HEMATOLOGIC",REZLIDHIA CAPSULE (ORAL),Preferred
"ONCOLOGY, ORAL - HEMATOLOGIC",RYDAPT CAPSULE (ORAL),Preferred
"ONCOLOGY, ORAL - HEMATOLOGIC",SCEMBLIX TABLET (ORAL),Preferred
"ONCOLOGY, ORAL - HEMATOLOGIC",SPRYCEL TABLET (ORAL),Preferred
"ONCOLOGY, ORAL - HEMATOLOGIC",TABLOID TABLET (ORAL),Preferred
"ONCOLOGY, ORAL - HEMATOLOGIC",TASIGNA CAPSULE (ORAL),Preferred
"ONCOLOGY, ORAL - HEMATOLOGIC",THALOMID CAPSULE (ORAL),Preferred
"ONCOLOGY, ORAL - HEMATOLOGIC",TIBSOVO TABLET (ORAL),Preferred
"ONCOLOGY, ORAL - HEMATOLOGIC",TRETINOIN CAPSULE (ORAL),Preferred
"ONCOLOGY, ORAL - HEMATOLOGIC",VANFLYTA TABLET (ORAL),Preferred
"ONCOLOGY, ORAL - HEMATOLOGIC","VENCLEXTA TABLET, STARTING PACK (ORAL)",Preferred
"ONCOLOGY, ORAL - HEMATOLOGIC",VONJO CAPSULE (ORAL),Preferred
"ONCOLOGY, ORAL - HEMATOLOGIC",XOSPATA TABLET (ORAL),Preferred
"ONCOLOGY, ORAL - HEMATOLOGIC",XPOVIO WEEKLY DOSE (ORAL),Preferred
"ONCOLOGY, ORAL - HEMATOLOGIC",ZOLINZA CAPSULE (ORAL),Preferred
"ONCOLOGY, ORAL - HEMATOLOGIC",ZYDELIG TABLET (ORAL),Preferred
"ONCOLOGY, ORAL - LUNG",ALECENSA CAPSULE (ORAL),Preferred
"ONCOLOGY, ORAL - LUNG","ALUNBRIG TABLET, TABLET PACK (ORAL)",Preferred
"ONCOLOGY, ORAL - LUNG",AUGTYRO CAPSULE (ORAL),Preferred
"ONCOLOGY, ORAL - LUNG",ERLOTINIB TABLET (ORAL),Preferred
"ONCOLOGY, ORAL - LUNG",EXKIVITY CAPSULE (ORAL),Preferred
"ONCOLOGY, ORAL - LUNG",GAVRETO CAPSULE (ORAL),Preferred
"ONCOLOGY, ORAL - LUNG",GILOTRIF TABLET (ORAL),Preferred
"ONCOLOGY, ORAL - LUNG",HYCAMTIN CAPSULE (ORAL),Preferred
"ONCOLOGY, ORAL - LUNG",IRESSA TABLET (ORAL),Preferred
"ONCOLOGY, ORAL - LUNG",KRAZATI TABLET (ORAL),Preferred
"ONCOLOGY, ORAL - LUNG",LORBRENA TABLET (ORAL),Preferred
"ONCOLOGY, ORAL - LUNG",LUMAKRAS TABLET (ORAL),Preferred
"ONCOLOGY, ORAL - LUNG",RETEVMO CAPSULE (ORAL),Preferred
"ONCOLOGY, ORAL - LUNG","ROZLYTREK CAPSULE, PELLET PACKET (ORAL)",Preferred
"ONCOLOGY, ORAL - LUNG",TABRECTA TABLET (ORAL),Preferred
"ONCOLOGY, ORAL - LUNG",TAGRISSO TABLET (ORAL),Preferred
PHOSPHATE BINDERS,"CALCIUM ACETATE CAPSULE, GELCAP (not TAB) (ORAL)",Preferred
PHOSPHATE BINDERS,CALCIUM ACETATE TABLET OTC (not RX) (ORAL),Preferred
PHOSPHATE BINDERS,SEVELAMER CARBONATE TABLET (ORAL),Preferred
"PITUITARY SUPPRESSIVE AGENTS, LHRH",ELIGARD SYRINGE (SUBCUTANEOUS),Preferred
"PITUITARY SUPPRESSIVE AGENTS, LHRH",FENSOLVI SYRINGE (SUBCUTANEOUS),Preferred
"PITUITARY SUPPRESSIVE AGENTS, LHRH",LEUPROLIDE ACETATE KIT (SUBCUTANEOUS),Preferred
"PITUITARY SUPPRESSIVE AGENTS, LHRH",LEUPROLIDE ACETATE VIAL (not DEPOT) (SUBCUTANEOUS),Preferred
"PITUITARY SUPPRESSIVE AGENTS, LHRH",LUPRON DEPOT KIT (INJECTION),Preferred
"PITUITARY SUPPRESSIVE AGENTS, LHRH",LUPRON DEPOT-PED KIT (INJECTION),Preferred
"PITUITARY SUPPRESSIVE AGENTS, LHRH",SYNAREL NASAL SPRAY (NASAL),Preferred
PLATELET AGGREGATION INHIBITORS,BRILINTA TABLET (ORAL),Preferred
PLATELET AGGREGATION INHIBITORS,CLOPIDOGREL TABLET (ORAL),Preferred
PLATELET AGGREGATION INHIBITORS,DIPYRIDAMOLE TABLET (ORAL),Preferred
PLATELET AGGREGATION INHIBITORS,PRASUGREL TABLET (ORAL),Preferred
POTASSIUM BINDERS,LOKELMA 5 GM POWDER PACKET (00310-1105-30) (ORAL),Preferred
POTASSIUM BINDERS,LOKELMA 10 GM POWDER PACKET (00310-1110-30) (ORAL),Preferred
POTASSIUM BINDERS,SODIUM POLYSTYRENE SULF POWDER (ORAL),Preferred
POTASSIUM BINDERS,VELTASSA POWDER PACKET (ORAL),Preferred
PRENATAL VITAMINS,CLASSIC PRENATAL TABLET (00536-4063-01) (OTC) (ORAL),Preferred
PRENATAL VITAMINS,COMPLETE NATAL DHA (OTC) (ORAL),Preferred
PRENATAL VITAMINS,COMPLETENATE CHEW TABLET (OTC) (ORAL),Preferred
PRENATAL VITAMINS,FOLIVANE-OB CAPSULE (OTC) (ORAL),Preferred
PRENATAL VITAMINS,M-NATAL PLUS TABLET (OTC) (ORAL),Preferred
PRENATAL VITAMINS,NIVA-PLUS TABLET (OTC) (ORAL),Preferred
PRENATAL VITAMINS,PNV-DHA SOFTGEL (42192-0321-30) (OTC) (ORAL),Preferred
PRENATAL VITAMINS,PRENATAL VITAMIN PLUS LOW IRON (OTC) (ORAL),Preferred
PRENATAL VITAMINS,PRENATAL VITAMINS TABLET (46122-0098-78) (OTC) (ORAL),Preferred
PRENATAL VITAMINS,SELECT-OB + DHA PACK (OTC) (ORAL),Preferred
PRENATAL VITAMINS,SE-NATAL-19 TABLET (OTC) (ORAL),Preferred
PRENATAL VITAMINS,THRIVITE RX TABLET (OTC) (ORAL),Preferred
PRENATAL VITAMINS,TRICARE PRENATAL TABLET (67112-0101-00) (OTC) (ORAL),Preferred
PRENATAL VITAMINS,TRINATAL RX 1 TABLET (OTC) (ORAL),Preferred
PRENATAL VITAMINS,VITAFOL FE PLUS SOFTGEL (ORAL),Preferred
PRENATAL VITAMINS,VITAFOL GUMMIES (OTC) (ORAL),Preferred
PRENATAL VITAMINS,VITAFOL NANO TABLET (OTC) (ORAL),Preferred
PRENATAL VITAMINS,VITAFOL ULTRA SOFTGEL (OTC) (ORAL),Preferred
PRENATAL VITAMINS,VITAFOL-OB CAPLET (OTC) (ORAL),Preferred
PRENATAL VITAMINS,VITAFOL-OB+DHA COMBO PACK (OTC) (ORAL),Preferred
PRENATAL VITAMINS,VITAFOL-ONE CAPSULE (OTC) (ORAL),Preferred
PRENATAL VITAMINS,WESCAP-PN DHA CAPSULE (OTC) (ORAL),Preferred
PRENATAL VITAMINS,WESNATAL DHA COMPLETE (OTC) (ORAL),Preferred
PRENATAL VITAMINS,WESTAB PLUS TABLET (69367-0267-01) (OTC) (ORAL),Preferred
PRENATAL VITAMINS,ZATEAN-PN DHA CAPSULE (OTC) (ORAL),Preferred
"ACNE AGENTS, TOPICAL (SEE DX CODE REQ.) ‡",(STEP THERAPY CATEGORY),Preferred
"ACNE AGENTS, TOPICAL (SEE DX CODE REQ.) ‡"," X CODE REQUIRED - DIFFERIN, EPIDUO and RETIN-",Preferred
"ACNE AGENTS, TOPICAL (SEE DX CODE REQ.) ‡",ACNE MEDICATION 5% & 10% GEL (OTC BENZOYL PEROXIDE,Preferred
"ACNE AGENTS, TOPICAL (SEE DX CODE REQ.) ‡",ACNE MEDICATION LOTION (OTC BENZOYL PEROXIDE) (TOPI,Preferred
"ACNE AGENTS, TOPICAL (SEE DX CODE REQ.) ‡",ADAPALENE/BENZOYL PEROXIDE 0.1 - 2.5% (EPIDUO) (TOPIC,Preferred
"ACNE AGENTS, TOPICAL (SEE DX CODE REQ.) ‡",ADAPALENE 0.1% GEL (OTC)(TOPICAL) (DX CODE REQ.),Preferred
"ACNE AGENTS, TOPICAL (SEE DX CODE REQ.) ‡","BENZOYL PEROXIDE 2.5%, 5%, 10% GEL (OTC) (TOPICAL)",Preferred
"ACNE AGENTS, TOPICAL (SEE DX CODE REQ.) ‡","BENZOYL PEROXIDE  5%, 10% WASH (OTC) (TOPICAL)",Preferred
"ACNE AGENTS, TOPICAL (SEE DX CODE REQ.) ‡",CLINDAMYCIN PH 1% PLEGET (TOPICAL),Preferred
"ACNE AGENTS, TOPICAL (SEE DX CODE REQ.) ‡",CLINDAMYCIN PH 1% GEL (not GENERIC CLINDAGEL)  (TOPIC,Preferred
"ACNE AGENTS, TOPICAL (SEE DX CODE REQ.) ‡","CLINDAMYCIN PH 1% LOTION, SOLUTION  (TOPICAL)",Preferred
"ACNE AGENTS, TOPICAL (SEE DX CODE REQ.) ‡",CLINDAMYCIN / BENZOYL PEROXIDE 1.2 - 5% (generic DUAC),Preferred
"ACNE AGENTS, TOPICAL (SEE DX CODE REQ.) ‡","ERYTHROMYCIN 2% GEL, SOLUTION  (TOPICAL)",Preferred
"ACNE AGENTS, TOPICAL (SEE DX CODE REQ.) ‡",RETIN-A CREAM (DX CODE REQ.) (TOPICAL),Preferred
"ACNE AGENTS, TOPICAL (SEE DX CODE REQ.) ‡",RETIN-A GEL (not MICRO) (DX CODE REQ.) (TOPICAL),Preferred
ALZHEIMER'S AGENTS,DONEPEZIL ODT (ORAL),Preferred
ALZHEIMER'S AGENTS,DONEPEZIL 5MG & 10MG TABLET (not 23MG) (ORAL),Preferred
ALZHEIMER'S AGENTS,EXELON PATCH (TRANSDERMAL),Preferred
ALZHEIMER'S AGENTS,MEMANTINE IR TABLET (not ER CAPSULES) (ORAL),Preferred
ALZHEIMER'S AGENTS,MEMANTINE 5-10MG TITRATION PACK (ORAL),Preferred
ALZHEIMER'S AGENTS,RIVASTIGMINE CAPSULES (ORAL),Preferred
"ANALGESICS, NARCOTICS SHORT",***OPIOID CLINICAL PRIOR AUTHORIZATION FORM**,Preferred
"ANALGESICS, NARCOTICS SHORT",APAP / CODEINE 300-30 MG/12.5 ML SOLUTION (ORAL),Preferred
"ANALGESICS, NARCOTICS SHORT",APAP / CODEINE 120-12 MG/5 ML SOLUTION (ORAL),Preferred
"ANALGESICS, NARCOTICS SHORT","APAP / CODEINE #2, #3, #4 TABLET (ORAL)",Preferred
"ANALGESICS, NARCOTICS SHORT",ENDOCET TABLET (ORAL),Preferred
"ANALGESICS, NARCOTICS SHORT",HYDROCODONE / APAP SOLUTION (ORAL),Preferred
"ANALGESICS, NARCOTICS SHORT",HYDROCODONE / APAP TABLET (ORAL),Preferred
"ANALGESICS, NARCOTICS SHORT",HYDROMORPHONE TABLET (IR) (ORAL),Preferred
"ANALGESICS, NARCOTICS SHORT","MORPHINE CONC, SOLUTION, SYRUP (ORAL)",Preferred
"ANALGESICS, NARCOTICS SHORT",MORPHINE IR TABLET (ORAL),Preferred
"ANALGESICS, NARCOTICS SHORT","OXYCODONE / APAP CAPSULE, TABLET (ORAL)",Preferred
"ANALGESICS, NARCOTICS SHORT",OXYCODONE TABLET (not CAPSULE) (ORAL),Preferred
"ANALGESICS, NARCOTICS SHORT",OXYCODONE 5 MG/5 ML SOLUTION (ORAL),Preferred
"ANALGESICS, NARCOTICS SHORT",TRAMADOL 50 MG TABLET (ORAL),Preferred
"ANALGESICS, NARCOTICS SHORT",TRAMADOL / APAP TABLET (ORAL),Preferred
ANDROGENIC AGENTS,ANDROGEL 1.62% GEL PUMP (TRANSDERMAL),Preferred
ANDROGENIC AGENTS,TESTOSTERONE 1.62% GEL PUMP (TRANSDERMAL),Preferred
ANGIOTENSIN MODULATORS,BENAZEPRIL TABLET (ORAL),Preferred
ANGIOTENSIN MODULATORS,BENAZEPRIL / HCTZ (ORAL),Preferred
ANGIOTENSIN MODULATORS,"ENALAPRIL, ENALAPRIL / HCTZ (not SOLUTION) (ORAL)",Preferred
ANGIOTENSIN MODULATORS,ENTRESTO TABLET (ORAL),Preferred
ANGIOTENSIN MODULATORS,"IRBESARTAN, IRBESARTAN / HCTZ (ORAL)",Preferred
ANGIOTENSIN MODULATORS,"LISINOPRIL, LISINOPRIL /  HCTZ (ORAL)",Preferred
ANGIOTENSIN MODULATORS,"LOSARTAN, LOSARTAN / HCTZ (ORAL)",Preferred
ANGIOTENSIN MODULATORS,"OLMESARTAN, OLMESARTAN / HCTZ (ORAL)",Preferred
"ANTIMIGRAINE AGENTS, TRIPTANS ‡",(STEP THERAPY CATEGORY),Preferred
"ANTIMIGRAINE AGENTS, TRIPTANS ‡",RELPAX TABLET (ORAL),Preferred
"ANTIMIGRAINE AGENTS, TRIPTANS ‡",RIZATRIPTAN ODT (ORAL),Preferred
"ANTIMIGRAINE AGENTS, TRIPTANS ‡",RIZATRIPTAN TABLET (ORAL),Preferred
"ANTIMIGRAINE AGENTS, TRIPTANS ‡",SUMATRIPTAN NASAL SPRAY (NASAL),Preferred
"ANTIMIGRAINE AGENTS, TRIPTANS ‡",SUMATRIPTAN TABLET (ORAL),Preferred
"ANTIMIGRAINE AGENTS, TRIPTANS ‡",SUMATRIPTAN VIAL (not AUTOINJECT) (SUBCUTANEOUS),Preferred
"ANTIPARASITICS, TOPICAL",NATROBA 0.9% SUSPENSION (TOPICAL),Preferred
"ANTIPARASITICS, TOPICAL",PERMETHRIN 1% CREAM RINSE (OTC) (TOPICAL),Preferred
"ANTIPARASITICS, TOPICAL",PERMETHRIN 5% CREAM (TOPICAL),Preferred
"ANTIPARASITICS, TOPICAL",PIPERONYL BUTOXIDE / PYRETHRINS LICE KILLING SHAMPO,Preferred
ANTIPARKINSON'S AGENTS,"AMANTADINE CAPSULE, SOLUTION, TABLET (ORAL)",Preferred
ANTIPARKINSON'S AGENTS,BENZTROPINE MES TABLET (ORAL),Preferred
ANTIPARKINSON'S AGENTS,CARBIDOPA / LEVODOPA TABLET (not ODT) (ORAL),Preferred
ANTIPARKINSON'S AGENTS,CARBIDOPA / LEVODOPA ER TABLET (ORAL),Preferred
ANTIPARKINSON'S AGENTS,CARBIDOPA / LEVODOPA / ENTACAPONE TABLET (ORAL),Preferred
ANTIPARKINSON'S AGENTS,PRAMIPEXOLE IR TABLET (not ER) (ORAL),Preferred
ANTIPARKINSON'S AGENTS,ROPINIROLE IR TABLET (not ER) (ORAL),Preferred
ANTIPARKINSON'S AGENTS,"SELEGILINE CAPSULE, TABLET (ORAL)",Preferred
ANTIPARKINSON'S AGENTS,"TRIHEXYPHENIDYL ELIXIR, TABLET (ORAL)",Preferred
"ANTIPSORIATICS, ORAL",ACITRETIN CAPSULE (ORAL),Preferred
"ANTIPSORIATICS, TOPICAL","CALCIPOTRIENE 0.005% CREAM, OINTMENT (TOPICAL)",Preferred
"ANTIPSORIATICS, TOPICAL",CALCIPOTRIENE 0.005% SOLUTION (TOPICAL),Preferred
"ANTIPSORIATICS, TOPICAL",CALCIPOTRIENE-BETAMETH DP OINTMENT (TOPICAL),Preferred
"ANTIPSORIATICS, TOPICAL",VECTICAL 3 MCG/G OINTMENT*,Preferred
ANTIPSYCHOTICS,ABILIFY ASIMTUFII (INTRAMUSC),Preferred
ANTIPSYCHOTICS,"ABILIFY MAINTENA ER SYRINGE, VIAL (INTRAMUSC.)",Preferred
ANTIPSYCHOTICS,ADASUVE 10 MG INHALATION POWDER (INHALATION),Preferred
ANTIPSYCHOTICS,"ARIPIPRAZOLE SOLUTION, TABLET (not ODT) (ORAL)",Preferred
ANTIPSYCHOTICS,ARISTADA ER (INTRAMUSC),Preferred
ANTIPSYCHOTICS,ARISTADA INITIO (INTRAMUSC),Preferred
ANTIPSYCHOTICS,CAPLYTA CAPSULE (ORAL),Preferred
ANTIPSYCHOTICS,"CHLORPROMAZINE AMPULE, VIAL (INJECTION)",Preferred
ANTIPSYCHOTICS,"CHLORPROMAZINE ORAL CONC, TABLET (ORAL)",Preferred
ANTIPSYCHOTICS,CLOZAPINE TABLET (not ODT) (ORAL),Preferred
ANTIPSYCHOTICS,FLUPHENAZINE DECANOATE (INJECTION),Preferred
ANTIPSYCHOTICS,"FLUPHENAZINE ELIXIR/SOLN, TABLET, VIAL (ORAL)",Preferred
ANTIPSYCHOTICS,FLUPHENAZINE VIAL (INJECTION),Preferred
ANTIPSYCHOTICS,HALOPERIDOL TABLET (ORAL),Preferred
ANTIPSYCHOTICS,"HALOPERIDOL DECANOATE AMPULE, VIAL (INJECTION)",Preferred
ANTIPSYCHOTICS,"HALOPERIDOL LACTATE SYRINGE, VIAL (INJECTION)",Preferred
ANTIPSYCHOTICS,HALOPERIDOL LACTATE 2 MG/ML CONC (ORAL),Preferred
ANTIPSYCHOTICS,INVEGA HAFYERA (INTRAMUSC),Preferred
ANTIPSYCHOTICS,INVEGA SUSTENNA (INTRAMUSC),Preferred
ANTIPSYCHOTICS,INVEGA TRINZA (INTRAMUSC),Preferred
ANTIPSYCHOTICS,LOXAPINE CAPSULE (ORAL),Preferred
"CONTRACEPTIVES, ORAL, CONT.",LEVONOR-E ESTRAD 0.1-0.02-0.01 (91) (ORAL),Preferred
"CONTRACEPTIVES, ORAL, CONT.",LEVONOR-ETH ESTRAD 0.1-0.02 MG (28) (ORAL),Preferred
"CONTRACEPTIVES, ORAL, CONT.",LEVONOR-ETH ESTRAD 0.15-0.03 (28) (ORAL),Preferred
"CONTRACEPTIVES, ORAL, CONT.",LEVORA-28 TABLET (ORAL),Preferred
"CONTRACEPTIVES, ORAL, CONT.",LO LOESTRIN FE 1-10 TABLET (ORAL),Preferred
"CONTRACEPTIVES, ORAL, CONT.",LOESTRIN 21 1.5-30 TABLET (ORAL),Preferred
"CONTRACEPTIVES, ORAL, CONT.",LOESTRIN 21 1-20 TABLET (ORAL),Preferred
"CONTRACEPTIVES, ORAL, CONT.",LOESTRIN FE 1.5-30 TABLET (ORAL),Preferred
"CONTRACEPTIVES, ORAL, CONT.",LOESTRIN FE 1-20 TABLET (ORAL),Preferred
"CONTRACEPTIVES, ORAL, CONT.",LOJAIMIESS 0.1-0.02-0.01 TABLET (ORAL),Preferred
"CONTRACEPTIVES, ORAL, CONT.",LORYNA 3 MG-0.02 MG TABLET (ORAL),Preferred
"CONTRACEPTIVES, ORAL, CONT.",LOW-OGESTREL-28 TABLET (ORAL),Preferred
"CONTRACEPTIVES, ORAL, CONT.",LO-ZUMANDIMINE 3 MG-0.02 MG TB,Preferred
"CONTRACEPTIVES, ORAL, CONT.",MARLISSA-28 TABLET (ORAL),Preferred
"CONTRACEPTIVES, ORAL, CONT.",MICROGESTIN FE 1.5-30 TABLET (ORAL),Preferred
"CONTRACEPTIVES, ORAL, CONT.",MICROGESTIN FE 1-20 TABLET (ORAL),Preferred
"CONTRACEPTIVES, ORAL, CONT.",MILI 0.25-0.035 MG TABLET (ORAL),Preferred
"CONTRACEPTIVES, ORAL, CONT.",MONO-LINYAH 28 TABLET (ORAL),Preferred
"CONTRACEPTIVES, ORAL, CONT.",NATAZIA 28 TABLET (ORAL),Preferred
"CONTRACEPTIVES, ORAL, CONT.",NIKKI 3 MG-0.02 MG TABLET (ORAL),Preferred
"CONTRACEPTIVES, ORAL, CONT.",NORETHIND-ETH ESTRAD 1-0.02 MG,Preferred
"CONTRACEPTIVES, ORAL, CONT.",NORETHINDRONE 0.35 MG TABLET (ORAL),Preferred
"CONTRACEPTIVES, ORAL, CONT.",NORETHIN-EE 1.5-0.03 MG(21) TB,Preferred
"CONTRACEPTIVES, ORAL, CONT.",NORG-EE 0.18-0.215-0.25/0.035,Preferred
"CONTRACEPTIVES, ORAL, CONT.",NORG-ETHIN ESTRA 0.25-0.035 MG,Preferred
"CONTRACEPTIVES, ORAL, CONT.",NORTREL 7-7-7-28 TABLET (ORAL),Preferred
"CONTRACEPTIVES, ORAL, CONT.",PHILITH 0.4-0.035 MG TABLET (ORAL),Preferred
"CONTRACEPTIVES, ORAL, CONT.",PIMTREA 28 DAY TABLET (ORAL),Preferred
"CONTRACEPTIVES, ORAL, CONT.",PORTIA-28 TABLET (ORAL),Preferred
"CONTRACEPTIVES, ORAL, CONT.",RECLIPSEN 28 DAY TABLET (ORAL),Preferred
"CONTRACEPTIVES, ORAL, CONT.",SHAROBEL 0.35 MG TABLET (ORAL),Preferred
"CONTRACEPTIVES, ORAL, CONT.",SIMPESSE 0.15-0.03-0.01 MG TABLET (ORAL),Preferred
"CONTRACEPTIVES, ORAL, CONT.",SPRINTEC 28 DAY TABLET (ORAL),Preferred
"CONTRACEPTIVES, ORAL, CONT.",SRONYX 0.10-0.02 MG TABLET (ORAL),Preferred
"CONTRACEPTIVES, ORAL, CONT.",SYEDA 28 TABLET (ORAL),Preferred
"CONTRACEPTIVES, ORAL, CONT.",TRI-LINYAH TABLET (ORAL),Preferred
"CONTRACEPTIVES, ORAL, CONT.",TRI-LO-ESTARYLLA TABLET (ORAL),Preferred
"CONTRACEPTIVES, ORAL, CONT.",TRI-LO-MARZIA TABLET (ORAL),Preferred
"CONTRACEPTIVES, ORAL, CONT.",TRI-LO-MILI TABLET (ORAL),Preferred
"CONTRACEPTIVES, ORAL, CONT.",TRI-LO-SPRINTEC TABLET (ORAL),Preferred
"CONTRACEPTIVES, ORAL, CONT.",TRI-SPRINTEC TABLET (ORAL),Preferred
"CONTRACEPTIVES, ORAL, CONT.",TRIVORA-28 TABLET (ORAL),Preferred
"CONTRACEPTIVES, ORAL, CONT.",VIENVA-28 TABLET (ORAL),Preferred
"CONTRACEPTIVES, ORAL, CONT.",ZOVIA 1-35 TABLET (ORAL),Preferred
"CONTRACEPTIVES, OTHER",NUVARING (VAGINAL),Preferred
"CONTRACEPTIVES, OTHER",TWIRLA PATCH (TRANSDERM),Preferred
"CONTRACEPTIVES, OTHER",ZAFEMY PATCH (not XULANE) (TRANSDERM),Preferred
COPD AGENTS,ANORO ELLIPTA (INHALATION),Preferred
COPD AGENTS,ATROVENT 17 MCG HFA (INHALATION),Preferred
COPD AGENTS,COMBIVENT RESPIMAT (INHALATION),Preferred
COPD AGENTS,IPRAT-ALBUT 0.5-3(2.5) MG/3 ML (INHALATION),Preferred
"HYPOGLYCEMICS, METFORMINS",GLIPIZIDE-METFORMIN TABLET (ORAL),Preferred
"HYPOGLYCEMICS, METFORMINS","GLUMETZA ER 500MG & 1,000MG (ORAL)",Preferred
"HYPOGLYCEMICS, METFORMINS",GLYBURIDE-METFORMIN TABLET (ORAL),Preferred
"HYPOGLYCEMICS, METFORMINS",METFORMIN TABLET (not 625MG) (ORAL),Preferred
"HYPOGLYCEMICS, METFORMINS",METFORMIN ER 500MG & 750MG TAB (generic GLUCOPHAGE,Preferred
"HYPOGLYCEMICS, SGLT2",FARXIGA TABLET (ORAL),Preferred
"HYPOGLYCEMICS, SGLT2",INVOKAMET TABLET (not XR) (ORAL),Preferred
"HYPOGLYCEMICS, SGLT2",INVOKANA TABLET (ORAL),Preferred
"HYPOGLYCEMICS, SGLT2",JARDIANCE TABLET (ORAL),Preferred
"HYPOGLYCEMICS, SGLT2",SYNJARDY TABLET (not XR) (ORAL),Preferred
"HYPOGLYCEMICS, SGLT2",XIGDUO XR TABLET (ORAL),Preferred
"HYPOGLYCEMICS, SGLT2",REQ.),Preferred
"HYPOGLYCEMICS, TZD",PIOGLITAZONE TABLET (ORAL),Preferred
IDIOPATHIC PULMONARY FIBROSIS,"PIRFENIDONE CAPSULE, TABLET (ORAL)",Preferred
"IMMUNOMODULATORS, ASTHMA","FASENRA PEN, SYRINGE (SUBCUTANEOUS)",Preferred
"IMMUNOMODULATORS, ASTHMA","XOLAIR AUTOINJECTOR, SYRINGE, VIAL (SUBCUTANEOUS)",Preferred
"IMMUNOMODULATORS, ATOPIC DERMATITIS","ADBRY AUTOINJECTOR, SYRINGE (SUBCUTANE.)*",Preferred
"IMMUNOMODULATORS, ATOPIC DERMATITIS",DUPIXENT PEN (SUBCUTANE.),Preferred
"IMMUNOMODULATORS, ATOPIC DERMATITIS",DUPIXENT SYRINGE (SUBCUTANE.),Preferred
"IMMUNOMODULATORS, ATOPIC DERMATITIS",ELIDEL 1% CREAM (TOPICAL),Preferred
"IMMUNOMODULATORS, ATOPIC DERMATITIS",EUCRISA 2% OINTMENT (TOPICAL),Preferred
"IMMUNOMODULATORS, ATOPIC DERMATITIS",PIMECROLIMUS 1% CREAM (OCEANSIDE Brand Only) (TOPICA,Preferred
"IMMUNOMODULATORS, ATOPIC DERMATITIS",TACROLIMUS 0.03% OINTMENT (TOPICAL),Preferred
"IMMUNOMODULATORS, ATOPIC DERMATITIS",TACROLIMUS 0.1% OINTMENT (TOPICAL),Preferred
"IMMUNOMODULATORS, TOPICAL",IMIQUIMOD 5% CREAM PACKET (not 3.75%) (TOPICAL),Preferred
"IMMUNOMODULATORS, TOPICAL",PODOFILOX 0.5% SOLUTION (TOPICAL),Preferred
"IMMUNOSUPPRESSIVES, ORAL",AZATHIOPRINE TABLET (ORAL),Preferred
"IMMUNOSUPPRESSIVES, ORAL",CELLCEPT 200 MG/ML SUSPENSION (ORAL),Preferred
"IMMUNOSUPPRESSIVES, ORAL",CYCLOSPORINE MODIFIED CAPSULE (not 50MG) (ORAL),Preferred
"IMMUNOSUPPRESSIVES, ORAL",CYCLOSPORINE MODIFIED SOLUTION (ORAL),Preferred
"IMMUNOSUPPRESSIVES, ORAL",EVEROLIMUS TABLET (ORAL),Preferred
"IMMUNOSUPPRESSIVES, ORAL","GENGRAF CAPSULE, SOLUTION (ORAL)",Preferred
"IMMUNOSUPPRESSIVES, ORAL","MYCOPHENOLATE MOFETIL CAPSULE, TABLET (ORAL)",Preferred
"IMMUNOSUPPRESSIVES, ORAL",SIROLIMUS 1 MG/ML SOLUTION (not TABLET),Preferred
"IMMUNOSUPPRESSIVES, ORAL",TACROLIMUS CAPSULE (IR) (ORAL),Preferred
"ONCOLOGY, ORAL - LUNG, CONT.",TARCEVA TABLET (ORAL),Preferred
"ONCOLOGY, ORAL - LUNG, CONT.",TEPMETKO TABLET (ORAL),Preferred
"ONCOLOGY, ORAL - LUNG, CONT.",VIZIMPRO TABLET (ORAL),Preferred
"ONCOLOGY, ORAL - LUNG, CONT.","XALKORI CAPSULE, PELLET (ORAL)",Preferred
"ONCOLOGY, ORAL - LUNG, CONT.",ZYKADIA CAPSULE (ORAL),Preferred
"ONCOLOGY, ORAL - OTHER",AYVAKIT TABLET (ORAL),Preferred
"ONCOLOGY, ORAL - OTHER",BALVERSA TABLET (ORAL),Preferred
"ONCOLOGY, ORAL - OTHER",CAPRELSA TABLET (ORAL),Preferred
"ONCOLOGY, ORAL - OTHER",COMETRIQ DAILY-DOSE PACK (ORAL),Preferred
"ONCOLOGY, ORAL - OTHER",FRUZAQLA CAPSULE (ORAL),Preferred
"ONCOLOGY, ORAL - OTHER",IWILFIN TABLET (ORAL),Preferred
"ONCOLOGY, ORAL - OTHER",JAYPIRCA TABLET (ORAL),Preferred
"ONCOLOGY, ORAL - OTHER",KOSELUGO CAPSULE (ORAL),Preferred
"ONCOLOGY, ORAL - OTHER",LONSURF TABLET (ORAL),Preferred
"ONCOLOGY, ORAL - OTHER",LYNPARZA TABLET (ORAL),Preferred
"ONCOLOGY, ORAL - OTHER",LYTGOBI DAILY DOSE PACK (ORAL),Preferred
"ONCOLOGY, ORAL - OTHER",OGSIVEO TABLET (ORAL),Preferred
"ONCOLOGY, ORAL - OTHER",PEMAZYRE TABLET (ORAL),Preferred
"ONCOLOGY, ORAL - OTHER",QINLOCK TABLET (ORAL),Preferred
"ONCOLOGY, ORAL - OTHER",RUBRACA TABLET (ORAL),Preferred
"ONCOLOGY, ORAL - OTHER",STIVARGA TABLET (ORAL),Preferred
"ONCOLOGY, ORAL - OTHER",TAZVERIK TABLET (ORAL),Preferred
"ONCOLOGY, ORAL - OTHER",TEMOZOLAMIDE CAPSULE (ORAL),Preferred
"ONCOLOGY, ORAL - OTHER",TURALIO CAPSULE (ORAL),Preferred
"ONCOLOGY, ORAL - OTHER","VITRAKVI CAPSULE, SOLUTION (ORAL)",Preferred
"ONCOLOGY, ORAL - OTHER",VORANIGO TABLET (ORAL)*,Preferred
"ONCOLOGY, ORAL - OTHER",ZEJULA CAPSULE (ORAL),Preferred
"ONCOLOGY, ORAL - PROSTATE",ABIRATERONE TABLET (ORAL),Preferred
"ONCOLOGY, ORAL - PROSTATE",AKEEGA TABLET (ORAL),Preferred
"ONCOLOGY, ORAL - PROSTATE",BICALUTAMIDE TABLET (ORAL),Preferred
"ONCOLOGY, ORAL - PROSTATE",ERLEADA TABLET (ORAL),Preferred
"ONCOLOGY, ORAL - PROSTATE",FLUTAMIDE CAPSULE (ORAL),Preferred
"ONCOLOGY, ORAL - PROSTATE",NILUTAMIDE TABLET (ORAL),Preferred
"ONCOLOGY, ORAL - PROSTATE",NUBEQA TABLET (ORAL),Preferred
"ONCOLOGY, ORAL - PROSTATE",ORGOVYX TABLET (ORAL),Preferred
"ONCOLOGY, ORAL - PROSTATE","XTANDI CAPSULE, TABLET (ORAL)",Preferred
"ONCOLOGY, ORAL - PROSTATE",YONSA TABLET (ORAL),Preferred
"ONCOLOGY, ORAL - RENAL CELL",CABOMETYX TABLET (ORAL),Preferred
"ONCOLOGY, ORAL - RENAL CELL",EVEROLIMUS TABLET (not DISPERZ TABS) (ORAL),Preferred
"ONCOLOGY, ORAL - RENAL CELL",FOTIVDA CAPSULE (ORAL),Preferred
"ONCOLOGY, ORAL - RENAL CELL",INLYTA TABLET (ORAL),Preferred
"ONCOLOGY, ORAL - RENAL CELL","LENVIMA CAPSULE, DAILY DOSE (ORAL)",Preferred
"ONCOLOGY, ORAL - RENAL CELL",NEXAVAR TABLET (ORAL),Preferred
"ONCOLOGY, ORAL - RENAL CELL",SUTENT CAPSULE (ORAL),Preferred
"ONCOLOGY, ORAL - RENAL CELL",TORPENZ TABLET (ORAL),Preferred
"ONCOLOGY, ORAL - RENAL CELL",VOTRIENT TABLET (ORAL),Preferred
"ONCOLOGY, ORAL - RENAL CELL",WELIREG TABLET (ORAL),Preferred
PROGESTATIONAL AGENTS,GALLIFREY TABLET (ORAL),Preferred
PROGESTATIONAL AGENTS,MEDROXYPROGESTERONE TABLET (ORAL),Preferred
PROGESTATIONAL AGENTS,NORETHINDRONE TABLET (ORAL),Preferred
PROGESTATIONAL AGENTS,PROGESTERONE CAPSULE (ORAL),Preferred
PROGESTATIONAL AGENTS,PROGESTERONE VIAL (INTRAMUSC),Preferred
PROGESTATIONAL AGENTS,PROTON PUMP INHIBITORS ‡,Preferred
PROGESTATIONAL AGENTS,(STEP THERAPY CATEGORY),Preferred
PROGESTATIONAL AGENTS,ESOMEPRAZOLE 20MG CAPSULE (OTC & RX) (ORAL),Preferred
PROGESTATIONAL AGENTS,ESOMEPRAZOLE 40MG CAPSULE (ORAL),Preferred
PROGESTATIONAL AGENTS,NEXIUM PACKET SUSPENSION (not CAPSULE) (ORAL),Preferred
PROGESTATIONAL AGENTS,"OMEPRAZOLE 10MG, 20MG, 40MG CAPSULE (Rx ONLY) (ORA",Preferred
PROGESTATIONAL AGENTS,PANTOPRAZOLE TABLET (ORAL),Preferred
PROGESTATIONAL AGENTS,PROTONIX SUSPENSION (ORAL),Preferred
SEDATIVE HYPNOTICS,ESZOPICLONE TABLET (ORAL),Preferred
SEDATIVE HYPNOTICS,"TEMAZEPAM 15MG, 30MG CAPSULE (not 7.5MG or 22.5MG) (O",Preferred
SEDATIVE HYPNOTICS,ZALEPLON CAPSULE (ORAL),Preferred
SEDATIVE HYPNOTICS,"ZOLPIDEM TARTRATE 5MG, 10MG TABLET (not ER or SL) (ORA",Preferred
SICKLE CELL ANEMIA TREATMENTS,ADAKVEO VIAL (INTRAVENOUS),Preferred
SICKLE CELL ANEMIA TREATMENTS,ENDARI POWDER PACKET(ORAL),Preferred
SICKLE CELL ANEMIA TREATMENTS,SIKLOS TABLET (ORAL),Preferred
SKELETAL MUSCLE RELAXANTS,BACLOFEN TABLET (not SOLUTION) (ORAL),Preferred
SKELETAL MUSCLE RELAXANTS,CYCLOBENZAPRINE TABLET (not ER CAPS) (ORAL),Preferred
SKELETAL MUSCLE RELAXANTS,METHOCARBAMOL TABLET (ORAL),Preferred
SKELETAL MUSCLE RELAXANTS,TIZANIDINE TABLET (not CAPSULE ) (ORAL),Preferred
SMOKING CESSATION,BUPROPION HCL SR 150 MG TABLET (ORAL),Preferred
SMOKING CESSATION,CHANTIX TABLET (ORAL),Preferred
SMOKING CESSATION,"CHANTIX STARTING MONTH BOX, CONT MONTH BOX (ORAL)",Preferred
SMOKING CESSATION,NICOTINE GUM OTC (not BRAND) (BUCCAL),Preferred
SMOKING CESSATION,NICOTINE LOZENGE OTC (not BRAND) (MUCOUS MEM),Preferred
SMOKING CESSATION,NICOTINE PATCH OTC (not BRAND) (TRANSDERMAL),Preferred
SMOKING CESSATION,NICOTINE TRANSDERMAL SYSTEM OTC (TRANSDERMAL),Preferred
SMOKING CESSATION,VARENICLINE TABLET (ORAL),Preferred
SMOKING CESSATION,"VARENICLINE STARTING MONTH BOX, CONT MONTH BOX (O",Preferred
"ANGIOTENSIN MODULATORS, CONT.",RAMIPRIL CAPSULE (ORAL),Preferred
"ANGIOTENSIN MODULATORS, CONT.",VALSARTAN TABLET (ORAL),Preferred
"ANGIOTENSIN MODULATORS, CONT.",VALSARTAN / HCTZ TABLET (ORAL),Preferred
"ANGIOTENSIN MODULATORS, CONT.",CAL),Preferred
ANGIOTENSIN MODULATOR COMBINATIONS,AMLODIPINE / BENAZEPRIL CAPSULE (ORAL),Preferred
ANGIOTENSIN MODULATOR COMBINATIONS,AMLODIPINE / OLMESARTAN TABLET (ORAL),Preferred
ANGIOTENSIN MODULATOR COMBINATIONS,AMLODIPINE / VALSARTAN TABLET (ORAL),Preferred
ANGIOTENSIN MODULATOR COMBINATIONS,AL),Preferred
ANTHELMINTICS,ALBENDAZOLE TABLET (ORAL),Preferred
ANTHELMINTICS,BILTRICIDE TABLET (ORAL),Preferred
ANTHELMINTICS,IVERMECTIN TABLET (ORAL),Preferred
ANTHELMINTICS,PRAZIQUANTEL TABLET (ORAL),Preferred
"ANTI-ALLERGENS, ORAL",All agents require non-PDL PA,Preferred
"ANTIBIOTICS, GI",METRONIDAZOLE TABLET (not CAPSULE) (ORAL),Preferred
"ANTIBIOTICS, GI",TINIDAZOLE TABLET (ORAL),Preferred
"ANTIBIOTICS, GI",VANCOMYCIN CAPSULE (ORAL),Preferred
"ANTIBIOTICS, GI",VANCOMYCIN 25 MG/ML SOLUTION (FIRVANQ) (ORAL),Preferred
"ANTIBIOTICS, INHALED",BETHKIS 300 MG/4 ML AMPULE (INHALATION),Preferred
"ANTIBIOTICS, INHALED",KITABIS PAK 300 MG/5 ML (INHALATION),Preferred
"ANTIBIOTICS, INHALED",TOBI PODHALER 28MG INHALE CAPS (49502-0401-24) (INHAL,Preferred
"ANTIBIOTICS, INHALED",TOBRAMYCIN 300 MG/5 ML AMPULE (00093-4085-63) (INHALA,Preferred
"ANTIBIOTICS, TOPICAL",GENTAMICIN 0.1% CREAM (TOPICAL),Preferred
"ANTIBIOTICS, TOPICAL",GENTAMICIN 0.1% OINTMENT (TOPICAL),Preferred
"ANTIBIOTICS, TOPICAL",MUPIROCIN 2% OINTMENT (not CREAM) (TOPICAL),Preferred
"ANTIBIOTICS, VAGINAL",CLEOCIN OVULES (VAGINAL),Preferred
"ANTIBIOTICS, VAGINAL",CLINDAMYCIN 2% VAGINAL CREAM (VAGINAL),Preferred
"ANTIBIOTICS, VAGINAL",METRONIDAZOLE VAGINAL 0.75% GEL (VAGINAL),Preferred
"ANTIBIOTICS, VAGINAL",NUVESSA VAGINAL 1.3% GEL (VAGINAL),Preferred
ANTICOAGULANTS,ELIQUIS STARTER PACK (ORAL),Preferred
ANTICOAGULANTS,ELIQUIS TABLET (ORAL),Preferred
ANTICOAGULANTS,ENOXAPARIN SYRINGE (SUBCUTANEOUS),Preferred
ANTICOAGULANTS,ENOXAPARIN VIAL (SUBCUTANEOUS),Preferred
ANTICOAGULANTS,JANTOVEN TABLET (ORAL),Preferred
ANTICOAGULANTS,PRADAXA CAPSULE (not PELLET PACK) (ORAL),Preferred
ANTICOAGULANTS,WARFARIN TABLET (ORAL),Preferred
ANTICOAGULANTS,XARELTO TABLET (ORAL),Preferred
ANTICOAGULANTS,XARELTO STARTER PACK (ORAL),Preferred
"ANTIPSYCHOTICS, CONT.",LURASIDONE TABLET (ORAL),Preferred
"ANTIPSYCHOTICS, CONT.",MOLINDONE TABLET (ORAL),Preferred
"ANTIPSYCHOTICS, CONT.","OLANZAPINE TABLET, ODT (ORAL)",Preferred
"ANTIPSYCHOTICS, CONT.",OLANZAPINE / FLUOXETINE CAPSULE (ORAL),Preferred
"ANTIPSYCHOTICS, CONT.",PALIPERIDONE ER TABLET (ORAL),Preferred
"ANTIPSYCHOTICS, CONT.",PERPHENAZINE TABLET (ORAL),Preferred
"ANTIPSYCHOTICS, CONT.",PERPHENAZINE / AMITRIPTYLINE TABLET (ORAL),Preferred
"ANTIPSYCHOTICS, CONT.",PERSERIS ER SYRINGE KIT (SUBCUTANEOUS),Preferred
"ANTIPSYCHOTICS, CONT.",PIMOZIDE TABLET (ORAL),Preferred
"ANTIPSYCHOTICS, CONT.","QUETIAPINE TABLET, ER TABLET (ORAL)",Preferred
"ANTIPSYCHOTICS, CONT.",REXULTI TABLET (not PACK) (ORAL),Preferred
"ANTIPSYCHOTICS, CONT.",RISPERDAL CONSTA VIAL (INTRAMUSC.),Preferred
"ANTIPSYCHOTICS, CONT.","RISPERIDONE ODT, SOLUTION, TABLET (ORAL)",Preferred
"ANTIPSYCHOTICS, CONT.",THIORIDAZINE TABLET (ORAL),Preferred
"ANTIPSYCHOTICS, CONT.",THIOTHIXENE CAPSULE (ORAL),Preferred
"ANTIPSYCHOTICS, CONT.",TRIFLUOPERAZINE TABLET (ORAL),Preferred
"ANTIPSYCHOTICS, CONT.",UZEDY ER SYRINGE (SUBCUTANEOUS),Preferred
"ANTIPSYCHOTICS, CONT.","VRAYLAR CAPSULE, PACK (ORAL)",Preferred
"ANTIPSYCHOTICS, CONT.",ZIPRASIDONE CAPSULE (ORAL),Preferred
"ANTIVIRALS, ORAL","ACYCLOVIR CAPSULE, TABLET (ORAL)",Preferred
"ANTIVIRALS, ORAL",ACYCLOVIR SUSPENSION (ORAL),Preferred
"ANTIVIRALS, ORAL",FAMCICLOVIR TABLET (ORAL),Preferred
"ANTIVIRALS, ORAL",OSELTAMIVIR CAPSULE (ORAL),Preferred
"ANTIVIRALS, ORAL",OSELTAMIVIR SUSPENSION (ORAL),Preferred
"ANTIVIRALS, ORAL",VALACYCLOVIR TABLET (ORAL),Preferred
"ANTIVIRALS, TOPICAL",ACYCLOVIR 5% CREAM (TOPICAL),Preferred
"ANTIVIRALS, TOPICAL",ACYCLOVIR 5% OINTMENT (TOPICAL),Preferred
ANXIOLYTICS,ALPRAZOLAM IR TABLET (not ER or ODT) (ORAL),Preferred
ANXIOLYTICS,BUSPIRONE TABLET (ORAL),Preferred
ANXIOLYTICS,CHLORDIAZEPOXIDE CAPSULE (ORAL),Preferred
ANXIOLYTICS,DIAZEPAM 5 MG/5 ML SOLUTION (not 5 MG/ML CONC) (ORAL),Preferred
ANXIOLYTICS,DIAZEPAM TABLET (ORAL),Preferred
ANXIOLYTICS,"LORAZEPAM TABLET, 2MG/ML INTENSOL (ORAL)",Preferred
BETA-BLOCKERS,ATENOLOL TABLET (ORAL),Preferred
BETA-BLOCKERS,ATENOLOL / CHLORTHALIDONE (ORAL),Preferred
BETA-BLOCKERS,BISOPROLOL TABLET (ORAL),Preferred
BETA-BLOCKERS,BISOPROLOL / HCTZ TABLET (ORAL),Preferred
BETA-BLOCKERS,CARVEDILOL TABLET (not ER) (ORAL),Preferred
BETA-BLOCKERS,HEMANGEOL SOLUTION (ORAL),Preferred
BETA-BLOCKERS,LABETALOL TABLET (ORAL),Preferred
BETA-BLOCKERS,METOPROLOL SUCCINATE ER TABLET (ORAL),Preferred
BETA-BLOCKERS,METOPROLOL TARTRATE TABLET (ORAL),Preferred
BETA-BLOCKERS,"PROPRANOLOL SOLUTION, TABLET (ORAL)",Preferred
BETA-BLOCKERS,PROPRANOLOL ER CAPSULE (ORAL),Preferred
BETA-BLOCKERS,SORINE TABLET (ORAL),Preferred
BETA-BLOCKERS,SOTALOL AF TABLET (ORAL),Preferred
BETA-BLOCKERS,SOTALOL TABLET,Preferred
BILE SALTS,"URSODIOL 250MG, 500MG TABLET (ORAL)",Preferred
BILE SALTS,URSODIOL 300MG CAPSULE (ORAL),Preferred
"COPD AGENTS, CONT.",IPRATROPIUM BR 0.02% SOLUTION (INHALATION),Preferred
"COPD AGENTS, CONT.",ROFLUMILAST TABLET (ORAL),Preferred
"COPD AGENTS, CONT.",SPIRIVA HANDIHALER (INHALATION) (not RESPIMAT),Preferred
"COPD AGENTS, CONT.",STIOLTO RESPIMAT (INHALATION),Preferred
CYTOKINE & CAM ANTAGONISTS ‡,(STEP THERAPY CATEGORY),Preferred
CYTOKINE & CAM ANTAGONISTS ‡,ADALIMUMAB-ADAZ (INJECTION)*,Preferred
CYTOKINE & CAM ANTAGONISTS ‡,ADALIMUMAB-ADBM (not QUALLENT Brand) (INJECTION)*,Preferred
CYTOKINE & CAM ANTAGONISTS ‡,CYLTEZO SYRINGE (INJECTION)*,Preferred
CYTOKINE & CAM ANTAGONISTS ‡,"ENBREL DISP SYRINGE, KIT, PEN (INJECTION)",Preferred
CYTOKINE & CAM ANTAGONISTS ‡,ENBREL MINI CARTRIDGE (SUBCUTANE.),Preferred
CYTOKINE & CAM ANTAGONISTS ‡,ENBREL VIAL (SUBCUTANEOUS),Preferred
CYTOKINE & CAM ANTAGONISTS ‡,"HADLIMA PUSHTOUCH, SYRINGE (INJECTION)*",Preferred
CYTOKINE & CAM ANTAGONISTS ‡,"HUMIRA KIT, PEN INJ KIT (INJECTION)",Preferred
CYTOKINE & CAM ANTAGONISTS ‡,INFLIXIMAB VIAL (INJECTION),Preferred
CYTOKINE & CAM ANTAGONISTS ‡,"ORENCIA CLICKJET, SYRINGE (SUBCUTANE.)*",Preferred
CYTOKINE & CAM ANTAGONISTS ‡,"OTEZLA STARTER PACK, TABLET (ORAL)",Preferred
CYTOKINE & CAM ANTAGONISTS ‡,"TYENNE AUTOINJECT, SYRINGE (SUBCUTANE.)*",Preferred
CYTOKINE & CAM ANTAGONISTS ‡,TYENNE VIAL (INTRAVENOUS)*,Preferred
CYTOKINE & CAM ANTAGONISTS ‡,XELJANZ IR TABLET (not XR or SOLUTION) (ORAL),Preferred
EMOLLIENTS,AMMONIUM LACTATE 12% CREAM (TOPICAL),Preferred
EMOLLIENTS,AMMONIUM LACTATE 12% LOTION (TOPICAL),Preferred
"ENZYME REPLACEMENT, GAUCHERS DISEASE",ZAVESCA 100 MG CAPSULE (ORAL),Preferred
"EPINEPHRINE, SELF-INJECTED",EPINEPHRINE 0.15 MG (49502-0101-02)  (INJECTION),Preferred
"EPINEPHRINE, SELF-INJECTED",EPINEPHRINE 0.3 MG (49502-0102-02) (INJECTION),Preferred
"EPINEPHRINE, SELF-INJECTED",EPIPEN AUTO-INJECTOR (INTRAMUSC),Preferred
"EPINEPHRINE, SELF-INJECTED",EPIPEN JR AUTO-INJECTOR (INTRAMUSC),Preferred
ERYTHROPOIESIS STIMULATING PROTEINS,(DX CODE REQUIRED - ARANESP and RETACRIT),Preferred
ERYTHROPOIESIS STIMULATING PROTEINS,"ARANESP DISP SYRIN, VIAL (INJECTION) (DX CODE REQ.)",Preferred
ERYTHROPOIESIS STIMULATING PROTEINS,EPOGEN VIAL (INJECTION) (DX CODE REQ.),Preferred
ERYTHROPOIESIS STIMULATING PROTEINS,RETACRIT VIAL (PFIZER Brand Only) (INJECTION) (DX CODE R,Preferred
"FLUOROQUINOLONES, ORAL",CIPRO SUSPENSION (ORAL),Preferred
"FLUOROQUINOLONES, ORAL",CIPROFLOXACIN TABLET (ORAL),Preferred
"FLUOROQUINOLONES, ORAL",LEVOFLOXACIN TABLET (ORAL),Preferred
"GI MOTILITY, CHRONIC",AMITIZA CAPSULE (ORAL),Preferred
"GI MOTILITY, CHRONIC",LINZESS CAPSULE (ORAL),Preferred
"GI MOTILITY, CHRONIC",LUBIPROSTONE CAPSULE (ORAL),Preferred
GLUCAGON AGENTS,BAQSIMI SPRAY (NASAL),Preferred
GLUCAGON AGENTS,GLUCAGON 1 MG EMERGENCY KIT (00548-5850-00) (INJECTIO,Preferred
GLUCAGON AGENTS,GLUCAGON 1 MG VIAL (00002-7529-01) (INJECTION),Preferred
GLUCAGON AGENTS,PROGLYCEM SUSPENSION (ORAL),Preferred
INTRANASAL RHINITIS AGENTS,AZELASTINE 0.1% SPRAY 137MCG (not 0.15%) (NASAL),Preferred
INTRANASAL RHINITIS AGENTS,FLUTICASONE PROP 50 MCG SPRAY (RX & OTC) (NASAL),Preferred
INTRANASAL RHINITIS AGENTS,"IPRATROPIUM 0.03%, 0.06% SPRAY (NASAL)",Preferred
INTRANASAL RHINITIS AGENTS,TRIAMCINOLONE 55 MCG SPRAY OTC (NASAL),Preferred
"IRON, ORAL",FEOSOL 65 MG TABLET (OTC) (ORAL),Preferred
"IRON, ORAL",FERATE 27 MG TABLET (OTC) (ORAL),Preferred
"IRON, ORAL",FEROSUL 325 MG TABLET (OTC) (ORAL),Preferred
"IRON, ORAL",FERRO-TIME 325 MG TABLET (OTC) (ORAL),Preferred
"IRON, ORAL",FERROUS FUMARATE 324 MG TABLET (OTC) (ORAL),Preferred
"IRON, ORAL",FERROUS GLUCONATE 324 MG TAB (OTC) (ORAL),Preferred
"IRON, ORAL",FERROUS SULF 15 MG IRON/ML DRP (OTC) (ORAL),Preferred
"IRON, ORAL",FERROUS SULF 220 MG/5 ML ELIX (OTC) (ORAL),Preferred
"IRON, ORAL",FERROUS SULF 300 MG/5 ML CUP (OTC) (ORAL),Preferred
"IRON, ORAL",FERROUS SULF 300 MG/6.8ML SOLN (OTC) (ORAL),Preferred
"IRON, ORAL",FERROUS SULF 44 MG IRON/5ML LQ (OTC) (ORAL),Preferred
"IRON, ORAL",FERROUS SULF EC 324 MG TABLET (OTC) (ORAL),Preferred
"IRON, ORAL",FERROUS SULF EC 325 MG TABLET (OTC) (ORAL),Preferred
"IRON, ORAL",FERROUS SULFATE 325 MG TABLET (OTC) (ORAL),Preferred
"IRON, ORAL",INFANT IRON 15 MG/ML DROP (OTC) (ORAL),Preferred
"IRON, ORAL","IRON 45 MG TABLET, 65MG TABLET (not CHEW) (OTC) (ORAL)",Preferred
"IRON, ORAL",POLYSACCHARIDE IRON 150 MG CAP (OTC) (ORAL),Preferred
"IRON, ORAL",TRUE FERROUS SULF EC 324 MG TB (OTC) (ORAL),Preferred
"IRON, ORAL",WELL FERROUS SULF EC 324 MG TB (OTC) (ORAL),Preferred
LEUKOTRIENE MODIFIERS,MONTELUKAST CHEW TABLET (not GRANULES) (ORAL),Preferred
LEUKOTRIENE MODIFIERS,MONTELUKAST TABLET (ORAL),Preferred
"LIPOTROPICS, OTHER",CHOLESTYRAMINE PACKET (with SUCROSE) (not LIGHT) (ORA,Preferred
"LIPOTROPICS, OTHER",COLESEVELAM TABLET (ORAL),Preferred
"LIPOTROPICS, OTHER",COLESTIPOL TABLET (not GRANULES) (ORAL),Preferred
"LIPOTROPICS, OTHER",EZETIMIBE TABLET (ORAL),Preferred
"LIPOTROPICS, OTHER","FENOFIBRATE 67MG, 134MG, 200MG CAPSULE (ORAL)",Preferred
"LIPOTROPICS, OTHER","FENOFIBRATE 48MG, 54MG, 145MG, 160MG TABLET (ORAL)",Preferred
"LIPOTROPICS, OTHER",GEMFIBROZIL TABLET (ORAL),Preferred
"LIPOTROPICS, OTHER","NIACIN CAPSULE, TABLET (RX & OTC) (ORAL)",Preferred
"LIPOTROPICS, OTHER",NIACIN ER TABLET (ORAL),Preferred
"LIPOTROPICS, OTHER",OMEGA-3 ACID ETHYL ESTERS 1GM CAPSULE (ORAL),Preferred
"LIPOTROPICS, OTHER",SLO-NIACIN TABLET (OTC) (ORAL),Preferred
"LIPOTROPICS, STATINS ‡",(STEP THERAPY CATEGORY),Preferred
"LIPOTROPICS, STATINS ‡",ATORVASTATIN TABLET (ORAL),Preferred
"LIPOTROPICS, STATINS ‡",LOVASTATIN TABLET (ORAL),Preferred
"LIPOTROPICS, STATINS ‡",PRAVASTATIN TABLET (ORAL),Preferred
"LIPOTROPICS, STATINS ‡",ROSUVASTATIN TABLET (ORAL),Preferred
"LIPOTROPICS, STATINS ‡",SIMVASTATIN TABLET (ORAL),Preferred
MACROLIDES/KETOLIDES,AZITHROMYCIN 1 GM POWDER PACKET (ORAL),Preferred
MACROLIDES/KETOLIDES,"AZITHROMYCIN SUSPENSION, TABLET (ORAL)",Preferred
MACROLIDES/KETOLIDES,CLARITHROMYCIN IR TABLET (not ER) (ORAL),Preferred
MACROLIDES/KETOLIDES,ERYTHROCIN 250 MG FILM-COATED TAB (ORAL),Preferred
MACROLIDES/KETOLIDES,ERYTHROMYCIN 200 MG/5 ML SUSPENSION (ORAL),Preferred
MACROLIDES/KETOLIDES,ERYTHROMYCIN DR TABLET (not IR or ES 400MG) (ORAL),Preferred
"ONCOLOGY, ORAL - SKIN",BRAFTOVI CAPSULE (ORAL),Preferred
"ONCOLOGY, ORAL - SKIN",COTELLIC TABLET (ORAL),Preferred
"ONCOLOGY, ORAL - SKIN",ERIVEDGE CAPSULE (ORAL),Preferred
"ONCOLOGY, ORAL - SKIN",MEKINIST TABLET (ORAL),Preferred
"ONCOLOGY, ORAL - SKIN",MEKTOVI TABLET (ORAL),Preferred
"ONCOLOGY, ORAL - SKIN",ODOMZO CAPSULE (ORAL),Preferred
"ONCOLOGY, ORAL - SKIN","OJEMDA SUSP, TABLET (ORAL)",Preferred
"ONCOLOGY, ORAL - SKIN",TAFINLAR CAPSULE (ORAL),Preferred
"ONCOLOGY, ORAL - SKIN",ZELBORAF TABLET (ORAL),Preferred
OPHTHALMICS FOR ALLERGIC CONJUNCTIVITIS,ALREX 0.2% EYE DROP (OPHTHALMIC),Preferred
OPHTHALMICS FOR ALLERGIC CONJUNCTIVITIS,AZELASTINE HCL 0.05% DROPS (OPHTHALMIC)*,Preferred
OPHTHALMICS FOR ALLERGIC CONJUNCTIVITIS,CROMOLYN SODIUM 4% DROPS (OPHTHALMIC),Preferred
OPHTHALMICS FOR ALLERGIC CONJUNCTIVITIS,OLOPATADINE OTC 0.1% EYE DROP (OTC only) (OPHTHALMIC,Preferred
OPHTHALMICS FOR ALLERGIC CONJUNCTIVITIS,OLOPATADINE OTC 0.2% EYE DROP (OTC only) (OPHTHALMIC),Preferred
OPHTHALMICS FOR ALLERGIC CONJUNCTIVITIS,PATADAY ONCE DAILY 0.7% DROPS (OTC) (OPHTHALMIC),Preferred
OPHTHALMIC ANTIBIOTICS,BACITRACIN-POLYMYXIN B SULFATE OINTMENT (OPHTHALM,Preferred
OPHTHALMIC ANTIBIOTICS,CIPROFLOXACIN 0.3% SOLUTION (OPHTHALMIC),Preferred
OPHTHALMIC ANTIBIOTICS,ERYTHROMYCIN 0.5% OINTMENT (OPHTHALMIC),Preferred
OPHTHALMIC ANTIBIOTICS,GENTAMICIN 0.3% SOLUTION (OPHTHALMIC),Preferred
OPHTHALMIC ANTIBIOTICS,MOXIFLOXACIN 0.5% DROPS (not VISC) (OPHTHALMIC),Preferred
OPHTHALMIC ANTIBIOTICS,OFLOXACIN 0.3% SOLUTION (OPHTHALMIC),Preferred
OPHTHALMIC ANTIBIOTICS,POLYMYXIN B-TMP DROP (OPHTHALMIC),Preferred
OPHTHALMIC ANTIBIOTICS,TOBRAMYCIN 0.3% SOLUTON (OPHTHALMIC),Preferred
OPHTHALMIC ANTIBIOTICS,TOBREX 0.3% EYE OINTMENT (OPHTHALMIC),Preferred
OPHTHALMIC ANTIBIOTIC-STEROID COMBINATIONS,NEOMYCIN / POLY / DEXAMETHASONE OINTMENT (OPHTHAL,Preferred
OPHTHALMIC ANTIBIOTIC-STEROID COMBINATIONS,NEOMYCIN / POLY / DEXAMETHASONE DROP (OPHTHALMIC),Preferred
OPHTHALMIC ANTIBIOTIC-STEROID COMBINATIONS,SULFACETAMIDE / PREDNISOLONE 10-0.23% (OPHTHALMIC),Preferred
OPHTHALMIC ANTIBIOTIC-STEROID COMBINATIONS,TOBRADEX EYE DROP (OPHTHALMIC),Preferred
OPHTHALMIC ANTIBIOTIC-STEROID COMBINATIONS,TOBRADEX EYE OINTMENT (OPHTHALMIC),Preferred
OPHTHALMIC ANTIBIOTIC-STEROID COMBINATIONS,TOBRAMYCIN-DEXAMETH OPHTH SUSP (OPHTHALMIC),Preferred
"OPHTHALMIC, ANTI-INFLAMMATORIES",DICLOFENAC 0.1% DROP (OPHTHALMIC),Preferred
"OPHTHALMIC, ANTI-INFLAMMATORIES",DUREZOL 0.05% EYE DROPS (OPHTHALMIC),Preferred
"OPHTHALMIC, ANTI-INFLAMMATORIES",FLUOROMETHOLONE 0.1% DROP (OPHTHALMIC),Preferred
"OPHTHALMIC, ANTI-INFLAMMATORIES",FML FORTE 0.25% DROP (not LIQUIFILM) (OPHTHALMIC),Preferred
"OPHTHALMIC, ANTI-INFLAMMATORIES",KETOROLAC 0.5% SOLUTION (not 0.4%) (OPHTHALMIC),Preferred
"OPHTHALMIC, ANTI-INFLAMMATORIES",LOTEMAX 0.5% EYE DROP (not GEL) (OPHTHALMIC),Preferred
"OPHTHALMIC, ANTI-INFLAMMATORIES",NEVANAC 0.1% DROPTAINER (OPHTHALMIC),Preferred
"OPHTHALMIC, ANTI-INFLAMMATORIES",PRED MILD 0.12% EYE DROP (not FORTE) (OPHTHALMIC),Preferred
"OPHTHALMIC, ANTI-INFLAMMATORIES",PREDNISOLONE AC 1% EYE DROP (OPHTHALMIC),Preferred
"OPHTHALMIC, ANTI-INFLAMMATORY/IMMUNOMODULATOR",RESTASIS 0.05% EYE EMULSION (OPHTHALMIC),Preferred
"OPHTHALMIC, ANTI-INFLAMMATORY/IMMUNOMODULATOR",XIIDRA 5% DROPS (OPHTHALMIC),Preferred
"STEROIDS, TOPICAL HIGH POTENCY",BETAMETHASONE DP AUG 0.05% CREAM (TOPICAL),Preferred
"STEROIDS, TOPICAL HIGH POTENCY",BETAMETHASONE VALERATE 0.1% CREAM (TOPICAL),Preferred
"STEROIDS, TOPICAL HIGH POTENCY",BETAMETHASONE VALERATE 0.1% LOTION (TOPICAL),Preferred
"STEROIDS, TOPICAL HIGH POTENCY",BETAMETHASONE VALERATE 0.1% OINTMENT (TOPICAL),Preferred
"STEROIDS, TOPICAL HIGH POTENCY",FLUOCINONIDE 0.05% OINTMENT (TOPICAL)*,Preferred
"STEROIDS, TOPICAL HIGH POTENCY","TRIAMCINOLONE ACETONIDE 0.025%, 0.1%, 0.5% CREAM (TO",Preferred
"STEROIDS, TOPICAL HIGH POTENCY","TRIAMCINOLONE ACETONIDE 0.025%, 0.1% LOTION (TOPICAL",Preferred
"STEROIDS, TOPICAL HIGH POTENCY","TRIAMCINOLONE ACETONIDE 0.05%, 0.1%, 0.5% OINTMENT (T",Preferred
"STEROIDS, TOPICAL LOW POTENCY",ANUSOL-HC 2.5% CREAM (TOPICAL),Preferred
"STEROIDS, TOPICAL LOW POTENCY",CAPEX SHAMPOO (TOPICAL),Preferred
"STEROIDS, TOPICAL LOW POTENCY",DERMA-SMOOTHE-FS BODY OIL (TOPICAL),Preferred
"STEROIDS, TOPICAL LOW POTENCY",DERMA-SMOOTHE-FS SCALP OIL (TOPICAL),Preferred
"STEROIDS, TOPICAL LOW POTENCY",DESONIDE CREAM (TOPICAL),Preferred
"STEROIDS, TOPICAL LOW POTENCY",DESONIDE 0.05% OINTMENT (not LOTION) (TOPICAL),Preferred
"STEROIDS, TOPICAL LOW POTENCY",HYDROCORTISONE 0.5% CREAM (OTC) (TOPICAL)*,Preferred
"STEROIDS, TOPICAL LOW POTENCY",HYDROCORTISONE 1% CREAM (RX or OTC) (TOPICAL)*,Preferred
"STEROIDS, TOPICAL LOW POTENCY",HYDROCORTISONE 1% OINTMENT (RX or OTC) (TOPICAL),Preferred
"STEROIDS, TOPICAL LOW POTENCY",HYDROCORTISONE 2.5% CREAM (TOPICAL),Preferred
"STEROIDS, TOPICAL LOW POTENCY",HYDROCORTISONE 2.5% LOTION (TOPICAL),Preferred
"STEROIDS, TOPICAL LOW POTENCY",HYDROCORTISONE 2.5% OINTMENT (TOPICAL),Preferred
"STEROIDS, TOPICAL LOW POTENCY",HYDROCORTISONE (PROCTO) RECTAL CREAM 2.5% (TOPICA,Preferred
"STEROIDS, TOPICAL LOW POTENCY",PROCTOCORT 1% CREAM (TOPICAL),Preferred
"STEROIDS, TOPICAL MEDIUM POTENCY",FLUTICASONE PROPIONATE 0.005% OINTMENT (TOPICAL),Preferred
"STEROIDS, TOPICAL MEDIUM POTENCY",FLUTICASONE PROPIONATE 0.05% CREAM (TOPICAL),Preferred
"STEROIDS, TOPICAL MEDIUM POTENCY",MOMETASONE FUROATE 0.1% CREAM (TOPICAL),Preferred
"STEROIDS, TOPICAL MEDIUM POTENCY",MOMETASONE FUROATE 0.1% OINTMENT (TOPICAL),Preferred
"STEROIDS, TOPICAL MEDIUM POTENCY",MOMETASONE FUROATE 0.1% SOLUTION (TOPICAL),Preferred
"STEROIDS, TOPICAL VERY HIGH POTENCY",CLOBEX / CLODAN 0.05% SHAMPOO (TOPICAL),Preferred
"STEROIDS, TOPICAL VERY HIGH POTENCY",CLOBETASOL EMOLLIENT 0.05% CREAM (TOPICAL),Preferred
"STEROIDS, TOPICAL VERY HIGH POTENCY",CLOBETASOL PROPIONATE 0.05% CREAM (TOPICAL),Preferred
"STEROIDS, TOPICAL VERY HIGH POTENCY",CLOBETASOL PROPIONATE 0.05% GEL (TOPICAL),Preferred
"STEROIDS, TOPICAL VERY HIGH POTENCY",CLOBETASOL PROPIONATE 0.05% OINTMENT (TOPICAL),Preferred
"STEROIDS, TOPICAL VERY HIGH POTENCY",CLOBETASOL PROPIONATE 0.05% SHAMPOO (TOPICAL),Preferred
"STEROIDS, TOPICAL VERY HIGH POTENCY",CLOBETASOL PROPIONATE 0.05% SOLUTION (TOPICAL),Preferred
"STEROIDS, TOPICAL VERY HIGH POTENCY",HALOBETASOL PROPIONATE 0.05% CREAM (TOPICAL),Preferred
"STEROIDS, TOPICAL VERY HIGH POTENCY",HALOBETASOL PROPIONATE OINTMENT (TOPICAL),Preferred
ANTICONVULSANTS,"CARBAMAZEPINE TAB CHEW, IR TABLET (not ER) (ORAL)",Preferred
ANTICONVULSANTS,CARBATROL ER CAPSULE (ORAL),Preferred
ANTICONVULSANTS,CLOBAZAM SUSPENSION (ORAL)*,Preferred
ANTICONVULSANTS,CLOBAZAM TABLET (ORAL),Preferred
ANTICONVULSANTS,CLONAZEPAM IR TABLET (not ODT or ER) (ORAL),Preferred
ANTICONVULSANTS,DEPAKOTE SPRINKLE CAPSULE (not TABLET) (ORAL),Preferred
ANTICONVULSANTS,DIAZEPAM RECTAL GEL SYSTEM (RECTAL),Preferred
ANTICONVULSANTS,DIVALPROEX SOD DR TABLET (not SPRINKLE) (ORAL),Preferred
ANTICONVULSANTS,DIVALPROEX SOD ER TABLET (ORAL),Preferred
ANTICONVULSANTS,EPIDIOLEX SOLUTION (ORAL),Preferred
ANTICONVULSANTS,EPITOL TABLET (ORAL),Preferred
ANTICONVULSANTS,"ETHOSUXIMIDE CAPSULE, SOLUTION (ORAL)",Preferred
ANTICONVULSANTS,"LACOSAMIDE TABLET, SOLUTION (not CUP)",Preferred
ANTICONVULSANTS,LAMOTRIGINE CHEW DISPERS TAB (not ODT) (ORAL),Preferred
ANTICONVULSANTS,LAMOTRIGINE TABLET (not ER) (ORAL),Preferred
ANTICONVULSANTS,"LEVETIRACETAM SOLUTION, IR TABLET (not ER) (ORAL)",Preferred
ANTICONVULSANTS,NAYZILAM NASAL SPRAY (NASAL),Preferred
ANTICONVULSANTS,OXCARBAZEPINE TABLET (ORAL),Preferred
ANTICONVULSANTS,"PHENOBARBITAL ELIXIR, SOLUTION, TABLET (ORAL)",Preferred
ANTICONVULSANTS,"PHENYTOIN CHEW TABLET, SUSPENSION (ORAL)",Preferred
ANTICONVULSANTS,"PHENYTOIN SOD EXT 100 MG CAPS (not 200MG, 300MG) (ORA",Preferred
ANTICONVULSANTS,PRIMIDONE TABLET (ORAL),Preferred
ANTICONVULSANTS,ROWEEPRA TABLET (ORAL),Preferred
ANTICONVULSANTS,SABRIL 500 MG POWDER PACK (ORAL),Preferred
ANTICONVULSANTS,SABRIL 500 MG TABLET (ORAL),Preferred
ANTICONVULSANTS,SUBVENITE TABLET (not START KIT) (ORAL),Preferred
ANTICONVULSANTS,TEGRETOL 100 MG/5 ML SUSPENSION (ORAL),Preferred
ANTICONVULSANTS,TEGRETOL XR TABLET (ORAL),Preferred
ANTICONVULSANTS,TIAGABINE TABLET  (ORAL),Preferred
ANTICONVULSANTS,TOPIRAMATE SPRINKLE CAPSULE (ORAL),Preferred
ANTICONVULSANTS,TOPIRAMATE TABLET (not ER) (ORAL),Preferred
ANTICONVULSANTS,TRILEPTAL 300 MG/5 ML SUSPENSION (ORAL),Preferred
ANTICONVULSANTS,"VALPROIC ACID CAPSULE, SOLUTION (ORAL)",Preferred
ANTICONVULSANTS,VALTOCO NASAL SPRAY (NASAL),Preferred
ANTICONVULSANTS,ZONISAMIDE CAPSULE (ORAL),Preferred
"ANTIDEPRESSANTS, OTHER",BUPROPION HCL TABLET (ORAL),Preferred
"ANTIDEPRESSANTS, OTHER",BUPROPION SR TABLET (ORAL),Preferred
"ANTIDEPRESSANTS, OTHER",BUPROPION XL TABLET (NOT 450MG) (ORAL),Preferred
"ANTIDEPRESSANTS, OTHER",DESVENLAFAXINE SUCC ER TABLET (ORAL),Preferred
"ANTIDEPRESSANTS, OTHER","MIRTAZAPINE TABLET, ODT (ORAL)",Preferred
"ANTIDEPRESSANTS, OTHER",TRAZODONE TABLET (ORAL),Preferred
"ANTIDEPRESSANTS, OTHER",TRINTELLIX TABLET (ORAL),Preferred
"ANTIDEPRESSANTS, OTHER",VENLAFAXINE ER CASPULES (not ER TABLET) (ORAL),Preferred
"ANTIDEPRESSANTS, OTHER",VENLAFAXINE IR TABLET (ORAL)*,Preferred
"ANTIDEPRESSANTS, OTHER",VILAZODONE TABLET (ORAL),Preferred
"ANTIDEPRESSANTS, SSRIs","CITALOPRAM TABLET, SOLUTION (not CAPS) (ORAL)",Preferred
"ANTIDEPRESSANTS, SSRIs","ESCITALOPRAM TABLET, SOLUTION (ORAL)",Preferred
"ANTIDEPRESSANTS, SSRIs",FLUOXETINE 20 MG/5 ML SOLUTION (ORAL),Preferred
"ANTIDEPRESSANTS, SSRIs",FLUOXETINE CAPSULE (not 90 MG) (ORAL),Preferred
"ANTIDEPRESSANTS, SSRIs",FLUOXETINE 10 MG TABLET (not 20 MG or 60 MG) (ORAL),Preferred
"ANTIDEPRESSANTS, SSRIs",FLUVOXAMINE IR TABLET (not ER or CAPS) (ORAL),Preferred
"ANTIDEPRESSANTS, SSRIs",PAROXETINE TABLET (IR only) (ORAL),Preferred
"ANTIDEPRESSANTS, SSRIs","SERTRALINE TABLET, ORAL CONC (not CAPSULE) (ORAL)",Preferred
BLADDER RELAXANT PREPARATIONS,FESOTERODINE ER TABLET (ORAL),Preferred
BLADDER RELAXANT PREPARATIONS,MYRBETRIQ ER TABLET (ORAL),Preferred
BLADDER RELAXANT PREPARATIONS,OXYBUTYNIN ER TABLET (ORAL),Preferred
BLADDER RELAXANT PREPARATIONS,"OXYBUTYNIN SOLUTION, TABLET (not 2.5MG) (ORAL)",Preferred
BLADDER RELAXANT PREPARATIONS,SOLIFENACIN TABLET (ORAL),Preferred
BONE RESORPTION SUPPRESSION & RELATED AGENTS,ALENDRONATE TABLET (ORAL),Preferred
BONE RESORPTION SUPPRESSION & RELATED AGENTS,CALCITONIN-SALMON 200 UNITS SPRAY (NASAL),Preferred
BONE RESORPTION SUPPRESSION & RELATED AGENTS,FORTEO 600 MCG/2.4 ML PEN INJ (SUBCUTANE.),Preferred
BONE RESORPTION SUPPRESSION & RELATED AGENTS,IBANDRONATE TABLETS (ORAL),Preferred
BOTULINUM TOXINS,BOTOX VIAL (not COSMETIC) (INTRAMUSC),Preferred
BOTULINUM TOXINS,DYSPORT VIAL (INTRAMUSC),Preferred
BPH TREATMENTS (SEE DX CODE REQ.),(DX CODE REQUIRED - TADALAFIL),Preferred
BPH TREATMENTS (SEE DX CODE REQ.),ALFUZOSIN ER TABLET (ORAL),Preferred
BPH TREATMENTS (SEE DX CODE REQ.),DOXAZOSIN MESYLATE TABLET (ORAL),Preferred
BPH TREATMENTS (SEE DX CODE REQ.),DUTASTERIDE CAPSULE (ORAL),Preferred
BPH TREATMENTS (SEE DX CODE REQ.),FINASTERIDE 5 MG TABLET (not 1 MG) (ORAL),Preferred
BPH TREATMENTS (SEE DX CODE REQ.),TAMSULOSIN CAPSULE (ORAL),Preferred
BPH TREATMENTS (SEE DX CODE REQ.),TERAZOSIN CAPSULE (ORAL),Preferred
"BRONCHODILATORS, BETA AGONIST","ALBUTEROL NEB SOLN  0.63, 1.25, 2.5 MG/3 ML (INHALATION)",Preferred
"BRONCHODILATORS, BETA AGONIST",ALBUTEROL NEB SOLN 2.5 MG/0.5 ML (INHALATION),Preferred
"BRONCHODILATORS, BETA AGONIST",ALBUTEROL SULF 2 MG/5 ML SYRUP (ORAL),Preferred
"BRONCHODILATORS, BETA AGONIST",PROAIR RESPICLICK (INHALATION),Preferred
"BRONCHODILATORS, BETA AGONIST",SEREVENT DISKUS (INHALATION),Preferred
"BRONCHODILATORS, BETA AGONIST",VENTOLIN HFA (INHALATION),Preferred
"BRONCHODILATORS, BETA AGONIST",XOPENEX HFA (INHALATION),Preferred
CALCIUM CHANNEL BLOCKERS,AMLODIPINE TABLET (ORAL),Preferred
CALCIUM CHANNEL BLOCKERS,CARTIA XT CAPSULE (ORAL),Preferred
CALCIUM CHANNEL BLOCKERS,DILT XR CAPSULE (ORAL),Preferred
CALCIUM CHANNEL BLOCKERS,DILTIAZEM 12HR ER CAPSULE (ORAL),Preferred
CALCIUM CHANNEL BLOCKERS,DILTAIZEM 24HR ER (CD or XR) CAPSULE (not TABS) (ORAL),Preferred
CALCIUM CHANNEL BLOCKERS,DILTIAZEM IR TABLET (ORAL),Preferred
CALCIUM CHANNEL BLOCKERS,FELODIPINE ER TABLET (ORAL),Preferred
CALCIUM CHANNEL BLOCKERS,NIFEDIPINE ER TABLET (not IR CAP) (ORAL),Preferred
CALCIUM CHANNEL BLOCKERS,TAZTIA XT CAPSULE (ORAL),Preferred
CALCIUM CHANNEL BLOCKERS,TIADYLT ER CAPSULE (ORAL),Preferred
CALCIUM CHANNEL BLOCKERS,VERAPAMIL TABLET (ORAL),Preferred
CALCIUM CHANNEL BLOCKERS,VERAPAMIL TABLET ER TABLET (not ER CAPS) (ORAL),Preferred
CEPHALOSPORINS AND RELATED ANTIBIOTICS,AMOXICILLIN / CLAV SUSPENSION (ORAL),Preferred
CEPHALOSPORINS AND RELATED ANTIBIOTICS,AMOXICILLIN / CLAV TABLET (not CHEW TAB or ER) (ORAL),Preferred
CEPHALOSPORINS AND RELATED ANTIBIOTICS,CEFACLOR CAPSULE (not SUSPENSION) (ORAL),Preferred
CEPHALOSPORINS AND RELATED ANTIBIOTICS,"CEFADROXIL CAPSULE, SUSPENSION (not 1G TAB) (ORAL)",Preferred
CEPHALOSPORINS AND RELATED ANTIBIOTICS,"CEFDINIR CAPSULE, SUSPENSION (ORAL)",Preferred
CEPHALOSPORINS AND RELATED ANTIBIOTICS,"CEFPROZIL SUSPENSION, TABLET (ORAL)",Preferred
CEPHALOSPORINS AND RELATED ANTIBIOTICS,CEFUROXIME AXETIL TABLET (ORAL),Preferred
CEPHALOSPORINS AND RELATED ANTIBIOTICS,"CEPHALEXIN CAPSULE, SUSPENSION (not TABLET) (ORAL)",Preferred
"GLUCAGON AGENTS, CONT.",ZEGALOGUE AUTOINJECTOR (SUBCUTAN.),Preferred
"GLUCAGON AGENTS, CONT.",ZEGALOGUE SYRINGE (SUBCUTANEOUS),Preferred
"GLUCOCORTICOIDS, INHALED",ADVAIR DISKUS (INHALATION),Preferred
"GLUCOCORTICOIDS, INHALED",ADVAIR HFA (INHALATION),Preferred
"GLUCOCORTICOIDS, INHALED",ARNUITY ELLIPTA (INHALATION),Preferred
"GLUCOCORTICOIDS, INHALED",ASMANEX HFA (INHALATION)*,Preferred
"GLUCOCORTICOIDS, INHALED",ASMANEX TWISTHALER (INHALATION),Preferred
"GLUCOCORTICOIDS, INHALED",BREO ELLIPTA (INHALATION),Preferred
"GLUCOCORTICOIDS, INHALED","BUDESONIDE 0.25, 0.5, 1 MG  RESPULES (INHALATION)",Preferred
"GLUCOCORTICOIDS, INHALED",DULERA INHALER (INHALATION),Preferred
"GLUCOCORTICOIDS, INHALED",FLOVENT DISKUS (INHALATION),Preferred
"GLUCOCORTICOIDS, INHALED",FLOVENT HFA (INHALATION),Preferred
"GLUCOCORTICOIDS, INHALED",FLUTICASONE DISKUS  (INHALATION),Preferred
"GLUCOCORTICOIDS, INHALED",FLUTICASONE HFA (INHALATION),Preferred
"GLUCOCORTICOIDS, INHALED",PULMICORT FLEXHALER (INHALATION),Preferred
"GLUCOCORTICOIDS, INHALED",QVAR REDIHALER (INHALATION)*,Preferred
"GLUCOCORTICOIDS, INHALED",SYMBICORT INHALER (INHALATION),Preferred
"GLUCOCORTICOIDS, INHALED",TRELEGY ELLIPTA (INHALATION),Preferred
"GLUCOCORTICOIDS, ORAL",BUDESONIDE DR & EC CAPSULE (ORAL),Preferred
"GLUCOCORTICOIDS, ORAL",DEXAMETHASONE TABLET (not DOSE PACK) (ORAL),Preferred
"GLUCOCORTICOIDS, ORAL",HYDROCORTISONE TABLET (ORAL),Preferred
"GLUCOCORTICOIDS, ORAL",METHYLPREDNISOLONE DOSE PACK (4 MG) (ORAL),Preferred
"GLUCOCORTICOIDS, ORAL",PREDNISOLONE 15 MG/5 ML SOLUTION (ORAL),Preferred
"GLUCOCORTICOIDS, ORAL",PREDNISOLONE 5 MG/5 ML SOLUTION (ORAL),Preferred
"GLUCOCORTICOIDS, ORAL",PREDNISOLONE SOD PH 25MG/5 ML SOLUTION (ORAL),Preferred
"GLUCOCORTICOIDS, ORAL",PREDNISONE TABLET (not DOSE PACK) (ORAL),Preferred
GROWTH FACTORS,INCRELEX VIAL (SUBCUTANEOUS),Preferred
GROWTH HORMONE,GENOTROPIN CARTRIDGE (INJECTION),Preferred
GROWTH HORMONE,GENOTROPIN MINIQUICK (INJECTION),Preferred
GROWTH HORMONE,NORDITROPIN FLEXPRO (INJECTION),Preferred
H. PYLORI TREATMENT,PYLERA CAPSULE (ORAL),Preferred
HEMOPHILIA TREATMENT,ALPHANATE VIAL (not ALPHANATE SD) (INTRAVEN.),Preferred
HEMOPHILIA TREATMENT,BENEFIX KIT (INTRAVEN.),Preferred
HEMOPHILIA TREATMENT,COAGADEX VIAL (INTRAVEN),Preferred
HEMOPHILIA TREATMENT,CORIFACT KIT (INTRAVEN),Preferred
HEMOPHILIA TREATMENT,FEIBA NF (INTRAVEN),Preferred
HEMOPHILIA TREATMENT,HEMLIBRA VIAL (SUBCUTANE.),Preferred
HEMOPHILIA TREATMENT,HUMATE-P KIT (INTRAVEN.),Preferred
HEMOPHILIA TREATMENT,NOVOEIGHT VIAL (INTRAVEN),Preferred
HEMOPHILIA TREATMENT,NUWIQ VIAL (INTRAVEN),Preferred
HEMOPHILIA TREATMENT,SEVENFACT VIAL (INTRAVEN),Preferred
HEMOPHILIA TREATMENT,WILATE VIAL (INTRAVEN),Preferred
HEMOPHILIA TREATMENT,XYNTHA KIT (INTRAVEN),Preferred
HEMOPHILIA TREATMENT,XYNTHA SOLOFUSE SYRINGE KIT (INTRAVEN.),Preferred
METHOTREXATE,METHOTREXATE SODIUM PF VIAL (INJECTION),Preferred
METHOTREXATE,"METHOTREXATE TABLET, VIAL (ORAL)",Preferred
MOVEMENT DISORDERS,AUSTEDO TABLET (ORAL),Preferred
MOVEMENT DISORDERS,AUSTEDO XR TABLET (ORAL),Preferred
MOVEMENT DISORDERS,AUSTEDO XR TITR PK (68546-0477-29) (ORAL),Preferred
MOVEMENT DISORDERS,INGREZZA CAPSULE (ORAL),Preferred
MOVEMENT DISORDERS,INGREZZA INITIATION PACK (ORAL),Preferred
MOVEMENT DISORDERS,INGREZZA SPRINKLE CAPSULE (ORAL)*,Preferred
MOVEMENT DISORDERS,TETRABENAZINE TABLET (ORAL),Preferred
MULTIPLE SCLEROSIS AGENTS,"AVONEX PEN, PREFILLED SYRINGE (INTRAMUSC.)",Preferred
MULTIPLE SCLEROSIS AGENTS,BETASERON 0.3 MG KIT (50419-0524-35) (SUBCUTANEOUS),Preferred
MULTIPLE SCLEROSIS AGENTS,COPAXONE 20 MG/ML SYRINGE (not 40 MG/ML) (SUBCUTANE,Preferred
MULTIPLE SCLEROSIS AGENTS,DALFAMPRIDINE ER TABLET (ORAL),Preferred
MULTIPLE SCLEROSIS AGENTS,DIMETHYL FUMARATE DR CAPSULE (ORAL),Preferred
MULTIPLE SCLEROSIS AGENTS,DIMETHYL FUMARATE DR STARTER PACK (ORAL),Preferred
MULTIPLE SCLEROSIS AGENTS,FINGOLIMOD CAPSULE (ORAL),Preferred
MULTIPLE SCLEROSIS AGENTS,KESIMPTA PEN (SUBCUTANEOUS),Preferred
MULTIPLE SCLEROSIS AGENTS,TERIFLUNOMIDE TABLET (ORAL),Preferred
NEUROPATHIC PAIN,"CAPSAICIN 0.025%, 0.075%, 0.1% CREAM (OTC) (TOPICAL)",Preferred
NEUROPATHIC PAIN,CAPSAICIN 0.15% LIQUID (OTC) (TOPICAL),Preferred
NEUROPATHIC PAIN,"DULOXETINE 20MG, 30MG, 60MG CAPSULES (not 40MG) (ORA",Preferred
NEUROPATHIC PAIN,GABAPENTIN CAPSULE (ORAL),Preferred
NEUROPATHIC PAIN,GABAPENTIN TABLET (ORAL),Preferred
NEUROPATHIC PAIN,LIDOCAINE 5% PATCH (not LIDOCAN II/III/V) (TOPICAL)*,Preferred
NEUROPATHIC PAIN,LIDODERM 5% PATCH (TOPICAL),Preferred
NEUROPATHIC PAIN,LYRICA CAPSULE (IR) (not CR) (ORAL),Preferred
NEUROPATHIC PAIN,PREGABALIN CAPSULE (IR) (ORAL),Preferred
NSAIDS,CELECOXIB CAPSULES (ORAL),Preferred
NSAIDS,DICLOFENAC 1% GEL (not SOLUTION) (TOPICAL),Preferred
NSAIDS,DICLOFENAC SODIUM DR & EC TABLET (not ER 100 MG) (ORA,Preferred
NSAIDS,IBUPROFEN INFANT DROPS 50 MG/1.25 ML (OTC) (ORAL),Preferred
NSAIDS,"IBUPROFEN SUSPENSION, TABLET (OTC and Rx) (ORAL)",Preferred
NSAIDS,INDOMETHACIN IR CAPSULE (not ER 75 MG) (ORAL),Preferred
NSAIDS,MELOXICAM TABLET (not CAPSULE) (ORAL),Preferred
NSAIDS,NABUMETONE TABLET (ORAL),Preferred
NSAIDS,"NAPROXEN 250MG, 375MG, 500MG TABLET (not DR or ER) (OR",Preferred
NSAIDS,NAPROXEN SUSPENSION (ORAL),Preferred
NSAIDS,PENNSAID 2% PUMP (not SOLUTION PACKET) (TOPICAL),Preferred
NSAIDS,SULINDAC TABLET (ORAL),Preferred
"ONCOLOGY, ORAL - BREAST",ANASTROZOLE TABLET (ORAL),Preferred
"ONCOLOGY, ORAL - BREAST",CAPECITABINE TABLET (ORAL),Preferred
"ONCOLOGY, ORAL - BREAST","CYCLOPHOSPHAMIDE CAPSULE, TABLET (ORAL)",Preferred
"ONCOLOGY, ORAL - BREAST",EXEMESTANE TABLET (ORAL),Preferred
"ONCOLOGY, ORAL - BREAST",FULVESTRANT SYRINGE (INTRAMUSC),Preferred
"ONCOLOGY, ORAL - BREAST",IBRANCE CAPSULE (not TABLET) (ORAL),Preferred
"ONCOLOGY, ORAL - BREAST",LETROZOLE TABLET (ORAL),Preferred
"ONCOLOGY, ORAL - BREAST",TAMOXIFEN CITRATE TABLET (ORAL),Preferred
"OPHTHALMICS, GLAUCOMA AGENTS",ALPHAGAN P 0.15% EYE DROP (not 0.1%) (OPHTHALMIC),Preferred
"OPHTHALMICS, GLAUCOMA AGENTS",BETOPTIC S 0.25% EYE DROP (OPHTHALMIC),Preferred
"OPHTHALMICS, GLAUCOMA AGENTS",BRIMONIDINE 0.2% EYE DROP (not 0.15% or 0.1%) (OPHTHALM,Preferred
"OPHTHALMICS, GLAUCOMA AGENTS",CARTEOLOL 1% EYE DROP (OPHTHALMIC),Preferred
"OPHTHALMICS, GLAUCOMA AGENTS",COMBIGAN 0.2%-0.5% DROP (OPTHALMIC),Preferred
"OPHTHALMICS, GLAUCOMA AGENTS",DORZOLAMIDE 2% DROP (OPHTHALMIC),Preferred
"OPHTHALMICS, GLAUCOMA AGENTS",DORZOLAMIDE / TIMOLOL EYE DROP (OPHTHALMIC),Preferred
"OPHTHALMICS, GLAUCOMA AGENTS",LATANOPROST 0.005% DROP (OPHTHALMIC),Preferred
"OPHTHALMICS, GLAUCOMA AGENTS",LEVOBUNOLOL 0.5% EYE DROP (OPHTHALMIC),Preferred
"OPHTHALMICS, GLAUCOMA AGENTS","PILOCARPINE 1%, 2%, 4% EYE DROPS (OPHTHALMIC)",Preferred
"OPHTHALMICS, GLAUCOMA AGENTS",RHOPRESSA 0.02% EYE DROP (OPHTHALMIC),Preferred
"OPHTHALMICS, GLAUCOMA AGENTS",ROCKLATAN 0.02%-0.005% EYE DROP (OPHTHALMIC),Preferred
"OPHTHALMICS, GLAUCOMA AGENTS",TIMOLOL 0.25% EYE DROP (not OCUDOSE) (OPHTHALMIC),Preferred
"OPHTHALMICS, GLAUCOMA AGENTS",TIMOLOL 0.5% EYE DROP (not ONCE DAILY or PF) (OPHTHALM,Preferred
"OPHTHALMICS, GLAUCOMA AGENTS","TIMOLOL 0.25%, 0.5% GEL-SOLUTION (OPHTHALMIC)",Preferred
"OPHTHALMICS, GLAUCOMA AGENTS",TRAVATAN Z 0.004% EYE DROP (OPHTHALMIC),Preferred
OPIATE DEPENDENCE TREATMENTS,"BRIXADI MONTHLY, WEEKLY SYR (SUBCUTANEOUS)",Preferred
OPIATE DEPENDENCE TREATMENTS,BUPRENORPHINE SL TABLET (SUBLINGUAL),Preferred
OPIATE DEPENDENCE TREATMENTS,BUPRENORPHINE / NALOXONE TABLETS (not FILM) (SUBLING,Preferred
OPIATE DEPENDENCE TREATMENTS,KLOXXADO SPRAY (NASAL),Preferred
OPIATE DEPENDENCE TREATMENTS,LIFEMS NALOXONE 2 MG/2 ML KIT (INJECTION),Preferred
OPIATE DEPENDENCE TREATMENTS,"NALOXONE CARPUJECT, SYRINGE, VIAL (INJECTION)",Preferred
OPIATE DEPENDENCE TREATMENTS,NALTREXONE TABLET (ORAL),Preferred
OPIATE DEPENDENCE TREATMENTS,NARCAN NASAL SPRAY (NASAL),Preferred
OPIATE DEPENDENCE TREATMENTS,SUBLOCADE SYRINGE (SUBCUTANEOUS),Preferred
OPIATE DEPENDENCE TREATMENTS,SUBOXONE FILM (SUBLINGUAL),Preferred
OPIATE DEPENDENCE TREATMENTS,VIVITROL VIAL (65757-0300-01) (SUBCUTANEOUS),Preferred
OTIC ANTIBIOTICS,CIPROFLOX-DEXAMETH OTIC SUSPENSION (OTIC),Preferred
OTIC ANTIBIOTICS,"NEOMYCIN / POLYMYXIN / HC EAR SOLUTION, SUSPENSION (",Preferred
OTIC ANTIBIOTICS,OFLOXACIN 0.3% EAR DROP (OTIC),Preferred
OTIC ANTI-INFECTIVES & ANESTHETICS,ACETIC ACID 2% EAR SOLUTION (OTIC),Preferred
"PAH AGENTS, ORAL AND INHALED (SEE DX CODE REQ.)",(DX CODE REQUIRED - SILDENAFIL & TADALAFIL),Preferred
"PAH AGENTS, ORAL AND INHALED (SEE DX CODE REQ.)",ALYQ 20 MG TABLET (ORAL) (DX CODE REQ.),Preferred
"PAH AGENTS, ORAL AND INHALED (SEE DX CODE REQ.)",AMBRISENTAN TABLET (ORAL),Preferred
"PAH AGENTS, ORAL AND INHALED (SEE DX CODE REQ.)",SILDENAFIL 20 MG TABLET (ORAL) (DX CODE REQ.),Preferred
"PAH AGENTS, ORAL AND INHALED (SEE DX CODE REQ.)",TADALAFIL 20 MG TABLET (ADCIRCA) (ORAL) (DX CODE REQ.,Preferred
"PAH AGENTS, ORAL AND INHALED (SEE DX CODE REQ.)",TRACLEER 62.5 MG & 125 MG TABLET (ORAL),Preferred
"PAH AGENTS, ORAL AND INHALED (SEE DX CODE REQ.)",VENTAVIS SOLUTION (INHALATION),Preferred
PANCREATIC ENZYMES,CREON CAPSULE (ORAL),Preferred
PANCREATIC ENZYMES,ZENPEP CAPSULE (ORAL),Preferred
STIMULANTS AND RELATED AGENTS (SEE DX CODE REQ.),(DX CODE REQUIRED - SEE SELECT AGENTS),Preferred
STIMULANTS AND RELATED AGENTS (SEE DX CODE REQ.),ADDERALL TABLET (ORAL) (DX CODE REQ.),Preferred
STIMULANTS AND RELATED AGENTS (SEE DX CODE REQ.),AMPHETAMINE SALT COMBO TABLET (IR) (ORAL) (DX CODE R,Preferred
STIMULANTS AND RELATED AGENTS (SEE DX CODE REQ.),ATOMOXETINE CAPSULE (ORAL),Preferred
STIMULANTS AND RELATED AGENTS (SEE DX CODE REQ.),CLONIDINE ER TABLET (ORAL),Preferred
STIMULANTS AND RELATED AGENTS (SEE DX CODE REQ.),CLONIDINE TABLET (ORAL),Preferred
STIMULANTS AND RELATED AGENTS (SEE DX CODE REQ.),DEXMETHYLPHENIDATE ER CAPSULE (ORAL)(DX CODE REQ,Preferred
STIMULANTS AND RELATED AGENTS (SEE DX CODE REQ.),DEXMETHYLPHENIDATE IR (FOCALIN)(ORAL)(DX CODE REQ.),Preferred
STIMULANTS AND RELATED AGENTS (SEE DX CODE REQ.),DEXTROAMPHETAMINE TABLET (not ER) (ORAL)(DX CODE RE,Preferred
STIMULANTS AND RELATED AGENTS (SEE DX CODE REQ.),DEXTROAMPHETAMINE / AMPHETAMINE ER CAPSULE (ORAL,Preferred
STIMULANTS AND RELATED AGENTS (SEE DX CODE REQ.),DEXTROAMPHETAMINE / AMPHETAMINE TABLET (IR) (ORAL),Preferred
STIMULANTS AND RELATED AGENTS (SEE DX CODE REQ.),FOCALIN XR CAPSULE (ORAL) (DX CODE REQ.),Preferred
STIMULANTS AND RELATED AGENTS (SEE DX CODE REQ.),GUANFACINE ER TABLET (ORAL),Preferred
STIMULANTS AND RELATED AGENTS (SEE DX CODE REQ.),LISDEXAMFETAMINE CHEWABLE TABLET (ORAL)(DX CODE R,Preferred
STIMULANTS AND RELATED AGENTS (SEE DX CODE REQ.),METHYLPHENIDATE IR TABLET (RITALIN) (ORAL) (DX CODE R,Preferred
STIMULANTS AND RELATED AGENTS (SEE DX CODE REQ.),METHYLPHENIDATE CHEWABLE TABLET (ORAL) (DX CODE R,Preferred
STIMULANTS AND RELATED AGENTS (SEE DX CODE REQ.),METHYLPHENIDATE ER TABLET (CONCERTA) (ORAL) (DX CO,Preferred
STIMULANTS AND RELATED AGENTS (SEE DX CODE REQ.),METHYLPHENIDATE ER TABLET (METADATE ER) (ORAL) (DX,Preferred
STIMULANTS AND RELATED AGENTS (SEE DX CODE REQ.),METHYLPHENIDATE SOLUTION (ORAL) (DX CODE REQ.),Preferred
STIMULANTS AND RELATED AGENTS (SEE DX CODE REQ.),MODAFINIL TABLET (ORAL) (DX CODE REQ.),Preferred
STIMULANTS AND RELATED AGENTS (SEE DX CODE REQ.),QUILLICHEW ER CHEWABLE TABLET (ORAL)(DX CODE REQ.),Preferred
STIMULANTS AND RELATED AGENTS (SEE DX CODE REQ.),QUILLIVANT XR SUSPENSION (ORAL) (DX CODE REQ.),Preferred
STIMULANTS AND RELATED AGENTS (SEE DX CODE REQ.),VYVANSE CAPSULE (ORAL) (DX CODE REQ.),Preferred
TETRACYCLINES,DOXYCYCLINE HYCLATE CAPSULE (not DR) (ORAL),Preferred
TETRACYCLINES,DOXYCYCLINE HYCLATE TABLET (not DR) (ORAL),Preferred
TETRACYCLINES,"DOXYCYCLINE MONOHYDRATE 50 MG, 100 MG CAPSULE (OR",Preferred
TETRACYCLINES,DOXYCYCLINE MONOHYDRATE TABLET (ORAL),Preferred
TETRACYCLINES,MINOCYCLINE CAPSULE (not TABLET) (not ER) (ORAL),Preferred
TETRACYCLINES,MORGIDOX CAPSULE (not KIT) (ORAL),Preferred
THROMBOPOIESIS STIMULATING PROTEINS,DOPTELET TABLET (ORAL),Preferred
THROMBOPOIESIS STIMULATING PROTEINS,PROMACTA TABLET (not SUSPENSION PACKET) (ORAL),Preferred
ULCERATIVE COLITIS AGENTS,APRISO ER CAPSULE (ORAL),Preferred
ULCERATIVE COLITIS AGENTS,MESALAMINE DR TABLET (ORAL),Preferred
ULCERATIVE COLITIS AGENTS,MESALAMINE SUPPOSITORY (CANASA) (RECTAL),Preferred
ULCERATIVE COLITIS AGENTS,PENTASA 250MG CAPSULE (ORAL),Preferred
ULCERATIVE COLITIS AGENTS,PENTASA 500MG CAPSULE (ORAL),Preferred
ULCERATIVE COLITIS AGENTS,SULFASALAZINE TABLET (ORAL),Preferred
ULCERATIVE COLITIS AGENTS,SULFASALAZINE DR TABLET (ORAL),Preferred
UTERINE DISORDER TREATMENTS,MYFEMBREE TABLET (ORAL),Preferred
UTERINE DISORDER TREATMENTS,ORIAHNN CAPSULE (ORAL),Preferred
UTERINE DISORDER TREATMENTS,ORILISSA TABLET (ORAL),Preferred
"VASODILATORS, CORONARY",ISOSORBIDE DINITRATE TABS (not OCEANSIDE BRAND) (ORA,Preferred
"VASODILATORS, CORONARY",ISOSORBIDE MONONITRATE TABLET (ORAL),Preferred
"VASODILATORS, CORONARY",ISOSORBIDE MONONITRATE ER / SR TABLET (ORAL),Preferred
"VASODILATORS, CORONARY",NITRO-BID 2% OINTMENT (TRANSDERM),Preferred
"VASODILATORS, CORONARY",NITROGLYCERIN PATCH (TRANSDERM),Preferred
"VASODILATORS, CORONARY",NITROGLYCERIN SL TABLET (SUBLINGUAL),Preferred
