Descriptive Therapeutic Class,Preferred,Non-Preferred
"ACNE AGENTS, TOPICAL (1)",Clindamycin/Benzoyl Peroxide Gel (Generic for Benzaclin),"Adapalene Cream, Gel Pump (Generic for Differin)"
,Clindamycin/Benzoyl Peroxide Gel (Generic for Duac),Adapalene Gel (AG; Generic)
,Clindamycin Phosphate Gel (Generic),Adapalene/Benzoyl Peroxide (Generic for Epiduo)
,Clindamycin Phosphate Lotion (Generic),Adapalene/Benzoyl Peroxide Gel with Pump (AG; Generic for Epiduo Forte)
,Clindamycin Phosphate Medicated Swab (Generic),Adapalene/Benzoyl Peroxide/Clindamycin Gel (Cabtreo)
,Clindamycin Phosphate Solution (Generic),Clascoterone Cream (Winlevi)
,Erythromycin Gel (AG; Generic),Clindamycin/Benzoyl Peroxide Gel with Pump (Generic; Acanya)
,Erythromycin Solution (Generic),Clindamycin/Benzoyl Peroxide Gel with Pump (Generic for Benzaclin)
,Tretinoin Cream (Generic),Clindamycin/Benzoyl Peroxide Gel with Pump (AG; Generic; Onexton)
,,"Clindamycin/Benzoyl Peroxide Gel, Gel/Emollient Combo 94 (Neuac; Neuac Kit)"
,,Clindamycin Phosphate Foam (Generic)
,,Clindamycin Phosphate Gel (AG; Generic; Clindagel)
,,Clindamycin Phosphate Lotion (Cleocin-T)
,,Clindamycin Phosphate/Skin Cleanser 19 (Clindacin Pac Kit)
,,Clindamycin/Tretinoin Gel (AG; Generic; Ziana)
,,"Dapsone Gel, Gel with Pump (AG; Generic; Aczone)"
,,Erythromycin Medicated Swab (Generic)
,,Erythromycin/Benzoyl Peroxide Gel (Generic; Benzamycin)
,,Minocycline Topical Foam (Amzeeq)
,,"Sulfacetamide Sodium Cleanser ER, Cream ER, Lotion (Ovace Plus)"
,,"Sulfacetamide Sodium Cleanser, Cleanser ER (Generic)"
,,Sulfacetamide Sodium Shampoo (Generic; Ovace Plus)
,,Sulfacetamide Sodium Suspension (Generic)
,,Sulfacetamide Sodium Wash (Ovace Plus)
,,Sulfacetamide Sodium/Sulfur Cream (Avar-e; Avar-e Green; Avar-e LS)
,,Sulfacetamide Sodium/Sulfur (Generic)
,,Sulfacetamide Sodium/Sulfur Cleanser (Avar LS)
"ACNE AGENTS, TOPICAL (1) Continued",(Preferred agents listed on page 1),"Sulfacetamide Sodium/Sulfur Cleanser (Avar, ZMA Clear)"
,,"Sulfacetamide Sodium/Sulfur Cleanser, Cream, Lotion, Medicated Pads, Susp (Gen)"
,,Sulfacetamide Sodium/Sulfur Foam (SSS 10-5)
,,Sulfacetamide Sodium/Sulfur Wash (BP 10-1)
,,Sulfacetamide Sodium/Sulfur/Cleanser 23 Kit (Sumaxin CP Kit)
,,Sulfacetamide Sodium/Sulfur/Urea Cleanser (Generic)
,,Tazarotene Cream (AG; Generic for Tazorac)
,,Tazarotene Foam (AG; Fabior)
,,Tazarotene Gel (Generic for Tazorac)
,,Tazarotene Lotion (Arazlo)
,,Tretinoin Cream (Retin-A)
,,Tretinoin 0.04% & 0.1% Gel (AG; Retin-A Micro)
,,Tretinoin 0.04% & 0.1% Gel with Pump (AG; Generic; Retin-A Micro)
,,Tretinoin 0.06% Pump (Retin-A Micro)
,,Tretinoin 0.08% Pump (Generic; Retin-A Micro)
,,Tretinoin Gel (AG; Generic; Retin-A)
,,Tretinoin Gel (Generic; Atralin)
,,Tretinoin Lotion (Altreno)
,,
,,
ADD/ADHD (2),Amphetamine Salt Combo ER Capsule(Generic),Amphetamine ODT (Adzenys XR ODT)
Stimulants and Related Agents,Amphetamine Salt Combo Tablet (Generic; Adderall),Amphetamine Salt Combo ER Capsule(Adderall XR)
,Atomoxetine Capsule (Generic),Amphetamine Sulfate ODT (Evekeo ODT)
,Dexmethylphenidate ER Capsule (Generic),Amphetamine Sulfate Tablet (Generic; Evekeo)
,Dexmethylphenidate Tablet (Generic),"Amphetamine Suspension, Tablet (Dyanavel XR)"
,Dextroamphetamine Tablet (Generic),Amphetamine/Dextroamphetamine XR Capsule (Generic; Mydayis)
ADD/ADHD (2),Guanfacine ER Tablet (Generic),Armodafinil Tablet (AG; Generic; Nuvigil)
Stimulants and Related Agents Continued,Lisdexamfetamine Capsule (Generic; Vyvanse),Atomoxetine Capsule (Strattera)
,Lisdexamfetamine Chewable Tablet (Generic),Clonidine ER Tablet (Generic)
,Methylphenidate CD Capsule (AG; Generic for Metadate CD),Clonidine XR Suspension (Onyda XR)
,Methylphenidate ER Capsule (Generic for Ritalin LA),"Dexmethylphenidate ER Capsule, Tablet (Focalin XR; Focalin)"
,Methylphenidate ER Tablet (AG; Generic for Concerta),Dextroamphetamine IR Tablet (Zenzedi)
,Methylphenidate IR Tablet (Generic),Dextroamphetamine Solution (Generic; ProCentra)
,Methylphenidate Solution (Generic),Dextroamphetamine Sulfate ER Capsule (Generic; Dexedrine Spansule)
,Modafinil Tablet (Generic),Dextroamphetamine Transdermal (Xelstrym)
,,Guanfacine ER Tablet (Intuniv)
,,Lisdexamfetamine Chewable Tablet (Vyvanse)
,,Methamphetamine Tablet (Generic for Desoxyn)
,,Methylphenidate ER Capsule (AG; Generic; Aptensio XR)
,,"Methylphenidate ER Capsule (Jornay PM, Ritalin LA)"
,,"Methylphenidate ER Chewable, ER Suspension (QuilliChew ER; Quillivant XR)"
,,Methylphenidate ER Tablet (Concerta)
,,Methylphenidate ER Tablet (Generic for Metadate ER)
,,Methylphenidate ER Tablet 72 mg (AG; Generic; Relexxii)
,,Methylphenidate IR Chewable Tablet (Generic)
,,Methylphenidate IR Tablet (Ritalin)
,,Methylphenidate Solution (Methylin)
,,Methylphenidate Transdermal Patch (AG; Generic; Daytrana)
,,Methylphenidate XR ODT (Cotempla XR ODT)
,,Modafinil Tablet (Provigil)
,,Pitolisant HCl Tablet (Wakix)
,,Serdexmethylphenidate/Dexmethylphenidate Capsule (Azstarys)
,,Solriamfetol HCl Tablet (Sunosi)
,,Viloxazine ER Capsule (Qelbree)
,,
ALLERGY (3),"Cetirizine 1 mg/mL Solution OTC, Tablet OTC (Generic)","Cetirizine Capsule OTC, Chewable Tablet OTC, 5 mg/5mL Solution OTC (Generic)"
Antihistamines – Minimally Sedating,Cetirizine Solution RX (1 mg/mL) (Generic),Desloratadine ODT (Generic)
,Cetirizine-D Tablet OTC (Generic),Desloratadine Tablet (Generic; Clarinex)
,Levocetirizine Tablet (Generic),Desloratadine/Pseudoephedrine ER Tablet (Clarinex-D 12-Hour)
,Levocetirizine Tablet OTC (Generic),"Fexofenadine 60 mg Tablet OTC, 180 mg Tablet OTC, Suspension OTC (Generic)"
,"Loratadine ODT OTC, Solution OTC, Tablet OTC (Generic)","Fexofenadine-D 12-hour Tablet OTC, 24-hour Tablet OTC (Generic)"
,Loratadine-D Tablet OTC (Generic),Levocetirizine Solution (Generic)
,,Loratadine Chewable Tablet OTC (Generic)
,,
ALLERGY (3),Azelastine Nasal Spray (Generic for Astelin),Azelastine Nasal Spray (AG; Generic for Astepro)
"Rhinitis Agents, Nasal",Fluticasone Propionate Nasal Spray (Generic),Azelastine/Fluticasone Nasal Spray (AG; Generic; Dymista)
,Ipratropium Bromide Nasal Spray (Generic),Beclomethasone Nasal Spray (Beconase AQ; Qnasl 40; Qnasl 80)
,,Ciclesonide Nasal Spray (Omnaris; Zetonna)
,,Flunisolide Nasal Spray (Generic)
,,Fluticasone Propionate Nasal Spray (Xhance)
,,Mometasone Furoate Implant (Sinuva)
,,Mometasone Nasal Spray (Generic)
,,Olopatadine Nasal Spray (Generic; Patanase)
,,Olopatadine/Mometasone Nasal Spray (Ryaltris)
,,
ALZHEIMER’S AGENTS (4),"Donepezil ODT, Tablet (Generic)",Aducanumab-avwa IV Solution (Aduhelm)
Cholinesterase Inhibitors,Memantine Tablet (AG; Generic),"Donepezil 23 mg Tablet (Generic, Aricept)"
,Rivastigmine Capsule (Generic),Donepezil Tablet (Aricept)
,Rivastigmine Transdermal Patch (AG; Generic),Donepezil Transdermal Patch (Adlarity)
,,"Galantamine ER Capsule, Solution, Tablet (Generic)"
,,Lecanemab-irmb (Leqembi)
*Aduhelm REQUEST FORM,,Memantine ER Capsule (AG; Generic; Namenda XR)
*Leqembi REQUEST FORM,,Memantine ER Capsule Dose Pack (Namenda XR Titration Pack)
*Leqembi REQUEST FORM,,Memantine Solution (Generic)
*Leqembi REQUEST FORM,,Memantine Tablet Dose Pack (AG; Namenda Titration Pack)
*Leqembi REQUEST FORM,,"Memantine/Donepezil ER Capsule (Namzaric, Namzaric Titration Pack)"
*Leqembi REQUEST FORM,,Rivastigmine Transdermal Patch (Exelon)
*Leqembi REQUEST FORM,,
ANDROGENIC AGENTS (5),Testosterone Gel (AG; Generic for Vogelxo),Testosterone Gel (Testim)
,Testosterone Gel Packet (AG for Vogelxo),Testosterone Gel Packet (Generic for Androgel)
,Testosterone Gel Pump (AG; Generic for Vogelxo),Testosterone Gel Pump (AG; Generic; Fortesta)
,Testosterone Gel Pump (Generic for Androgel),Testosterone Gel Pump (Androgel)
,Testosterone Transdermal System (Androderm),Testosterone Gel Pump (Generic Axiron)
,,Testosterone Gel Pump (Vogelxo)
,,Testosterone Nasal (Natesto)
,,
,,
ANTHELMINTICS (6),Albendazole Tablet (Generic),Ivermectin Tablet (Stromectol)
,Ivermectin Tablet (Generic),Praziquantel Tablet (Biltricide)
,Mebendazole Chewable Tablet (Emverm),
,Praziquantel Tablet (Generic),
,,
,,
"ANTI-ALLERGENS, ORAL (7)",NONE,Grass Pollen Allergen Extract [Timothy Grass] Sublingual Tablet (Grastek)
,,House Dust Mite Allergen Extract Sublingual Tablet (Odactra)
,,Mixed Grass Allergen Extracts Sublingual Tablet (Oralair)
,,Peanut Allergen Maintenance Sachet (Palforzia)
,,Peanut Allergen Titration Capsule (Palforzia)
,,Ragweed Pollen Allergen Extract Sublingual Tablet (Ragwitek)
,,
ANTICONVULSANTS (8),"Brivaracetam Solution, Tablet (Briviact)","Carbamazepine ER Capsule (Carbatrol, Equetro)"
,Cannabidiol Solution (Epidiolex),Carbamazepine Suspension (Generic; Tegretol)
,Carbamazepine Chewable Tablet (Generic),"Carbamazepine ER Tablet, Tablet (Tegretol XR, Tegretol)"
,Carbamazepine ER Capsule (Generic for Carbatrol),Clobazam Film (Sympazan)
,Carbamazepine ER Tablet (AG; Generic for Tegretol XR),"Clobazam Suspension, Tablet (Onfi)"
,Carbamazepine Tablet (Generic; Epitol),Clonazepam Tablet (Klonopin)
,"Cenobamate Daily Dose Pack, Tablet, Titration Pack (Xcopri)",Diazepam Buccal Film (Libervant)
,"Clobazam Suspension, Tablet (Generic)",Divalproex Sodium DR Sprinkle (Depakote Sprinkle)
,"Clonazepam ODT, Tablet (Generic)","Divalproex Sodium DR Tablet, ER Tablet (Depakote; Depakote ER)"
,Diazepam Nasal Spray (Valtoco),"Ethosuximide Capsule, Syrup (Zarontin)"
,"Diazepam Rectal, Rectal Device (AG for Diastat)",Fenfluramine Solution (Fintepla)
ANTICONVULSANTS (8) Continued,"Divalproex DR Tablet, ER Tablet, DR Sprinkle (Generic)",Ganaxolone Suspension (Ztalmy)
,Eslicarbazepine Acetate Tablet (Aptiom),"Lacosamide ER Capsule, Tablet (Motpoly XR; Vimpat)"
,Ethosuximide Capsule (AG; Generic),Lacosamide Solution Unit Dose (Generic; Vimpat)
,Ethosuximide Syrup (Generic),"Lamotrigine Dispersible Tablet, Tablet (Lamictal)"
,Felbamate Suspension (Generic),Lamotrigine ODT (Generic; Lamictal)
,Felbamate Tablet (Generic; Felbatol),"Lamotrigine ODT Titration Kit, Tablet Starter Kit (Generic; Lamictal)"
,"Lacosamide Solution, Tablet (Generic)","Lamotrigine ER Tablet, Titration Kit (Lamictal XR)"
,"Lamotrigine Dispersible Tablet, ER Tablet, Tablet (Generic)",Levetiracetam ER Tablet (Keppra XR)
,"Levetiracetam ER Tablet, Solution, Tablet (Generic)",Levetiracetam Tablet for Oral Suspension (Spritam)
,Methsuximide Capsule (Celontin),"Levetiracetam Solution, Tablet (Keppra)"
,Midazolam Nasal Spray (Nayzilam),Levetiracetam ER Tablet (Elepsia XR)
,"Oxcarbazepine Suspension, Tablet (Generic)",Methsuximide (Generic)
,Oxcarbazepine XR Tablet (Oxtellar XR),"Oxcarbazepine Suspension, Tablet (Trileptal)"
,"Perampanel Suspension, Tablet (Fycompa)",Phenytoin 100mg Capsule (Dilantin)
,"Phenobarbital Elixir, Tablet (Generic)",Phenytoin Chewable Tablet (Dilantin Infatabs)
,Phenobartibal Sodium IV (Sezaby),Phenytoin Sodium Capsule (Phenytek)
,"Phenytoin Chewable Tablet, 100mg Capsule (Generic)",Phenytoin Suspension (Dilantin)
,Phenytoin 30 mg Capsule (Dilantin),Primidone Tablet (Mysoline)
,Phenytoin Sodium Capsule (Generic for Phenytek),"Rufinamide Suspension, Tablet (Banzel)"
,Phenytoin Suspension (AG; Generic),Tiagabine Tablet (Generic for Gabitril)
,Primidone Tablet (Generic),Topiramate ER Capsule (AG; Generic; Qudexy XR)
,"Rufinamide Suspension, Tablet (Generic)",Topiramate ER Capsule (Trokendi XR)
,"Stiripentol Capsule, Powder Pack (Diacomit)",Topiramate Solution (Eprontia)
,Topiramate ER Capsule (Generic for Trokendi),"Topiramate Sprinkle, Tablet (Topamax)"
,Topiramate Sprinkle (Generic),"Vigabatrin Powder Pack, Tablet (Sabril)"
,Topiramate Tablet (Generic; Topiragen),Vigabatrin Solution (Vigafyde)
,"Valproic Acid Capsule, Solution (Generic)",Zonisamide Suspension (Zonisade)
,"Vigabatrin Powder Pack (Generic; Vigadrone, Vigpoder)",
,Vigabatrin Tablet (Generic; Vigadrone),
,Zonisamide Capsule (Generic),
,,
ANTIPSYCHOTIC AGENTS (9),ORAL AGENTS,ORAL AGENTS
Antipsychotic Oral/Transdermal Agents,Aripiprazole Tablet (Generic),"Aripiprazole ODT, Solution (Generic)"
,Cariprazine Capsule (Vraylar),"Aripiprazole Tablet, Tablet with Sensor (Abilify; Abilify Mycite)"
,"Chlorpromazine Oral Concentrate, Tablet (Generic)",Asenapine Sublingual Tablet (AG; Generic; Saphris)
,Clozapine Tablet (Generic),Asenapine Transdermal Patch (Secuado)
,Fluphenazine Tablet (Generic),Brexpiprazole Tablet (Rexulti)
,Haloperidol Lactate Oral Concentrate (Generic),Clozapine ODT (Generic)
,Haloperidol Tablet (Generic),Clozapine Suspension (Versacloz)
,Loxapine Capsule (Generic),Clozapine Tablet (Clozaril)
,Lurasidone Tablet (Generic),Fluphenazine Elixir/Solution (Generic)
,"Olanzapine ODT, Tablet (Generic)","Iloperidone Tablet, Titration Pack (Fanapt)"
,Paliperidone ER Tablet (AG; Generic),Loxapine Inhalation (Adasuve)
,Perphenazine Tablet (Generic),Lumateperone Capsule (Caplyta)
,Perphenazine/Amitriptyline Tablet (Generic),Lurasidone Tablet (Latuda)
,Pimozide Tablet (Generic),Molindone Tablet (Generic)
,Quetiapine ER Tablet (Generic),"Olanzapine Tablet, ODT (Zyprexa; Zyprexa Zydis)"
,Quetiapine Tablet (Generic),Olanzapine/Fluoxetine Capsule (Generic; Symbyax)
,"Risperidone Solution, Tablet (Generic)",Olanzapine/Samidorphan Tablet (Lybalvi)
,Thioridazine Tablet (Generic),Paliperidone ER Tablet (Invega)
,Thiothixene Capsule (Generic),"Pimavanserin Capsule, Tablet (Nuplazid)"
,Trifluoperazine Tablet (Generic),"Quetiapine ER Tablet, Tablet (Seroquel XR; Seroquel)"
,Ziprasidone Capsule (AG; Generic),Risperidone ODT (Generic)
,,"Risperidone Solution, Tablet (Risperdal)"
,,Ziprasidone Capsule (Geodon)
,,
ANTIPSYCHOTIC AGENTS (9),INJECTABLE AGENTS,INJECTABLE AGENTS
Antipsychotic Injectable Agents,Aripiprazole Lauroxil (Aristada; Aristada Initio),Chlorpromazine Ampule (Generic)
,Aripiprazole Suspension ER (Abilify Asimtufii/Maintena),Fluphenazine Vial (Generic)
,Fluphenazine Decanoate (Generic),Haloperidol Decanoate Ampule (Haldol)
,"Haloperidol Decanoate, Lactate (Generic)",Olanzapine Solution Vial IM (Generic; Zyprexa)
,Paliperidone (Invega Hafyera/Sustenna/Trinza),Olanzapine Suspension (Zyprexa Relprevv)
,Risperidone ER Suspension (IM) (Generic; Risperdal Consta),Risperidone ER Suspension (Intramuscular) (Rykindo)
,Risperidone ER Suspension (SQ) (Perseris; Uzedy),Ziprasidone Vial (Geodon)
,Ziprasidone Vial (Generic),
,,
"ANTIVIRALS, ORAL (10)","Acyclovir Capsule, Suspension, Tablet (Generic)",Acyclovir Buccal Tablet (Sitavig)
,Famciclovir Tablet (Generic),Baloxavir Marboxil Tablet (Xofluza)
,"Oseltamivir Capsule, Suspension (Generic)","Oseltamivir Capsule, Suspension (Tamiflu)"
,Valacyclovir Tablet (Generic),Rimantadine Tablet (Generic)
,,Valacyclovir Caplet (Valtrex)
,,Zanamivir Inhalation Powder (Relenza Diskhaler)
,,
ANXIOLYTICS (11),Alprazolam Tablet (Generic),Alprazolam ER Tablet (Generic; Xanax XR)
,Buspirone Tablet (Generic),"Alprazolam Intensol Concentrate, ODT (Generic)"
,Lorazepam Tablet (Generic),Alprazolam Tablet (Xanax)
,,Chlordiazepoxide Capsule (Generic)
,,Clorazepate Dipotassium Tablet (Generic)
,,"Diazepam Intensol Concentrate, Solution, Syringe, Tablet, Vial (Generic)"
,,Lorazepam ER Capsule (Loreev XR)
,,Lorazepam Intensol Concentrate (Generic)
,,Lorazepam Tablet (Ativan)
,,Meprobamate Tablet (Generic)
,,Oxazepam Capsule (Generic)
ASTHMA/COPD (12),INHALATION,INHALATION
"Bronchodilator, Anticholinergics (COPD) Inhalation",Ipratropium Inhalation Aerosol MDI (Atrovent HFA),Aclidinium Bromide/Formoterol Fumarate (Duaklir Pressair)
"Bronchodilator, Anticholinergics (COPD) Inhalation",Ipratropium Nebulizer Solution (Generic),Aclidinium Bromide Inhalation Powder (Tudorza Pressair)
,Ipratropium/Albuterol Sulfate (Combivent Respimat),Ensifentrine Nebulizer Solution (Ohtuvayre)
,Ipratropium/Albuterol Sulfate Nebulizer Solution (Generic),Glycopyrrolate/Formoterol Fumarate (Bevespi Aerosphere)
,Tiotropium Inhalation Powder (Generic for Spiriva HandiHaler),Revefenacin Inhalation Solution (Yupelri)
,Tiotropium/Olodaterol (Stiolto Respimat),"Tiotropium Bromide Inhalation Powder, Spray (Spiriva HandiHaler/Respimat)"
,Umeclidinium/Vilanterol Inhalation Powder (Anoro Ellipta),Umeclidinium Inhalation Powder (Incruse Ellipta)
,,
ASTHMA/COPD (12),ORAL,ORAL
"Bronchodilator, Anticholinergics (COPD) Oral",Roflumilast Tablet (Generic),Roflumilast Tablet (Daliresp)
"Bronchodilator, Anticholinergics (COPD) Oral",,
,,
,,
,,
,,
ASTHMA/COPD (12),INHALATION,INHALATION
"Bronchodilator, Beta-Adrenergic Inhalation/Oral Agents",Albuterol Sulfate Nebulizer Solution 0.63 mg/3 mL (AG; Generic),"Albuterol Sulfate ER Tablet, Syrup, Tablet (Generic)"
"Bronchodilator, Beta-Adrenergic Inhalation/Oral Agents",Albuterol Sulfate Nebulizer Solution 1.25 mg/3 mL (AG; Generic),Albuterol Sulfate Inhalation Powder (ProAir Digihaler)
,Albuterol Sulfate Nebulizer Solution 2.5 mg/3 mL (Generic),Albuterol Sulfate Inhalation Powder (ProAir RespiClick)
,Albuterol Sulfate Nebulizer Solution 100 mg/20 mL (Generic),Albuterol Sulfate MDI (Ventolin HFA)
,Albuterol Sulfate Nebulizer Solution 2.5 mg/0.5 mL (Generic),Arformoterol Inhalation Solution (Generic; Brovana)
,Albuterol Sulfate MDI (AG; Generic for ProAir HFA),Formoterol Inhalation Solution (AG; Generic; Perforomist)
,Albuterol Sulfate MDI (AG; Generic for Proventil HFA),Levalbuterol Nebulizer Solution (Generic)
,Albuterol Sulfate MDI (AG for Ventolin HFA),Levalbuterol Nebulizer Solution Concentrate (Generic)
,Salmeterol Xinafoate (Serevent Diskus),Levalbuterol MDI (AG; Xopenex HFA)
,,Olodaterol (Striverdi Respimat)
,,Terbutaline Sulfate Tablet (AG; Generic)
,,
ASTHMA/COPD (12),Beclomethasone Breath-Actuated HFA (QVAR RediHaler),Albuterol/Budesonide (AirSupra HFA)
"Glucocorticoids, Inhalation","Budesonide Respules 0.25 mg, 0.5 mg, 1 mg (Generic)",Budesonide DPI (Pulmicort Flexhaler)
,Budesonide/Formoterol MDI (AG; Generic),"Budesonide Respules 0.25 mg, 0.5 mg, 1 mg (Pulmicort Respules)"
,Fluticasone Furoate Inhalation Powder (Arnuity Ellipta),Budesonide/Formoterol MDI (Symbicort)
,Fluticasone MDI (AG; Flovent HFA),Budesonide/Glycopyrrolate/Formoterol Inhalation (Breztri Aerosphere)
,Fluticasone/Salmeterol DPI (AG; Generic for Advair Diskus),Ciclesonide MDI (Alvesco)
,Fluticasone/Salmeterol DPI (Wixela Inhub),Fluticasone Propionate Inhalation Powder (Armonair Digihaler)
,Fluticasone/Salmeterol MDI (AG for Advair HFA),Fluticasone Propionate Inhalation Powder (AG; Flovent Diskus)
,Fluticasone/Umeclidinium/Vilanterol (Trelegy Ellipta),"Fluticasone/Salmeterol DPI, MDI (Advair Diskus; Advair HFA)"
,Mometasone Inhalation Powder (Asmanex Twisthaler),Fluticasone/Salmeterol Inhalation Powder (AG; AirDuo RespiClick)
,Mometasone Furoate MDI (Asmanex HFA),Fluticasone/Salmeterol Inhalation Powder (AirDuo Digihaler)
,Mometasone/Formoterol MDI (Dulera),Fluticasone/Vilanterol Inhalation Powder (AG; Breo Ellipta)
,,
,,
ASTHMA/COPD (12),Benralizumab Pen (Fasenra),Mepolizumab Auto-Injector (Nucala)
Immunomodulators,Benralizumab Syringe (Fasenra),Mepolizumab Syringe (Nucala)
,Omalizumab Autoinjector (Xolair),Mepolizumab Vial (Nucala)
,Omalizumab Syringe (Xolair),Reslizumab Vial (Cinqair)
,Omalizumab Vial (Xolair),"Tezepelumab-ekko Syringe, Pen (Tezspire)"
,,
,,
ASTHMA/COPD (12),Montelukast Chewable Tablet (Generic),"Montelukast Chewable Tablet, Tablet (Singulair)"
Leukotriene Modifiers,Montelukast Tablet (Generic),Montelukast Granules (Generic; Singulair)
,,Zafirlukast Tablet (AG; Generic; Accolate)
,,Zileuton ER Tablet (Generic)
,,Zileuton Tablet (Zyflo)
,,
BOTULINUM TOXINS (13),AbobotulinumtoxinA (Dysport),IncobotulinumtoxinA (Xeomin)
,OnabotulinumtoxinA (Botox),RimabotulinumtoxinB (Myobloc)
,,
,,
,,
COLONY STIMULATING FACTORS (14),"Filgrastim Syringe, Vial (Neupogen)",Eflapegrastim-xnst Syringe (Rolvedon)
COLONY STIMULATING FACTORS (14),Pegfilgrastim-jmdb Syringe (Fulphila),"Filgrastim-aafi Syringe, Vial (Nivestym)"
,Pegfilgrastim-pbbk Syringe (Fylnetra),"Filgrastim-ayow Syringe, Vial (Releuko)"
,,Filgrastim-sndz Syringe (Zarxio)
,,"Pegfilgrastim Kit, Syringe (Neulasta)"
,,Pegfilgrastim-apgf Syringe (Nyvepria)
,,Pegfilgrastim-bmez Syringe (Ziextenzo)
,,"Pegfilgrastim-cbqv Autoinjector, On-Body, Syringe (Udenyca)"
,,Pegfilgrastim-fpgk Syringe (Stimufend)
,,Sargramostim Vial (Leukine)
,,"Tbo-Filgrastim Injection Syringe, Vial (Granix)"
,,
,,
"CYSTIC FIBROSIS, ORAL (15)",NONE,"Elexacaftor/Tezacaftor/Ivacaftor Packet, Tablet (Trikafta)"
,,"Ivacaftor Packet, Tablet (Kalydeco)"
,,"Lumacaftor/Ivacaftor Packet, Tablet (Orkambi)"
,,Mannitol Inhalation Capsule (Bronchitol)
,,Tezacaftor/Ivacaftor Tablet (Symdeko)
,,
DEPRESSION (16),Bupropion HCl IR Tablet (Generic),Brexanolone IV Solution (Zulresso)
"Antidepressants, Other",Bupropion HCl SR 12-Hour Tablet (Generic),Bupropion HBr ER 24-Hour Tablet (Aplenzin)
,Bupropion HCl XL 24-Hour Tablet (Generic),Bupropion HCl SR 12-Hour (Wellbutrin SR)
,Desvenlafaxine Succinate ER Tablet (AG; Generic),Bupropion HCl XL (AG; Forfivo XL)
,Mirtazapine ODT (Generic),Bupropion HCl XL 24-Hour (Wellbutrin XL)
,Mirtazapine Tablet (Generic),Desvenlafaxine ER (No Brand)
,Trazodone Tablet (Generic),Desvenlafaxine Succinate ER Tablet (Pristiq)
,Venlafaxine ER Capsule (Generic),Dextromethorphan/Bupropion Tablet (Auvelity)
,Venlafaxine IR Tablet (Generic),Esketamine Nasal Spray (Spravato)
,,Isocarboxazid Tablet (Marplan)
,,"Levomilnacipran ER Capsule, Titration Pack (Fetzima)"
,,"Mirtazapine ODT, Tablet (Remeron ODT; Remeron)"
,,Nefazodone Tablet (Generic)
,,"Phenelzine Tablet (Generic, Nardil)"
,,Selegiline Transdermal Patch (Emsam)
,,Tranylcypromine Sulfate Tablet (Generic)
,,Venlafaxine Besylate ER Tablet (Generic)
,,Venlafaxine ER Capsule (Effexor XR)
,,Venlafaxine ER Tablet (AG; Generic)
,,Vilazodone Tablet (AG; Generic; Viibryd)
,,Vortioxetine Tablet (Trintellix)
,,Zuranolone Capsule (Zurzuvae)
,,
DEPRESSION (16),"Citalopram Solution, Tablet (Generic)",Citalopram Capsule (Generic)
Selective Serotonin Reuptake Inhibitors (SSRIs),Escitalopram Tablet (Generic),Citalopram Tablet (Celexa)
Selective Serotonin Reuptake Inhibitors (SSRIs),"Fluoxetine Capsule, Solution (Generic)",Escitalopram Solution (Generic)
,Fluvoxamine Maleate Tablet (Generic),Escitalopram Tablet (Lexapro)
,Paroxetine Tablet (Generic),Fluoxetine Capsule (Prozac)
,"Sertraline Concentrate, Tablet (Generic)","Fluoxetine Delayed Release 90mg Capsule, Tablet, 60mg Tablet (Generic)"
,,Fluvoxamine Maleate ER Capsule (Generic)
,,Paroxetine Suspension (Generic; Paxil)
,,Paroxetine Tablet (Paxil)
,,Paroxetine CR Tablet (AG; Generic; Paxil CR)
,,Paroxetine Mesylate Capsule (AG; Generic for Brisdelle)
,,Sertraline Capsule (Generic)
,,"Sertraline Concentrate, Tablet (Zoloft)"
,,
,,
DERMATOLOGY (17),Mupirocin Ointment (Generic),"Gentamicin Sulfate Cream, Ointment (Generic)"
"Antibiotics, Topical",,Mupirocin Cream (Generic)
,,Mupirocin Ointment (Centany Kit)
,,Ozenoxacin Cream (Xepi)
,,
,,
DERMATOLOGY (17),Clotrimazole Rx Cream (Generic),"Ciclopirox Cream, Gel, 8% Solution (Generic)"
"Antifungals, Topical",Clotrimazole Rx Solution (Generic),Ciclopirox 0.77% Suspension (AG; Generic)
,Clotrimazole/Betamethasone Cream (Generic),Ciclopirox Shampoo (Generic for Loprox)
,Ketoconazole Cream (Generic),Ciclopirox 8% Solution Treatment Kit (Generic)
,Ketoconazole Shampoo Rx (Generic),Ciclopirox/Skin Cleanser No. 40 (Loprox Kit)
,"Nystatin Cream, Ointment, Topical Powder (Generic)",Clotrimazole/Betamethasone Lotion (Generic)
,Nystatin/Triamcinolone Cream (Generic),Econazole Nitrate Cream (Generic)
,Nystatin/Triamcinolone Ointment (Generic),Efinaconazole Solution (Jublia)
,,Ketoconazole Foam (AG; Generic for Extina)
DERMATOLOGY (17),(Preferred agents listed on page 13),Ketoconazole Foam; Foam Kit (Ketodan)
"Antifungals, Topical Continued",,Luliconazole Cream (AG; Luzu)
,,Miconazole/Zinc Oxide/White Petrolatum (AG; Vusion)
,,Naftifine Cream (Generic)
,,Naftifine Gel (Generic; Naftin)
,,Oxiconazole Lotion (Oxistat)
,,Oxiconazole Cream (Generic for Oxistat)
,,Salicylic Acid Ointment (Generic; Bensal HP)
,,Sertaconazole Cream (Ertaczo)
,,"Sulconazole Cream, Solution (AG; Exelderm)"
,,Tavaborole Solution (Generic for Kerydin)
,,
,,
DERMATOLOGY (17),Permethrin Cream (Generic),"Crotamiton Cream, Lotion (Eurax)"
"Antiparasitic Agents, Topical",Spinosad Suspension (AG for Natroba),Crotamiton Lotion (Crotan)
,,Lindane Shampoo (Generic)
,,Malathion Lotion (Generic; Ovide)
,,Spinosad Suspension (Natroba)
,,
,,
DERMATOLOGY (17),Acitretin Capsule (AG; Generic),Methoxsalen Rapid Softgel (Generic)
"Antipsoriatics, Oral",,
,,
,,
,,
DERMATOLOGY (17),Calcipotriene Cream (Generic),Calcipotriene Ointment (Generic)
"Antipsoriatics, Topical",Calcipotriene Solution (Generic),Calcipotriene Foam (AG; Generic; Sorilux)
,,Calcipotriene/Betamethasone Dipropionate Foam (Enstilar)
,,Calcipotriene/Betamethasone Dipropionate Ointment (AG; Generic for Taclonex)
,,Calcipotriene/Betamethasone Dipropionate Susp (Generic; Taclonex Scalp)
,,Calcitriol Ointment (AG; Generic for Vectical)
,,Halobetasol/Tazarotene Lotion (Duobrii)
,,Roflumilast 0.3% Cream (Zoryve)
,,Tapinarof Cream (Vtama)
,,
DERMATOLOGY (17),Acyclovir Ointment (Generic),Acyclovir Cream (AG; Generic; Zovirax)
"Antiviral Agents, Topical",,Acyclovir Ointment (Zovirax)
,,Acyclovir/Hydrocortisone Cream (Xerese)
,,Penciclovir Cream (AG; Generic; Denavir)
,,
,,
DERMATOLOGY (17),Crisaborole Ointment (Eucrisa),Pimecrolimus Cream (Elidel)
Atopic Dermatitis Immunomodulators,Dupilumab Pen (Dupixent),"Roflumilast 0.15% Cream, 0.3% Foam (Zoryve)"
,Dupilumab Syringe (Dupixent),
,Pimecrolimus Cream (AG; Generic),
,Ruxolitinib Cream (Opzelura),
,Tacrolimus Ointment (AG; Generic),
,"Tralokinumab-ldrm Autoinjector, Syringe (Adbry)",
,,
DERMATOLOGY (17),"Ammonium Lactate Cream, Lotion (Generic)",Emollient Combination No. 10 (Biafine)
Emollients,,Dimethicone/Allantoin Cream (Scartrate)
,,
,,
,,
DERMATOLOGY (17),Imiquimod 5% Cream Packet (Generic for Aldara),Imiquimod (Generic; Zyclara)
"Immunomodulators, Topical",,Podofilox Gel (Generic; Condylox)
,,Podofilox Solution (Generic)
,,Sinecatechins (Veregen)
,,Sirolimus (Hyftor)
,,
DERMATOLOGY (17),"Hydrocortisone Rectal Cream, Topical Cream (Generic)","Alclometasone Dipropionate Cream, Ointment (Generic)"
"Steroids, Topical",Hydrocortisone Lotion (Generic),"Desonide Cream, Lotion, Ointment (Generic)"
Low Potency,Hydrocortisone Ointment (Generic),"Fluocinolone Acetonide Body Oil, Scalp Oil (Generic; Derma-Smoothe/FS)"
,,Hydrocortisone/Skin Cleanser Lotion Kit (Generic)
,,Hydrocortisone Gel (Hydroxym)
,,Hydrocortisone Solution (Texacort)
,,
DERMATOLOGY (17),Fluticasone Propionate Cream (Generic),Betamethasone Valerate Foam (Generic for Luxiq)
"Steroids, Topical",Fluticasone Propionate Ointment (Generic),Clocortolone Pivalate Cream (Generic for Cloderm)
Medium Potency,Mometasone Furoate Cream (Generic),Fluocinolone Acetonide Cream (Generic)
,Mometasone Furoate Ointment (Generic),"Fluocinolone Acetonide Ointment, Solution (Generic; Synalar)"
,Mometasone Furoate Solution (Generic),"Fluocinolone Cream Kit, Ointment Kit, TS Kit (Synalar; Synalar TS)"
,,Flurandrenolide Ointment (Generic)
,,Flurandrenolide Lotion (AG; Generic)
,,Fluticasone Propionate Lotion (Generic; Beser)
,,Fluticasone Propionate Lotion Kit (Beser)
,,Hydrocortisone Butyrate Lotion (AG; Generic; Locoid)
,,"Hydrocortisone Butyrate Cream, Ointment, Solution (Generic)"
,,Hydrocortisone Butyrate/Emollient (AG; Generic)
,,Hydrocortisone Probutate Cream (Pandel)
,,"Hydrocortisone Valerate Cream, Ointment (Generic)"
,,Prednicarbate Cream; Ointment (Generic)
,,Triamcinolone Acetonide Dental Paste (Generic; Oralone)
DERMATOLOGY (17),Betamethasone Dipropionate/Propylene Glycol Cream (Generic),Amcinonide Cream (Generic)
"Steroids, Topical",Betamethasone Valerate Cream (Generic),"Betamethasone Dipropionate Cream, Gel, Lotion, Ointment (Generic)"
High Potency,Betamethasone Valerate Lotion (Generic),Betamethasone Dipropionate/Propylene Glycol Lotion (Generic)
,Betamethasone Valerate Ointment (Generic),Betamethasone Dipropionate/Propylene Glycol Ointment (Generic; Diprolene)
,Triamcinolone Acetonide Cream (Generic),"Desoximetasone Cream, Gel, Ointment (Generic)"
,Triamcinolone Acetonide Lotion (Generic),Desoximetasone Spray (Generic; Topicort)
,Triamcinolone Acetonide Ointment (Generic),Diflorasone Diacetate Cream (Generic for Psorcon)
,,Diflorasone Diacetate Ointment (Generic)
,,Fluocinonide Cream 0.05% (Generic)
,,Fluocinonide Cream 0.1% (Generic; Vanos)
,,"Fluocinonide Emollient, Gel, Ointment, Solution (Generic)"
,,Halcinonide Cream (AG; Generic; Halog)
,,"Halcinonide Ointment, Solution (Halog)"
,,Triamcinolone Acetonide Aerosol (Generic; Kenalog Aerosol)
,,
,,
DERMATOLOGY (17),Clobetasol Propionate Cream (Generic),Clobetasol Propionate Foam (Generic; Olux)
"Steroids, Topical",Clobetasol Propionate Emollient (Generic),Clobetasol Propionate Emollient Foam (Generic; Tovet)
Very High Potency,Clobetasol Propionate Gel (Generic),Clobetasol Propionate Emulsion Foam (AG; Generic for Olux-E)
,Clobetasol Propionate Ointment (Generic),Clobetasol Propionate Kit (Tovet Kit)
,Clobetasol Propionate Solution (Generic),Clobetasol Propionate Lotion (Generic)
,Halobetasol Propionate Cream (Generic),Clobetasol Propionate Shampoo (Generic for Clobex; Clodan)
,Halobetasol Propionate Ointment (Generic),Clobetasol Propionate Spray (AG; Generic for Clobex)
,,Clobetasol/Skin Cleanser No. 28 (Clodan Kit)
,,Diflorasone Diacetate Cream (Apexicon E)
,,Halobetasol Propionate Foam (AG; Lexette)
,,Halobetasol Propionate Lotion (Bryhali)
,,Halobetasol Propionate Lotion (Ultravate)
,,
DIABETES (18),Acarbose (Generic),Miglitol (Generic)
Alpha-Glucosidase Inhibitors,,
,,
,,
,,
,,
DIABETES (18),Dasiglucagon Auto-Injector (Zegalogue),Dasiglucagon Syringe (Zegalogue)
Glucagon Agents,Glucagon Nasal (Baqsimi),Diazoxide Oral Suspension (Generic; Proglycem)
,"Glucagon, Human Recombinant Inj. (Generic)","Glucacon Subcutaneous Pen, Syringe, Vial (Gvoke)"
,"Glucagon, Human Recombinant Inj. Emergency Kit (Amphastar)",Glucagon Injection Emergency Kit (Fresenius Kabi)
,,
,,
DIABETES (18),Dulaglutide Pen (Trulicity),Alogliptin Tablet (AG; Nesina)
Hypoglycemics,Exenatide Solution Pens (Byetta),Alogliptin/Metformin Tablet (AG; Kazano)
Incretin Mimetics/Enhancers,Linagliptin Tablet (Tradjenta),Alogliptin/Pioglitazone Tablet (AG; Oseni)
,Linagliptin/Metformin Tablet (Jentadueto),Empagliflozin/Linagliptin/Metformin Tablet (Trijardy XR)
,Liraglutide Pen (Victoza),Exenatide Microspheres ER Auto-Injector (Bydureon BCise)
,Semaglutide Pen (Ozempic),Linagliptin/Empagliflozin (Glyxambi) (See SGLT2 Criteria)
,Semaglutide Tablet (Rybelsus),Linagliptin/Metformin Tablet ER (Jentadueto XR)
,Sitagliptin Phosphate Tablet (Januvia),Liraglutide/Insulin Degludec (Xultophy) (See Insulins & Related Agents Criteria)
,Sitagliptin Phosphate/Metformin Tablet (Janumet),Lixisenatide/ Insulin Glargine (Soliqua) (See Insulins & Related Agents Criteria)
,Sitagliptin Phosphate/Metformin Tablet ER (Janumet XR),Pramlintide Pen (SymlinPen)
,,Saxagliptin Tablet (Generic; Onglyza)
,,Saxagliptin/Dapagliflozin Tablet (Qtern) (See SGLT2 Criteria)
,,Saxagliptin/Metformin ER Tablet (Generic; Kombiglyze XR)
,,Sitagliptin/Metformin Tablet (AG for Zituvimet)
,,Sitagliptin Tablet (Zituvio)
,,Sitagliptin Phosphate/Ertugliflozin Tablet (Steglujan) (See SGLT2 Criteria)
,,Tirzepatide Pen (Mounjaro)
DIABETES (18),"Insulin Aspart Cartridge, Pen, Vial (AG; Novolog)","Insulin Aspart Cartridge, Pen, Vial (Fiasp Penfill/PumpCart/FlexTouch; Fiasp)"
Hypoglycemics,Insulin Aspart Protamine/Aspart Pen (AG; Novolog Mix 70/30),"Insulin Degludec Pen, Vial (Generic; Tresiba FlexTouch; Tresiba)"
Insulins & Related Agents,Insulin Aspart Protamine/Aspart Vial (AG; Novolog Mix 70/30),"Insulin Detemir Pen, Vial (Levemir)"
,"Insulin Glargine Pen, Vial (Generic; Lantus SoloStar; Lantus)",Insulin Glargine U-100 (Basaglar KwikPen; Basaglar Tempo Pen)
,"Insulin Glulisine Pen, Vial (Apidra SoloStar; Apidra)",Insulin Glargine-aglr (Rezvoglar KwikPen)
,Insulin Vial OTC (Humulin N; Humulin R),"Insulin Glargine-yfgn Pen, Vial (Generic; Semglee)"
,"Insulin Regular 500 units/mL Pen, Vial (Humulin R U-500)","Insulin Glargine Pen (Generic; Toujeo Solostar, Toujeo Max Solostar)"
,Insulin Isophane (NPH)/Insulin Regular Pen OTC (Humulin 70/30),"Insulin Lispro Pen, Vial (Admelog SoloStar; Admelog)"
,Insulin Isophane (NPH)/Insulin Regular Vial OTC (Humulin 70/30),Insulin Lispro Pen (Humalog KwikPen U-200; Humalog Tempo Pen U-100)
,Insulin Lispro (AG; Humalog Junior KwikPen),Insulin Lispro-aabc Pen (Lyumjev KwikPen; Lyumjev Tempo Pen)
,Insulin Lispro Cartridge (Humalog),Insulin Lispro-aabc Vial (Lyumjev)
,Insulin Lispro Pen (AG; Humalog KwikPen U-100),"Insulin Isophane (NPH)/Insulin Regular Pen OTC, Vial OTC (Novolin 70/30)"
,Insulin Lispro Vial (AG; Humalog),"Insulin Human Pen OTC, Vial OTC (Novolin N; Novolin R)"
,Insulin Lispro Protamine/Insulin Lispro KwikPen (AG),Insulin Human in 0.9% Sodium Chloride Piggyback IV (Myxredlin)
,"Insulin Lispro Protamine/Insulin Lispro Pen, Vial (Humalog Mix)",Insulin Human Inhalation Powder Cartridge (Afrezza)
,,Insulin Human Pen OTC (Humulin N Kwikpen)
,,
DIABETES (18),Nateglinide (Generic),NONE
Hypoglycemics,Repaglinide (Generic),
Meglitinides,,
,,
,,
,,
,,
DIABETES (18),Canagliflozin Tablet (Invokana),Canagliflozin/Metformin ER Tablet (Invokamet XR)
Hypoglycemics,Canagliflozin/Metformin Tablet (Invokamet),Dapagliflozin Tablet (Farxiga)
Sodium-Glucose Co-Transporter 2 (SGLT2) Inhibitors,Dapagliflozin Tablet (AG),Dapagliflozin/Metformin ER Tablet (Xigduo XR)
Sodium-Glucose Co-Transporter 2 (SGLT2) Inhibitors,Dapagliflozin/Metformin ER Tablet (AG),Empagliflozin/Metformin ER Tablet (Synjardy XR)
,Empagliflozin Tablet (Jardiance),Ertugliflozin Tablet (Steglatro)
,Empagliflozin/Metformin Tablet (Synjardy),Ertugliflozin/Metformin Tablet (Segluromet)
,,Sotagliflozin Tablet (Inpefa)
DIABETES (18),Glimepiride (Generic),Glipizide ER (Glucotrol XL)
Hypoglycemics,Glipizide (Generic),
Sulfonylureas,Glipizide ER (Generic),
,Glyburide (Generic),
,Glyburide Micronized (Generic),
,,
,,
DIABETES (18),Pioglitazone (Generic),Pioglitazone (Actos)
Hypoglycemics,,Pioglitazone/Glimepiride (AG)
Thiazolidinediones (TZDs),,Pioglitazone/Metformin (Generic; Actoplus Met)
,,
,,
,,
,,
DIABETES (18),Glipizide-Metformin (Generic),Metformin ER (Generic for Fortamet)
Metformins,Glyburide-Metformin (Generic),Metformin ER (Generic; Glumetza)
,Metformin (Generic),Metformin Solution (Generic; Riomet)
,Metformin ER (Generic for Glucophage XR),Metformin Suspension (Riomet ER)
,,Metformin Tablet 625mg (Generic)
,,
DIGESTIVE DISORDERS (19),Meclizine Tablet (AG; Generic),Amisulpride Vial (Barhemsys)
Antiemetic/Antivertigo Agents,Metoclopramide Solution (Generic),"Aprepitant Capsule, Pack (Generic; Emend; Emend TriPack)"
,Metoclopramide Tablet (Generic),Aprepitant Powder for Oral Suspension Packet (Emend)
,Metoclopramide Vial (Generic),"Aprepitant Vial (Aponvie, Cinvanti)"
,Ondansetron ODT (Generic),Dimenhydrinate Vial (Generic)
,Ondansetron Solution (Generic),Dolasetron Mesylate (Anzemet)
,Ondansetron Tablet (Generic),Doxylamine/Pyridoxine Tablet (AG; Generic; Diclegis)
,Ondansetron Vial (Generic),Doxylamine/Pyridoxine Tablet (Bonjesta)
,Prochlorperazine Tablet (Generic),Dronabinol Oral (AG; Generic; Marinol)
,Promethazine Ampule (Generic),Fosaprepitant Dimeglumine Vial (AG; Generic; Emend)
,Promethazine Rectal 12.5 mg (Generic),Fosaprepitant Dimeglumine Vial (Focinvez)
,Promethazine Rectal 25 mg (Generic),Fosnetupitant/Palonosetron Vial (Akynzeo)
,Promethazine Syrup (Generic),"Granisetron Tablet, Vial (Generic)"
,Promethazine Tablet (Generic),Granisetron ER Syringe (Sustol)
,Promethazine Vial (Generic),Granisetron Transdermal Patch (Sancuso)
,Scopolamine Transdermal (Generic),Meclizine Tablet (Antivert)
,,Metoclopramide Tablet (Reglan)
,,Metoclopramide Nasal (Gimoti)
,,Netupitant/Palonosetron HCl Capsule (Akynzeo)
,,Ondansetron Syringe (Generic)
,,Palonosetron Vial (AG; Generic for Aloxi)
,,Prochlorperazine Rectal (Generic; Compro)
,,Prochlorperazine Vial (Generic)
,,"Promethazine Ampule, Vial (Phenergan)"
,,Promethazine Suppository 50mg (Generic)
,,Rolapitant Tablet (Varubi)
,,Scopolamine Transdermal (Transderm-Scop)
,,Trimethobenzamide Vial (Tigan)
,,Trimethobenzamide Capsule (Generic)
DIGESTIVE DISORDERS (19),Ursodiol 300 mg Capsule (Generic),Chenodiol Tablet (Chenodal)
Bile Acid Salts,Ursodiol Tablet (Generic),Cholic Acid Capsule (Cholbam)
,,Elafibranor Tablet (Iqirvo)
,,Maralixibat Solution (Livmarli)
,,Obeticholic Acid Tablet (Ocaliva)
,,"Odevixibat Capsule, Pellet (Bylvay)"
,,Seladelpar Capsule (Livdelzi)
,,Ursodiol Capsule (Reltone)
,,Ursodiol Tablet (URSO 250/URSO Forte)
DIGESTIVE DISORDERS (19),Famotidine Suspension (Generic),"Cimetidine Solution, Tablet (Generic)"
Histamine II Receptor Blockers,Famotidine Tablet (Generic),Famotidine Piggyback (Generic)
,,Famotidine Tablet (Pepcid)
,,Famotidine Vial (Generic)
,,Nizatidine Capsule (Generic)
DIGESTIVE DISORDERS (19),Pancrelipase (Creon),Pancrelipase (Pertzye)
Pancreatic Enzymes,Pancrelipase (Zenpep),Pancrelipase (Viokace)
,,
DIGESTIVE DISORDERS (19),Esomeprazole Suspension (Generic),Dexlansoprazole Capsule (AG; Generic; Dexilant)
Proton Pump Inhibitors,Lansoprazole Capsule (Generic),Esomeprazole Capsule (Generic; Nexium)
,Omeprazole Capsule Rx (Generic),Esomeprazole Suspension (Nexium)
,Pantoprazole Suspension (Generic),Lansoprazole Capsule (Prevacid)
,Pantoprazole Tablet (Generic),Lansoprazole ODT (Generic; Prevacid SoluTab)
,,Omeprazole Granules for Suspension (Prilosec)
,,Omeprazole/Sodium Bicarbonate for Oral Suspension (Konvomep)
,,"Omeprazole/Sodium Bicarbonate Rx Capsule, Packet (Generic; Zegerid)"
,,Pantoprazole Tablet. Suspension (Protonix)
,,Rabeprazole Tablet (Generic; AcipHex)
DIGESTIVE DISORDERS (19),Balsalazide Capsule (Generic),Balsalazide Capsule (Colazal)
Ulcerative Colitis Agents,Mesalamine ER Capsule (AG; Generic for Apriso),Budesonide Rectal Foam (Generic; Uceris)
,Mesalamine Suppositories (AG; Generic for Canasa),Budesonide DR Tablet (AG; Generic; Uceris)
,Sulfasalazine Tablet (AG; Generic),Mesalamine DR Tablet (Generic for Asacol HD)
,Sulfasalazine DR Tablet (AG),Mesalamine DR Capsule (AG; Generic; Delzicol)
,,Mesalamine Enema (Rowasa; sfRowasa; Generic for sfRowasa)
,,Mesalamine ER Capsule (Apriso)
,,Mesalamine Kit (Generic; Rowasa)
,,Mesalamine DR Tablet MMX (AG; Generic; Lialda)
,,Mesalamine ER Capsule (Generic; Pentasa)
,,Mesalamine Suppositories (Canasa)
,,Olsalazine Capsule (Dipentum)
,,"Sulfasalazine DR Tablet, Tablet (Azulfidine EN-Tabs; Azulfidine)"
,,
ENZYME REPLACEMENTS (20),NONE,Eliglustat Capsule (Cerdelga)
,,Imiglucerase 400-unit Vial (Cerezyme)
,,Miglustat Capsule (AG; Generic; Zavesca)
,,Taliglucerase alfa Vial (Elelyso)
,,Velaglucerase alfa 400-unit Vial (Vpriv)
,,
,,
"EPINEPHRINE, SELF-INJECTED (21)","Epinephrine 0.1 mg, 0.15mg, 0.3mg Auto-Injector (Auvi-Q)","Epinephrine 0.15 mg, 0.3 mg Auto-Injector (AG for Adrenaclick)"
,Epinephrine 0.15 mg Auto-Injector (AG; Generic; EpiPen Jr),Epinephrine Syringe (Symjepi)
,Epinephrine 0.3 mg Auto-Injector (AG; Generic; EpiPen),
,,
"GI MOTILITY, CHRONIC (22)",Linaclotide Capsule (Linzess),Alosetron Tablet (AG; Generic; Lotronex)
,Lubiprostone Capsule (AG; Generic for Amitiza),Eluxadoline Tablet (Viberzi)
,"Methylnaltrexone Syringe, Vial (Relistor)",Lubiprostone Capsule (Amitiza)
,Naloxegol Tablet (Movantik),Methylnaltrexone Tablet (Relistor)
,Plecanatide Tablet (Trulance),Naldemedine Tablet (Symproic)
,,Prucalopride Tablet (Motegrity)
,,Tenapanor Tablet (Ibsrela)
,,
"GLUCOCORTICOIDS, ORAL (23)",Budesonide EC Capsules (Generic),Budesonide DR Capsule (Tarpeyo)
,Dexamethasone Tablet (Generic),Budesonide Suspension Packet (Eohilia)
,Hydrocortisone Tablet (Generic),Cortisone Acetate (Generic)
,Methylprednisolone Tablet Dose Pack (Generic),"Deflazacort Suspension, Tablet (Emflaza)"
,Prednisolone Sodium Phosphate Solution (Generic),Dexamethasone Tablet (Hemady)
,Prednisolone Solution (Generic),Dexamethasone Tablet Therapy Pack (Taperdex)
,Prednisone Tablet (Generic),"Dexamethasone Elixir, Intensol Concentrate, Solution, Tablet Dose Pack (Generic)"
,,Hydrocortisone Tablet (Cortef)
,,Hydrocortisone Capsule (Alkindi Sprinkle)
,,"Methylprednisolone Tablet, Dose Pack (Medrol)"
,,"Methylprednisolone Tablet 4 mg, 8 mg, 16 mg, 32 mg (Generic)"
,,Prednisolone Tablet (Generic; Millipred)
,,Prednisolone Tablet Dose Pack (Millipred)
,,Prednisolone Sodium Phosphate 10 mg/5 mL (Generic Millipred)
,,Prednisolone Sodium Phosphate 20 mg/5 mL (Generic Veripred)
,,Prednisolone Sodium Phosphate ODT (AG; Generic)
,,Prednisone Delayed Release Tablet (Rayos)
,,"Prednisone Intensol Concentrate, Solution, Tablet Dose Pack (Generic)"
,,
GOUT AGENTS (24),"Allopurinol Tablet 100mg, 300mg (Generic)",Allopurinol Tablet 200mg (AG)
Antihyperuricemics,Colchicine Tablet (AG; Generic),Colchicine Capsule (AG; Generic; Mitigare)
,Febuxostat Tablet (Generic),Colchicine Solution (Gloperba)
,Probenecid Tablet (Generic),Colchicine Tablet (Colcrys)
,Probenecid/Colchicine Tablet (Generic),Febuxostat Tablet (Uloric)
,,Pegloticase Intravenous (Krystexxa)
,,
,,
GROWTH DEFICIENCY (25),"Somatropin Cartridge, Syringe (Genotropin)",Lonapegsomatropin-tcgd Cartridge (Skytrofa)
Growth Hormones,Somatropin Pen (Norditropin FlexPro),Somapacitan-beco Pen (Sogroya)
,,Somatrogon-ghla Pen (Ngenla)
,,Somatropin Cartridge (Humatrope)
,,Somatropin Pen (Nutropin AQ NuSpin)
,,"Somatropin Cartridge, Vial (Omnitrope)"
,,Somatropin Vial (Saizen)
,,Somatropin Vial (Serostim)
,,Somatropin Vial (Zomacton)
,,
,,
GROWTH FACTORS (26),NONE,Mecasermin Subcutaneous (Increlex)
,,Tesamorelin Acetate Subcutaneous (Egrifta SV)
,,Vosoritide Vial (Voxzogo)
,,
H. PYLORI TREATMENT (27),Bismuth Subcitrate /Metronidazole/Tetracycline (Generic),Bismuth Subcitrate /Metronidazole/Tetracycline (Pylera)
,,Bismuth Subsalicylate/Metronidazole/Tetracycline (Helidac)
,,Lansoprazole/Amoxicillin/Clarithromycin (Generic Prevpac)
,,Omeprazole/Amoxicillin/Rifabutin (Talicia)
,,Omeprazole/Clarithromycin/Amoxicillin (Omeclamox-Pak)
,,Vonoprazan Tablet (Voquezna)
,,Vonoprazan/Amoxicillin (Voquezna DualPak)
,,Vonoprazan/Amoxicillin/Clarithromycin (Voquezna TriplePak)
,,
"HEART DISEASE, HYPERLIPIDEMIA (28)","Apixaban Dose Pack, Tablet (Eliquis)","Dabigatran Capsule, Pellet Pack (Pradaxa)"
Anticoagulants,Dabigatran Capsule (Generic),"Dalteparin Syringe, Vial (Fragmin)"
,"Enoxaparin Syringe, Vial (AG; Generic)",Edoxaban Tablet (Savaysa)
,Rivaroxaban Tablet (Xarelto; Xarelto Starter Pack),"Enoxaparin Syringe, Vial (Lovenox)"
,Warfarin Tablet (Generic),Fondaparinux Syringe (Generic; Arixtra)
,,Rivaroxaban Suspension (Xarelto)
,,
,,
"HEART DISEASE, HYPERLIPIDEMIA (28)",Aspirin/Dipyridamole ER Capsule (Generic),Clopidogrel Tablet (Plavix)
Anticoagulants,Clopidogrel Tablet (Generic),Prasugrel Tablet (Effient)
Platelet Aggregation Inhibitors,Dipyridamole Tablet (Generic),
,Prasugrel Tablet (Generic),
,Ticagrelor Tablet (Brilinta),
,,
"HEART DISEASE, HYPERLIPIDEMIA (28)",Benazepril (Generic),Aliskiren (AG; Generic; Tekturna)
Hypertension,Benazepril/HCTZ (Generic),Aliskiren/HCTZ (Tekturna HCT)
ACE Inhibitors & Direct Renin Inhibitors,Enalapril Solution (AG; Generic),Azilsartan Medoxomil (Edarbi)
,Enalapril Tablet (Generic),Azilsartan/Chlorthalidone (Edarbyclor)
,Enalapril/HCTZ (Generic),Candesartan (AG; Generic; Atacand)
,Fosinopril (Generic),Candesartan/HCTZ (AG; Generic; Atacand HCT)
,Fosinopril/HCTZ (Generic),Captopril (Generic)
,Irbesartan (Generic),Captopril/HCTZ (Generic)
,Irbesartan/HCTZ (Generic),"Enalapril Solution, Tablet (Epaned; Vasotec)"
,Lisinopril (Generic),Enalapril/HCTZ (Vaseretic)
,Lisinopril/HCTZ (Generic),Eprosartan (Generic)
,Losartan (Generic),Irbesartan (Avapro)
,Losartan/HCTZ (Generic),Irbesartan/HCTZ (Avalide)
,Olmesartan (AG; Generic),Lisinopril Solution (Qbrelis)
,Olmesartan/HCTZ (AG; Generic),Lisinopril (Zestril)
,Quinapril (Generic),Lisinopril/HCTZ (Zestoretic)
,Quinapril/HCTZ (AG; Generic),Losartan (Cozaar)
,Ramipril (Generic),Losartan/HCTZ (Hyzaar)
,Sacubitril/Valsartan Tablet (Entresto),Moexipril (Generic)
,Valsartan (Generic),Olmesartan (Benicar)
,Valsartan/HCTZ (Generic),Olmesartan/HCTZ (Benicar HCT)
,,Perindopril (Generic)
,,Quinapril (Accupril)
,,Ramipril (Altace)
,,Sacubitril/Valsartan Oral Pellet (Entresto Sprinkle)
,,Telmisartan (Generic; Micardis)
,,Telmisartan/HCTZ (Generic; Micardis HCT)
,,Trandolapril (Generic)
,,Valsartan (Diovan)
,,Valsartan Solution (Generic)
,,Valsartan/HCTZ (Diovan HCT)
"HEART DISEASE, HYPERLIPIDEMIA (28)",Amlodipine/Benazepril (Generic),Amlodipine/Benazepril (Lotrel)
Hypertension,Amlodipine/Olmesartan (AG; Generic),Amlodipine/Olmesartan (Azor)
Angiotensin Modulators/Calcium Channel Blockers Combinations,Amlodipine/Valsartan (Generic),Amlodipine/Olmesartan/HCTZ (AG; Generic; Tribenzor)
Angiotensin Modulators/Calcium Channel Blockers Combinations,,Amlodipine/Valsartan (Exforge)
,,Amlodipine/Valsartan/HCTZ (Generic; Exforge HCT)
,,Telmisartan/Amlodipine (Generic)
,,Trandolapril/Verapamil (Generic)
,,
,,
"HEART DISEASE, HYPERLIPIDEMIA (28)",Acebutolol Capsule (Generic),Atenolol Tablet (Tenormin)
Hypertension,Atenolol Tablet (Generic),Betaxolol Tablet (Generic)
Beta Blocker Agents,Atenolol/Chlorthalidone Tablet (Generic),Bisoprolol/HCTZ Tablet (Ziac)
,Bisoprolol Tablet (Generic),Carvedilol (Coreg)
,Bisoprolol/HCTZ Tablet (Generic),Carvedilol ER Capsule (AG; Generic; Coreg CR)
,Carvedilol Tablet (Generic),Metoprolol/HCTZ Tablet (Generic)
,Labetalol Tablet (Generic),Metoprolol Succinate Capsule (Kapspargo Sprinkle)
,Metoprolol Succinate ER Tablet (AG; Generic),Metoprolol Succinate ER Tablet (Toprol XL)
,Metoprolol Tartrate Tablet (Generic),Metoprolol Tartrate Tablet (Lopressor)
,Nadolol Tablet (Generic),Nadolol Tablet (Corgard)
,Nebivolol Tablet (Generic; Bystolic),Pindolol Tablet (Generic)
,Propranolol Oral Solution (Hemangeol),Propranolol ER Capsule (Inderal XL)
,Propranolol ER Capsule (AG; Generic),Propranolol ER Capsule (Innopran XL)
,Propranolol Solution (Generic),Propranolol LA Capsule (Inderal LA)
,Propranolol Tablet (Generic),Propranolol/HCTZ Tablet (Generic)
,Sotalol Tablet (Generic),Sotalol Solution (Sotylize)
,,Timolol Maleate Tablet (Generic)
,,
"HEART DISEASE, HYPERLIPIDEMIA (28)",Amlodipine Tablet (Generic),Amlodipine Solution (Norliqva)
Hypertension,Diltiazem ER Capsule (Generic),Amlodipine Suspension (Katerzia)
Calcium Channel Blockers,Diltiazem IR Tablet (Generic),Amlodipine Tablet (Norvasc)
,Felodipine ER Tablet (Generic),Diltiazem CD (Cardizem CD; Cardizem CD 360 mg; Tiazac)
,Nifedipine ER Tablet (Generic),Diltiazem LA Tablet (AG; Generic; Cardizem LA; Matzim LA)
,Nifedipine IR Capsule (Generic),Isradipine Capsule (Generic)
,Verapamil ER Tablet (Generic),Levamlodipine Tablet (AG)
,Verapamil IR Tablet (Generic),Nicardipine Capsule (Generic)
,,Nifedipine ER Tablet (Procardia XL)
,,Nimodipine Capsule (Generic)
,,"Nimodipine Oral Syringe, Solution (Nymalize)"
,,Nisoldipine Tablet (Generic)
,,Verapamil 360 mg Capsule (Generic)
,,Verapamil ER PM Capsule (AG; Generic; Verelan PM)
,,Verapamil ER Capsule (Generic for Verelan)
,,
,,
"HEART DISEASE, HYPERLIPIDEMIA (28)",Alirocumab Subcutaneous Pen (Praluent),Bempedoic Acid Tablet (Nexletol)
"Lipotropics, Other",Cholestyramine/Sucrose Powder (Generic Questran),Bempedoic Acid and Ezetimibe Tablet (Nexlizet)
,Colestipol Granules (Generic),Cholestyramine/Aspartame Powder (Generic)
,Colestipol Tablet (Generic),"Cholestyramine/Sucrose Packet, Powder (Questran)"
,Evolocumab Auto-Injector (Repatha SureClick),"Colesevelam Powder Pack, Tablet (AG; Generic; Welchol)"
,Evolocumab Cartridge (Repatha Pushtronex),"Colestipol Granules, Tablet (Colestid)"
,Evolocumab Prefilled Syringe (Repatha),Evinacumab-dgnb Vial (Evkeeza)
,Ezetimibe (Generic),Ezetimibe (Zetia)
"HEART DISEASE, HYPERLIPIDEMIA (28)",Fenofibrate Nanocrystallized Tablet (Generic Tricor 48 mg),Fenofibrate Capsule Micronized (AG; Generic for Antara)
"Lipotropics, Other Continued",Fenofibrate Nanocrystallized Tablet (Generic Tricor 145 mg),Fenofibrate Capsule (Generic; Lipofen)
,"Fenofibrate Capsule, Tablet (Generic for Lofibra)",Fenofibrate Tablet (AG; Generic; Fenoglide)
,Gemfibrozil Tablet (Generic),Fenofibrate Tablet Nanocrystallized Tablet (Tricor)
,Icosapent Ethyl Capsule (Generic),Fenofibric Acid Tablet (Generic for Fibricor)
,Niacin ER Tablet (Generic),Fenofibric Acid Choline Capsule (AG; Generic; Trilipix)
,Omega-3-acid Ethyl Esters Capsule (Generic),Gemfibrozil Tablet (Lopid)
,,Inclisiran Syringe (Leqvio)
,,Lomitapide Capsule (Juxtapid)
,,Omega-3-acid Ethyl Esters Capsule (Lovaza)
,,
,,
"HEART DISEASE, HYPERLIPIDEMIA (28)",Ambrisentan Tablet (Generic),Ambrisentan Tablet (Letairis)
Pulmonary Arterial Hypertension (PAH),Bosentan Tablet (Generic; Tracleer),Bosentan Suspension (Tracleer)
,Sildenafil Tablet (Generic for Revatio),Iloprost Inhalation Solution (Ventavis)
,Sildenafil Oral Suspension (AG; Generic for Revatio),Macitentan Tablet (Opsumit)
,Tadalafil Tablet (Generic for Adcirca),Macitentan and Tadalafil Tablet (Opsynvi)
,,Riociguat Tablet (Adempas)
,,"Selexipag Tablet, Dose Pack (Uptravi)"
,,Sildenafil Suspension (Liqrev)
,,"Sildenafil Suspension, Tablet (Revatio)"
,,Tadalafil Suspension (Tadliq)
,,Tadalafil Tablet (Adcirca)
,,"Treprostinil ER Tablet, Titration Kit (Orenitram ER; Orenitram Month 1/2/3)"
,,"Treprostinil Inhalation Powder, Inhalation Solution (Tyvaso DPI; Tyvaso)"
,,
"HEART DISEASE, HYPERLIPIDEMIA (28)",Atorvastatin Tablet (Generic),Amlodipine/Atorvastatin Tablet (AG; Generic; Caduet)
Statins & Statin Combination Agents,Lovastatin Tablet (Generic),Atorvastatin Calcium (Atorvaliq)
,Pravastatin Tablet (Generic),Atorvastatin Tablet (Lipitor)
,Rosuvastatin Tablet (Generic),Ezetimibe/Simvastatin Tablet (Generic; Vytorin)
,Simvastatin Tablet (Generic),Fluvastatin Capsule (Generic)
,,Fluvastatin ER Tablet (AG; Generic; Lescol XL)
,,Lovastatin ER Tablet (Altoprev)
,,Pitavastatin Tablet (Livalo)
,,Pitavastatin Tablet (Generic; Zypitamag)
,,Rosuvastatin Tablet (Crestor)
,,Rosuvastatin Capsule (Ezallor Sprinkle)
,,Simvastatin Tablet (Zocor)
,,
,,
"HEART DISEASE, HYPERLIPIDEMIA (28)",Clonidine Patch (AG; Generic),Clonidine ER Suspension (AG for Nexiclon)
Sympatholytics,Clonidine Tablet (Generic),Methyldopate HCl (Intravenous)
,Guanfacine Tablet (Generic),Methyldopa/HCTZ Tablet (Generic)
,Methyldopa Tablet (AG; Generic),
,,
,,
"HEART DISEASE, HYPERLIPIDEMIA (28)",Isosorbide Dinitrate Tablet (Generic),Isosorbide Dinitrate Tablet (AG; Isordil)
"Vasodilators, Coronary",Isosorbide Dinitrate/Hydralazine Tablet (AG; Generic; BiDil),Nitroglycerin Translingual Spray (AG; Generic; Nitrolingual)
,Isosorbide Mononitrate Tablet (Generic),Nitroglycerin Transdermal Patch (Nitro-Dur)
,Isosorbide Mononitrate SR Tablet (Generic),Nitroglycerin Sublingual Tablet (Nitrostat)
,Nitroglycerin Sublingual Tablet (AG; Generic),Vericiguat (Verquvo)
,Nitroglycerin Transdermal Ointment (Nitro-Bid),
,Nitroglycerin Transdermal Patch (AG; Generic),
"HEMATOLOGIC AGENTS, HEMATOPOIETIC AGENTS (29)",Darbepoetin Syringe (Aranesp),Epoetin alfa-epbx Vial (Retacrit) [by Vifor]
"HEMATOLOGIC AGENTS, HEMATOPOIETIC AGENTS (29)",Darbepoetin Vial (Aranesp),Epoetin alfa Vial (Procrit)
Erythropoietins,Epoetin alfa-epbx Vial (Retacrit) [by Pfizer],Luspatercept-aamt Vial (Reblozyl)
,Epoetin alfa Vial (Epogen),Methoxy Polyethylene Glycol-Epoetin Beta Syringe (Mircera)
,,Vadadustat Tablet (Vafseo)
,,
,,
HEMODIALYSIS (30),Calcium Acetate Capsule (Generic),Calcium Acetate Solution (Phoslyra)
Phosphate Binders,Sevelamer Carbonate Tablet (AG; Generic),Calcium Acetate Tablet (Generic)
,,Calcium Carbonate/Magnesium Carbonate/FA (MagneBind 400 Rx)
,,Ferric Citrate Tablet (Auryxia)
,,Lanthanum Carbonate Chewable Tablet (Generic; Fosrenol)
,,Lanthanum Carbonate Powder Pack (Fosrenol)
,,Sevelamer Carbonate Powder Pack (Generic; Renvela)
,,Sevelamer Carbonate Tablet (Renvela)
,,Sevelamer HCl Tablet (AG; Generic for RenaGel)
,,Sucroferric Oxyhydroxide Chewable Tablet (Velphoro)
,,Tenapanor Tablet (Xphozah)
,,
HEMOPHILIA TREATMENT (31),Emicizumab-kxwh (Hemlibra),Anti-Inhibitor Coagulant Complex (Feiba NF)
,"Factor IX Human Recombinant, GlycoPEGylated (Rebinyn)",Etranacogene Dezaparvovec-drlb (Hemgenix)
,Factor IX Human Recombinant (BeneFIX Kit),Factor IX Complex (PCC) 3-Factor (Profilnine SD)
,"Factor VIIa, Recombinant (NovoSeven RT)",Factor IX Human (AlphaNine SD)
,Factor VIII (Kovaltry),Factor IX Human Recombinant (Ixinity)
,"Factor VIII, B-Domain-Deleted (Xyntha Kit)",Factor IX Recombinant (Rixubis)
,"Factor VIII, B-Domain-Deleted (Xyntha Solofuse Syringe Kit)","Factor IX Recombinant, Albumin Fusion (Idelvion)"
,"Factor VIII, B-Domain-Truncated (Novoeight)","Factor IX Recombinant, Fc Fusion Protein (Alprolix)"
,"Factor VIII, HEK B-Domain-Deleted (Nuwiq)","Factor VIIa, (Recombinant)-jncw (Sevenfact)"
,"Factor VIII, Recombinant, PEGylated-aucl (Jivi)","Factor VIII, Full-Length (Advate)"
,Factor VIII/VWF (Alphanate),Factor VIII (Kogenate FS)
,Factor VIII/VWF (Humate-P Kit),"Factor VIII, Full-Length PEGylated (Adynovate)"
,Factor VIII/VWF (Wilate),"Factor VIII, Human (Hemofil-M)"
,Factor X (Coagadex),"Factor VIII, Human Kit (Koate DVI)"
,"Factor XIII Concentrate, Human (Corifact Kit)","Factor VIII, Human Vial (Koate DVI)"
,,"Factor VIII, Recombinant Fc-VWF-XTEN Fusion Protein-ehtl (Altuviiio)"
,,"Factor VIII, Recombinant Glycopegylated-exei (Esperoct)"
,,"Factor VIII, Recombinant Porcine (Obizur)"
,,"Factor VIII, Recombinant (Recombinate)"
,,"Factor VIII, Recombinant, Fc Fusion (Eloctate)"
,,"Factor VIII, Single-Chain, B-Domain Truncated (Afstyla)"
,,"Factor XIII A-Subunit, Recombinant (Tretten)"
,,Fidanacogene Elaparvovec-dzkt (Beqvez)
,,Prothrombin Complex Concentrate Human-lans (Balfaxar)
,,Valoctocogene Roxaparvovec-rvox (Roctavian)
,,"Von Willebrand Factor, Recombinant (Vonvendi)"
HEREDITARY ANGIOEDEMA (32),C1 Esterase Inhibitor Subcutaneous Vial (Haegarda),Berotralstat Hydrochloride Capsule (Orladeyo)
,Icatibant Acetate Subcutaneous Syringe (Generic),"C1 Esterase Inhibitor Intravenous Kit, Vial (Berinert)"
,,C1 Esterase Inhibitor Intravenous (Cinryze)
,,"C1 Esterase Inhibitor, Recombinant Intravenous Vial (Ruconest)"
,,Ecallantide Subcutaneous Vial (Kalbitor)
,,Icatibant Acetate Subcutaneous Syringe (Firazyr)
,,"Lanadelumab-flyo Subcutaneous Syringe, Vial (Takhzyro)"
,,
HIV-AIDS (33),"Abacavir Solution, Tablet (Generic; Ziagen)",NONE
,Abacavir/Dolutegravir/Lamivudine Tablet (Triumeq),
,Abacavir/Dolutegravir/Lamivudine Soluble Tablet (Triumeq PD),
,Abacavir/Lamivudine Tablet (Generic; Epzicom),
,Abacavir/Lamivudine/Zidovudine Tablet (Trizivir),
,Atazanavir Capsule (Generic),
,"Atazanavir Capsule, Powder Pack (Reyataz)",
,Atazanavir Sulfate/Cobicistat Tablet (Evotaz),
,Bictegravir/Emtricitabine/Tenofovir AF Tablet (Biktarvy),
,Cabotegravir (Apretude),
,Cabotegravir/Rilpivirine IM (Cabenuva),
,Cobicistat Tablet (Tybost),
,Darunavir Ethanolate Tablet (Generic; Prezista),
,Darunavir Ethanolate Suspension (Prezista),
,Darunavir/Cobicistat/Emtricitabine/Tenofovir AF (Symtuza),
,Darunavir/Cobicistat Tablet (Prezcobix),
,Didanosine Capsule DR (Generic),
,"Dolutegravir Sodium Suspension, Tablet (Tivicay PD; Tivicay)",
,Dolutegravir Sodium/Lamivudine Tablet (Dovato),
,Dolutegravir/Rilpivirine Tablet (Juluca),
,Doravirine Tablet (Pifeltro),
,Doravirine/Lamivudine/Tenofovir DF Tablet (Delstrigo),
,Efavirenz Capsule (Generic for Sustiva),
HIV-AIDS (33) Continued,Efavirenz Tablet (Generic),NONE
,Efavirenz/Emtricitabine/Tenofovir DF Tablet (Generic; Atripla),
,Efavirenz/Lamivudine/Tenofovir DF Tablet (Generic; Symfi Lo),
,Efavirenz/Lamivudine/Tenofovir DF Tablet (Generic; Symfi),
,Elvitegravir/Cobicistat/Emtricitabine/Tenofovir AF (Genvoya),
,Elvitegravir/Cobicistat/Emtricitabine/Tenofovir DF (Stribild),
,Emtricitabine/Rilpivirine/Tenofovir DF Tablet (Complera),
,Emtricitabine/Rilpivirine/Tenofovir AF Tablet (Odefsey),
,Emtricitabine Capsule (Generic; Emtriva),
,Emtricitabine Solution (Emtriva),
,Emtricitabine/Tenofovir AF Tablet (Descovy),
,Emtricitabine/Tenofovir DF Tablet (Generic; Truvada),
,Enfuvirtide Vial (Fuzeon),
,Etravirine Tablet (Generic; Intelence),
,Fosamprenavir Tablet (Generic; Lexiva),
,Fosamprenavir Suspension (Lexiva),
,Fostemsavir Tromethamine Tablet (Rukobia),
,Ibalizumab-uiyk Vial (Trogarzo),
,"Lamivudine Solution, Tablet (Generic; Epivir)",
,Lamivudine/Tenofovir DF Tablet (Cimduo),
,Lamivudine/Zidovudine Tablet (Generic; Combivir),
,"Lenacapavir Subcutaneous, Tablet (Sunlenca)",
,Lopinavir/Ritonavir Solution (Generic; Kaletra),
,Lopinavir/Ritonavir Tablet (Generic; Kaletra),
,Maraviroc Solution (Selzentry),
,Maraviroc Tablet (Generic; Selzentry),
,Nelfinavir Mesylate Tablet (Viracept),
,Nevirapine ER Tablet (Generic for Viramune XR),
,Nevirapine Suspension (Generic for Viramune),
,Nevirapine Tablet (Generic),
,"Raltegravir Potassium Chewable, Powder Pack, Tablet (Isentress)",
HIV-AIDS (33) Continued,Raltegravir Potassium Tablet (Isentress HD),NONE
,Rilpivirine HCl Tablet (Edurant),
,Ritonavir Powder Pack (Norvir),
,Ritonavir Tablet (Generic; Norvir),
,Stavudine Capsule (Generic),
,Tenofovir Disoproxil Fumarate Tablet (Generic),
,"Tenofovir Disoproxil Fumarate Powder, Tablet (Viread)",
,Tipranavir Capsule (Aptivus),
,Zidovudine Syrup (Generic; Retrovir),
,"Zidovudine Capsule, Tablet (Generic)",
,,
,,
IDIOPATHIC PULMONARY FIBROSIS (34),Nintedanib Capsule (Ofev),"Pirfenidone Capsule, Tablet (Esbriet)"
,Pirfenidone Capsule (Generic),
,Pirfenidone Tablet (Generic),
,,
,,
IMMUNE GLOBULINS (IG) (35),IG Injection [(Human) Gamunex-C],Cytomegalovirus IG IV [(Human) Cytogam]
,IG Intravenous [(Human) Gammagard Liquid],Hepatitis B IG Intravenous [(Human) HepaGam B]
,IG Intravenous [(Human) Privigen],Hepatitis B IG Syringe [(Human) HyperHEP B S/D]
,IG Subcutaneous Syringe [(Human) Hizentra],Hepatitis B IG Vial [(Human) HyperHEP B S/D]
,IG Subcutaneous Vial [(Human) Hizentra],IG Infusion [(Human) Hyqvia]
,,IG Injection [(Human) Gammaked]
,,IG Intravenous [(Human) Flebogamma DIF]
,,IG Intravenous [(Human) Gammagard S/D]
,,IG Intravenous [(Human) Gammaplex]
,,IG Intravenous [(Human) Octagam]
,,IG Intravenous [(Human-ifas) Panzyga]
IMMUNE GLOBULINS (IG) Cont. (35),(Preferred agents listed on page 36),IG Intravenous [(Human-slra) Asceniv]
,,IG Intravenous [(Human) Bivigam]
,,IG Subcutaneous [(Human) Cuvitru]
,,IG Subcutaneous [(Human-hipp) Cutaquig]
,,IG Subcutaneous [(Human-klhw) Xembify]
,,IG Vial [(Human) GamaSTAN]
,,IG Vial [(Human-stwk) Alyglo]
,,Rabies IG [(Human) Kedrab]
,,Rabies IG Vial [(Human) HyperRAB]
,,Varicella Zoster IG [(Human) Varizig]
,,
"IMMUNOSUPPRESSIVES, ORAL (36)",Azathioprine Tablet (Generic),Avacopan Capsule (Tavneos)
,"Cyclosporine Capsule – MODIFIED 25 mg, 100 mg",Azathioprine (Azasan; Imuran)
,Cyclosporine Softgel – MODIFIED 50 mg (Generic),Belumosudil Tablet (Rezurock)
,Mycophenolate Mofetil Capsule (Generic),"Cyclosporine Capsule 25 mg, 100 mg (Generic; Sandimmune)"
,Mycophenolate Mofetil Tablet (Generic),Cyclosporine Capsule – MODIFIED (Neoral)
,Mycophenolic Acid as Mycophenolate Sodium (Generic),Cyclosporine Solution – MODIFIED (Generic; Neoral)
,Sirolimus Solution (Generic; Rapamune),Cyclosporine Solution (Sandimmune)
,Sirolimus Tablet (AG; Generic; Rapamune),Everolimus Tablet (Generic; Zortress)
,Tacrolimus Capsule (Generic),Mycophenolate Mofetil Capsule (CellCept)
,,Mycophenolate Mofetil Suspension (CellCept; Myhibbin)
,,Mycophenolate Mofetil Tablet (CellCept)
,,Mycophenolate Mofetil Suspension (Generic)
,,Mycophenolic Acid as Mycophenolate Sodium (Myfortic)
,,Tacrolimus Capsule (Prograf)
,,Tacrolimus Granule Packet (Prograf)
,,Tacrolimus ER Capsule (Astagraf XL)
,,Tacrolimus ER Tablet (Envarsus XR)
,,
INFECTIOUS DISORDERS (37),Amoxicillin/Clavulanate Suspension (AG; Generic),"Amoxicillin/Clavulanate ER Tablet, Chewable Tablet (Generic)"
Antibiotics,Amoxicillin/Clavulanate Tablet (AG; Generic),Amoxicillin/Clavulanate Suspension (Augmentin 125mg/5ml)
Cephalosporin and Related Antibiotics,Cefadroxil Capsule (Generic),"Cefaclor Capsule, ER Tablet, Suspension (Generic)"
,"Cefdinir Capsule, Suspension (Generic)","Cefadroxil Suspension, Tablet (Generic)"
,"Cefprozil Suspension, Tablet (Generic)",Cefixime Capsule (AG; Generic for Suprax)
,Cefuroxime Tablet (Generic),Cefixime Suspension (Generic for Suprax)
,"Cephalexin Capsule, Suspension (Generic)","Cefpodoxime Proxetil Suspension, Tablet (Generic)"
,,Cephalexin Tablet (Generic)
,,
,,
INFECTIOUS DISORDERS (37),Ciprofloxacin Tablet (Generic),Ciprofloxacin Suspension (Generic; Cipro)
Antibiotics,Levofloxacin Tablet (Generic),Ciprofloxacin Tablet (Cipro)
Fluoroquinolones,,Delafloxacin Tablet (Baxdela)
,,Levofloxacin Solution (Generic)
,,Moxifloxacin Tablet (Generic)
,,Ofloxacin Tablet (Generic)
,,
INFECTIOUS DISORDERS (37),Metronidazole Tablet (Generic),"Fecal Microbiota Spores, Live-brpk (Vowst)"
Antibiotics,Neomycin Tablet (Generic),"Fidaxomicin Suspension, Tablet (Dificid)"
Gastrointestinal Antibiotics,Tinidazole Tablet (Generic),Metronidazole Capsule (Generic; Flagyl)
,Vancomycin HCl Capsule (AG; Generic),Metronidazole Suspension (Likmez)
,,Nitazoxanide Tablet (AG; Generic)
,,Paromomycin Capsule (Generic)
,,Rifamycin Tablet (Aemcolo)
,,Rifaximin Tablet (Xifaxan)
,,Secnidazole Oral Granules (SolosecTM)
,,Vancomycin HCl Capsule (Vancocin)
,,Vancomycin Solution (AG; Generic; Firvanq)
,,Vancomycin Solution 250mg/5ml (Generic)
INFECTIOUS DISORDERS (37),Tobramycin Solution (AG; Generic for Bethkis),Amikacin Inhalation Suspension (Arikayce)
Antibiotics,Tobramycin Solution (Generic for Tobi),Aztreonam Solution (Cayston)
Inhaled Antibiotics,,Tobramycin Solution (Bethkis)
,,Tobramycin Solution (Tobi)
,,Tobramycin Capsule (Tobi Podhaler)
,,Tobramycin Inhalation Solution Pak (AG; Kitabis Pak)
,,
,,
INFECTIOUS DISORDERS (37),Clindamycin Capsule (Generic),Clindamycin Capsule (Cleocin)
Antibiotics,Clindamycin Palmitate Solution (Generic),Clindamycin Palmitate Solution (Cleocin)
Lincosamides,,Clindamycin Phosphate in D5W Piggyback Injection (Generic)
,,Clindamycin Phosphate Injection Vial (Generic; Cleocin)
,,Clindamycin in 0.9% Sodium Chloride Piggyback Intravenous (Generic)
,,Lincomycin HCl Vial (Generic; Lincocin)
,,
,,
INFECTIOUS DISORDERS (37),Azithromycin Packet (AG),"Azithromycin Packet, Suspension, Tablet (Zithromax)"
Antibiotics,"Azithromycin Suspension, Tablet (Generic)","Clarithromycin ER Tablet, Suspension (Generic)"
Macrolides - Ketolides,Clarithromycin Tablet (Generic),"Erythromycin Base DR Capsule, Tablet (Generic)"
,Erythromycin Base DR Tablet (Generic),Erythromycin Base DR Tablet (Ery-Tab)
,,Erythromycin Ethyl Succinate Suspension (AG; Generic; E.E.S. 200; EryPed 200)
,,Erythromycin Ethyl Succinate Suspension (AG; Generic; EryPed 400)
,,Erythromycin Ethyl Succinate Tablet (E.E.S.  400)
,,Erythromycin Stearate Filmtab (Erythrocin)
,,
INFECTIOUS DISORDERS (37),Nitrofurantoin Macrocrystals Capsule (Generic),"Nitrofurantoin Macrocrystals Capsule 25 mg, 50 mg, 100 mg (Macrodantin)"
Antibiotics,Nitrofurantoin Monohydrate Macrocrystals Capsule (AG; Generic),Nitrofurantoin Monohydrate Macrocrystals Capsule 100 mg (Macrobid)
Nitrofuran Derivatives,,Nitrofurantoin Suspension (AG; Generic; Furadantin)
,,
,,
,,
,,
INFECTIOUS DISORDERS (37),Linezolid Tablet (AG; Generic),Linezolid in 0.9% Sodium Chloride IV (AG)
Antibiotics,,Linezolid in Dextrose 5% IV (Generic; Zyvox)
Oxazolidinones,,Linezolid Suspension (AG; Generic; Zyvox)
,,Linezolid Tablet (Zyvox)
,,Tedizolid IV (Sivextro)
,,Tedizolid Tablet (Sivextro)
,,
,,
INFECTIOUS DISORDERS (37),NONE,"Lefamulin Acetate Tablet, Vial (Xenleta)"
Antibiotics,,
Pleuromutilins,,
,,
,,
,,
INFECTIOUS DISORDERS (37),Doxycycline Hyclate Capsule (Generic),Demeclocycline Tablet (Generic)
Antibiotics,Doxycycline Hyclate Tablet (Generic),Doxycycline Calcium Syrup (Vibramycin)
Tetracyclines,Doxycycline Monohydrate 50 mg Capsule (AG; Generic),Doxycycline Hyclate DR Tablet (Doryx MPC)
,Doxycycline Monohydrate 100 mg Capsule (AG; Generic),Doxycycline Hyclate DR Tablet (AG; Generic; Doryx)
,Doxycycline Monohydrate Tablet (Generic),Doxycycline Hyclate Capsule/Skin Cleanser (Morgidox Kit)
,Minocycline Capsule (Generic),Doxycycline Monohydrate 40 mg DR Capsule (AG)
,,Doxycycline Monohydrate Capsule 75 mg (AG; Generic)
,,Doxycycline Monohydrate Capsule 150 mg (AG; Generic)
,,Doxycycline Monohydrate Suspension (Generic)
,,Minocycline ER Tablet (Generic; MinoLira ER; Solodyn)
,,Minocycline Tablet (Generic)
,,Omadacycline Tosylate Tablet (Nuzyra)
,,Tetracycline Capsule (Generic)
,,
,,
INFECTIOUS DISORDERS (37),Clindamycin Vaginal Cream (Generic for Cleocin),Clindamycin Vaginal Cream (Cleocin)
Antibiotics,Metronidazole Vaginal Gel (Nuvessa),Clindamycin Vaginal Cream (Clindesse)
Vaginal,Metronidazole Vaginal Gel (Generic for MetroGel-Vaginal),Clindamycin Vaginal Gel (Xaciato)
,,Clindamycin Vaginal Ovules (Cleocin)
,,Metronidazole Vaginal Gel (Vandazole)
,,
INFECTIOUS DISORDERS (37),Clotrimazole Troche (Generic),"Fluconazole Suspension, Tablet (Diflucan)"
Antifungals,Fluconazole Suspension (Generic),Flucytosine Capsule (AG; Generic)
"Antifungals, Oral",Fluconazole Tablet (Generic),"Griseofulvin Tablet, Ultramicrosize Tablet (Generic)"
,Griseofulvin Suspension (Generic),Ibrexafungerp Citrate Tablet (Brexafemme)
,Nystatin Suspension (Generic),Isavuconazonium Capsule (Cresemba)
,Nystatin Tablet (Generic),"Itraconazole Capsule, Solution (Generic; Sporanox)"
,Terbinafine Tablet (Generic),Itraconazole Capsule (Tolsura)
,,Ketoconazole Tablet (Generic)
,,Miconazole Buccal Tablet (Oravig)
,,Oteseconazole Capsule (Vivjoa)
,,Posaconazole Suspension Packet (Noxafil)
,,"Posaconazole Suspension, Tablet (AG; Generic; Noxafil)"
,,"Voriconazole Suspension, Tablet (Generic; Vfend)"
,,
INFECTIOUS DISORDERS (37),Sofosbuvir/Velpatasvir (AG for Epclusa),Elbasvir/Grazoprevir (Zepatier)
Hepatitis C Agents,Sofosbuvir/Velpatasvir/Voxilaprevir Tablet (Vosevi),"Glecaprevir/Pibrentasvir Pellet Pack, Tablet (Mavyret)"
Direct Acting Antiviral Agents,,Ledipasvir/Sofosbuvir Tablet (AG; Harvoni)
,,Ledipasvir/Sofosbuvir Pellet Pack (Harvoni)
*Hepatitis C DAA Criteria,,"Sofosbuvir Pellet Pack, Tablet (Sovaldi)"
*Hepatitis C DAA Worksheet,,"Sofosbuvir/Velpatasvir Tablet, Pellet Pack (Epclusa)"
*Patient Treatment Agreement,,
,,
,,
INFECTIOUS DISORDERS (37),Peginterferon alfa 2a Syringe (Pegasys),Ribavirin Capsule (Generic)
Hepatitis C Agents,Peginterferon alfa 2a Vial (Pegasys),
Not Direct Acting Antiviral Agents,Ribavirin Tablet (Generic),
,,
,,
,,
LUPUS IMMUNOMODULATORS (38),NONE,Anifrolumab-fnia Vial (Saphnelo)
,,"Belimumab Auto-Injector, IV, Syringe, Vial (Benlysta)"
,,Voclosporin Capsule (Lupkynis)
,,
,,
METHOTREXATE (39),Methotrexate PF Vial (AG; Generic),Methotrexate Auto-Injector (Otrexup)
,Methotrexate Tablet,Methotrexate Auto-Injector (Rasuvo)
,Methotrexate Vial,Methotrexate Solution (Jylamvo)
,,Methotrexate Solution (Xatmep)
,,Methotrexate Tablet (Trexall)
,,
,,
MOVEMENT DISORDERS (40),Deutetrabenazine Tablet (Austedo; Austedo XR),Tetrabenazine Tablet (Xenazine)
,Tetrabenazine Tablet (Generic),
,"Valbenazine Capsule, Sprinkle (Ingrezza)",
,Valbenazine Capsule Initiation Pack (Ingrezza),
,,
MULTIPLE SCLEROSIS (41),Dalfampridine ER Tablet (Generic),Alemtuzumab Vial (Lemtrada)
Multiple Sclerosis Agents,Dimethyl Fumarate DR Capsule (Generic),Cladribine Tablet (Mavenclad)
Immunomodulatory Agents,Dimethyl Fumarate DR Starter Pack (Generic),Dalfampridine ER Tablet (Ampyra)
,Fingolimod Capsule (Generic for Gilenya),"Dimethyl Fumarate Capsule, Starter Pack (Tecfidera)"
,"Glatiramer Acetate Syringe 20mg, 40mg (Generic)",Diroximel Fumarate Capsule (Vumerity)
,Interferon β-1a Pen Kit (Avonex Pen),Fingolimod Capsule (Gilenya)
,Interferon β-1b Kit (Betaseron),Fingolimod Lauryl Sulfate Orally Disintegrating Tablet (Tascenso ODT)
,"Interferon β-1a Syringe, Syringe Kit (Avonex)","Glatiramer Acetate Syringe 20mg, 40mg (Copaxone)"
,Interferon β-1a Vial Kit (Avonex),"Interferon β-1a Auto-Injector, Titration Pack (Rebif Rebidose)"
,Ofatumumab Pen (Kesimpta),"Interferon β-1a Syringe, Titration Pack (Rebif)"
,Teriflunomide Tablet (Generic),"Interferon β-1b Kit, Vial (Extavia)"
,,Monomethyl Fumarate Capsule DR (Bafiertam)
,,Natalizumab Vial (Tysabri)
,,Ocrelizumab Vial (Ocrevus)
,,"Ozanimod Capsule, Starter Kit, Starter Pack (Zeposia)"
,,"Peginterferon β -1a IM, Subcutaneous (Plegridy)"
,,"Ponesimod Starter Pack, Tablet (Ponvory)"
,,"Siponimod Dose Pack, Tablet (Mayzent)"
,,Teriflunomide Tablet (Aubagio)
,,Ublituximab-xiiy Vial (Briumvi)
,,
ONCOLOGY (42),Anastrozole Tablet (Generic),Abemaciclib Tablet (Verzenio)
Oral – Breast,Capecitabine Tablet (Generic),Alpelisib Tablet (Piqray)
,"Cyclophosphamide Capsule, Tablet (Generic)",Anastrozole Tablet (Arimidex)
,Exemestane Tablet (Generic),Capecitabine Tablet (Xeloda)
,Fulvestrant Syringe (AG; Generic),Capivasertib Tablet (Truqap)
,Letrozole Tablet (Generic),Elacestrant Tablet (Orserdu)
,Ribociclib Succinate Tablet (Kisqali),Exemestane Tablet (Aromasin)
,Tamoxifen Citrate Tablet (Generic),Fulvestrant Syringe (Faslodex)
,,Lapatinib Ditosylate Tablet (Generic; Tykerb)
,,Letrozole Tablet (Femara)
,,Neratinib Maleate Tablet (Nerlynx)
,,"Palbociclib Capsule, Tablet (Ibrance)"
,,Ribociclib Succinate/Letrozole Tablet (Kisqali/Femara Kit)
,,Talazoparib Capsule (Talzenna)
,,Tamoxifen Citrate Solution (Soltamox)
,,Toremifene Citrate Tablet (Generic; Fareston)
,,Tucatinib Tablet (Tukysa)
,,
ONCOLOGY (42),Dasatinib Tablet (Sprycel),"Acalabrutinib Capsule, Tablet (Calquence)"
Oral – Hematologic,Hydroxyurea Capsule (Generic),Asciminib Tablet (Scemblix)
,Ibrutinib Capsule (Imbruvica),Azacitidine Tablet (Onureg)
,Ibrutinib Tablet (Imbruvica),"Bosutinib Capsule, Tablet (Bosulif)"
,Imatinib Mesylate Tablet (Generic),Decitabine/Cedazuridine Tablet (Inqovi)
,Lenalidomide Capsule (Generic; Revlimid),Duvelisib Capsule (Copiktra)
,Mercaptopurine Tablet (Generic),Enasidenib Mesylate Tablet (Idhifa)
,Procarbazine HCl Capsule (Matulane),Fedratinib Capsule (Inrebic)
,Ruxolitinib Phosphate Tablet (Jakafi),Gilterinib Tablet (Xospata)
,Tretinoin Capsule (Generic),Glasdegib Tablet (Daurismo)
,Venetoclax Tablet (Venclexta),Hydroxyurea Capsule (Hydrea)
,Venetoclax Starting Pack Tablet (Venclexta),Ibrutinib Suspension (Imbruvica)
ONCOLOGY (42),(Preferred agents listed on page 45),Idelalisib Tablet (Zydelig)
Oral – Hematologic Continued,,Imatinib Mesylate Tablet (Gleevec)
,,Ivosidenib Tablet (Tibsovo)
,,Ixazomib Citrate Capsule (Ninlaro)
,,Mercaptopurine Suspension (Purixan)
,,Midostaurin Capsule (Rydapt)
,,Momelotinib Tablet (Ojjaara)
,,Nilotinib HCl Capsule (Tasigna)
,,Olutasidenib Capsule (Rezlidhia)
,,Pacritinib Capsule (Vonjo)
,,Pomalidomide Capsule (Pomalyst)
,,Ponatinib HCl Tablet (Iclusig)
,,Quizartinib Dihydrochloride (Vanflyta)
,,Selinexor Tablet (Xpovio)
,,Thalidomide Capsule (Thalomid)
,,Thioguanine Tablet (Tabloid)
,,Vorinostat Capsule (Zolinza)
,,Zanubrutinib Capsule (Brukinsa)
,,
ONCOLOGY (42),Afatinib Dimaleate Tablet (Gilotrif),Adagrasib Tablet (Krazati)
Oral – Lung,Alectinib HCl Capsule (Alecensa),Brigatinib Tablet (Alunbrig)
,Crizotinib Capsule (Xalkori),Capmatinib Tablet (Tabrecta)
,Osimertinib Mesylate Tablet (Tagrisso),Ceritinib Tablet (Zykadia)
,Topotecan HCl Capsule (Hycamtin),Crizotinib Pellet (Xalkori)
,,Dacomitinib Tablet (Vizimpro)
,,"Entrectinib Capsule, Pellet Pack (Rozlytrek)"
,,Erlotinib HCl Tablet (Generic; Tarceva)
,,Gefitinib Tablet (Generic; Iressa)
,,Lazertinib Tablet (Lazcluze)
ONCOLOGY (42),(Preferred agents listed on page 46),Lorlatinib Tablet (Lorbrena)
Oral – Lung Continued,,Pralsetinib Capsule (Gavreto)
,,Repotrectinib Capsule (Augtyro)
,,Selpercatinib Capsule (Retevmo)
,,Sotorasib Tablet (Lumakras)
,,Tepotinib HCl Tablet (Tepmetko)
,,
,,
ONCOLOGY (42),Selumetinib Capsule (Koselugo),Avapritinib Tablet (Ayvakit)
Oral – Other,Temozolomide Capsule (Generic),Cabozantinib S-Malate Capsule (Cometriq)
,,Erdafitinib Tablet (Balversa)
,,Eflornithine Tablet (Iwilfin)
,,Futibatinib Tablet Therapy Pack (Lytgobi)
,,Fruquintinib Capsule (Fruzaqla)
,,"Larotrectinib Capsule, Solution (Vitrakvi)"
,,Niraparib Tosylate Tablet (Zejula)
,,Nirogacestat Tablet (Ogsiveo)
,,"Olaparib Capsule, Tablet (Lynparza)"
,,Pemigatinib Tablet (Pemazyre)
,,Pexidartinib Capsule (Turalio)
,,Pirtobrutinib Tablet (Jaypirca)
,,Regorafenib Tablet (Stivarga)
,,Ripretinib Tablet (Qinlock)
,,Rucaparib Camsylate Tablet (Rubraca)
,,Tazemetostat Tablet (Tazverik)
,,Trifluridine/Tipiracil HCl Tablet (Lonsurf)
,,Vandetanib Tablet (Caprelsa)
,,Vorasidenib Tablet (Voranigo)
,,
ONCOLOGY (42),Abiraterone Acetate Tablet (Generic for Zytiga),Abiraterone Acetate Tablet (Zytiga)
Oral – Prostate,Bicalutamide Tablet (Generic),Abiraterone Acetate Submicronized Tablet (Yonsa)
,"Enzalutamide Capsule, Tablet (Xtandi)",Apalutamide Tablet (Erleada)
,,Bicalutamide Tablet (Casodex)
,,Darolutamide Tablet (Nubeqa)
,,Nilutamide Tablet (AG; Generic)
,,Niraparib/Abiraterone Tablet (Akeega)
,,Relugolix Tablet (Orgovyx)
,,
ONCOLOGY (42),Axitinib Tablet (Inlyta),Belzutifan Tablet (Welireg )
Oral - Renal Cell,Everolimus Tablet (Generic for Afinitor),Cabozantinib S-Malate Tablet (Cabometyx)
,Lenvatinib Mesylate Capsule (Lenvima),Everolimus Tablet (Afinitor; Torpenz)
,Pazopanib HCl Tablet (Generic; Votrient),Everolimus Tablet for Oral Suspension (Generic; Afinitor Disperz)
,Sorafenib Tosylate Tablet (Generic; Nexavar),Sunitinib Malate Capsule (Sutent)
,Sunitinib Malate Capsule (Generic),Tivozanib HCl Capsule (Fotivda)
,,
ONCOLOGY (42),Cobimetinib Fumarate Tablet (Cotellic),Binimetinib Tablet (Mektovi)
Oral - Skin,Dabrafenib Mesylate Capsule (Tafinlar),Dabrafenib Mesylate Tablet for Oral Suspension (Tafinlar)
,Sonidegib Phosphate Capsule (Odomzo),Encorafenib Capsule (Braftovi)
,Trametinib Dimethyl Sulfoxide Tablet (Mekinist),"Tovorafenib Suspension, Tablet (Ojemda)"
,Vemurafenib Tablet (Zelboraf),Trametinib Dimethyl Sulfoxide for Oral Solution (Mekinist)
,,Vismodegib Capsule (Erivedge)
,,
OPHTHALMIC DISORDERS (43),Azelastine HCl Solution (Generic),Bepotastine Solution (AG; Generic; Bepreve)
Allergic Conjunctivitis,Cromolyn Sodium Solution (Generic),Cetirizine Solution (Zerviate)
,Loteprednol Suspension (Generic; Alrex),Epinastine Solution (Generic)
,Olopatadine HCl 0.1% Solution (Generic for Patanol),Lodoxamide Tromethamine Solution (Alomide)
,,Nedocromil Sodium Solution (Alocril)
,,Olopatadine HCl 0.2% Solution Rx (Generic for Pataday)
,,
OPHTHALMIC DISORDERS (43),Bacitracin/Polymyxin B Sulfate Ointment (Generic),Azithromycin Solution (AzaSite)
Antibiotics,Ciprofloxacin Ophthalmic Solution (Generic),Bacitracin Ointment (Generic)
,Erythromycin Base Ointment (Generic),Besifloxacin Suspension (Besivance)
,Gentamicin Sulfate Solution (Generic),Ciprofloxacin Ointment (Ciloxan)
,Moxifloxacin Solution (AG; Generic for Vigamox),Gatifloxacin Solution (Generic for Zymaxid)
,Neomycin/Polymyxin B/Gramicidin Solution (Generic),Moxifloxacin Solution (Generic for Moxeza)
,Ofloxacin Ophthalmic Solution (Generic),Moxifloxacin Solution (Vigamox)
,Polymyxin B Sulfate/Trimethoprim Solution (Generic),Natamycin Suspension (Natacyn)
,Sulfacetamide Sodium Solution (Generic),Neomycin/Bacitracin/Polymyxin B Ointment (AG; Generic)
,Tobramycin Solution (Generic),Ofloxacin Solution (Ocuflox)
,,Sulfacetamide Sodium Ointment (Generic)
,,Tobramycin Ointment (Tobrex)
,,
,,
OPHTHALMIC DISORDERS (43),Neomycin/Polymyxin B/Dexamethasone Ointment (Generic),Neomycin/Bacitracin/Polymyxin B/Hydrocortisone Ointment (Generic)
Antibiotic-Steroid Combinations,Neomycin/Polymyxin B/Dexamethasone Suspension (Generic),"Neomycin/Polymyxin B/Dexamethasone Ointment, Suspension (Maxitrol)"
,Sulfacetamide/Prednisolone Solution (Generic),Neomycin/Polymyxin B/Hydrocortisone Suspension (Generic)
,Tobramycin/Dexamethasone Ointment (TobraDex),Tobramycin/Dexamethasone ST (TobraDex ST)
,Tobramycin/Dexamethasone Drops (AG; Generic for TobraDex),Tobramycin/Loteprednol Suspension (Zylet)
,,
OPHTHALMIC DISORDERS (43),Dexamethasone Sodium Phosphate Solution (Generic),Bromfenac Sodium 0.07% Solution (AG: Generic; Prolensa)
Anti-Inflammatories,Diclofenac Sodium Solution (Generic),Bromfenac Sodium 0.075% Solution (AG; Generic; BromSite)
,Difluprednate Emulsion (AG; Generic; Durezol),Bromfenac Sodium 0.09% Solution (Generic)
,Fluorometholone 0.1% Suspension (Generic),Dexamethasone Insert (Dextenza)
,Flurbiprofen Sodium Solution (Generic),Dexamethasone Suspension (Maxidex)
,Ketorolac Tromethamine LS Solution 0.4% (Generic),Dexamethasone Intravitreal Implant (Ozurdex)
,Ketorolac Tromethamine Solution 0.5% (Generic),Fluocinolone Acetonide Intravitreal Implant (Iluvien; Retisert)
,Prednisolone Acetate 1% Suspension (Generic),Fluocinolone Acetonide Intravitreal Implant (Yutiq)
,,Fluorometholone 0.1% Suspension (FML)
,,Fluorometholone 0.25% Suspension (FML Forte)
,,Fluorometholone Acetate 0.1% Suspension (Flarex)
,,Ketorolac Tromethamine 0.4% 0.5% Solution (Acular LS; Acular)
,,Ketorolac Tromethamine PF Solution 0.45% (Acuvail)
,,Loteprednol Etabonate 1% Ophthalmic Suspension (Inveltys)
,,Loteprednol Gel (AG; Generic; Lotemax)
,,Loteprednol Ointment (Lotemax)
,,Loteprednol Suspension (AG; Generic; Lotemax)
,,Nepafenac 0.1% Suspension (Nevanac)
,,Nepafenac 0.3% Suspension (Ilevro)
,,Prednisolone Acetate 0.12% Solution (Pred Mild)
,,Prednisolone Acetate 1% Suspension (Pred Forte)
,,Prednisolone Sodium Phosphate Solution (Generic)
,,Triamcinolone Acetonide Suspension (Triesence)
,,Triamcinolone Acetonide/PF (Xipere)
,,
OPHTHALMIC DISORDERS (43),Cyclosporine 0.05% Emulsion (AG; Generic),"Cyclosporine 0.05% Emulsion (Restasis, Restasis Multidose)"
Anti-Inflammatory/Immunomodulators,Lifitegrast Solution (Xiidra),Cyclosporine 0.09% Solution (Cequa)
,,Cyclosporine 0.1% Emulsion (Verkazia)
,,Cyclosporine 0.1% Solution (Vevye)
,,Loteprednol Etabonate Suspension (Eysuvis)
,,Perfluorohexyloctane/PF (Miebo)
,,Varenicline Nasal Spray (Tyrvaya)
,,
OPHTHALMIC DISORDERS (43),NONE,Cysteamine HCl Solution (Cystadrops)
Cystinosis,,Cysteamine HCl Solution (Cystaran)
,,
,,
,,
,,
OPHTHALMIC DISORDERS (43),Brimonidine 0.15% Solution (Generic),Apraclonidine Solution 0.5% (Generic; Iopidine)
Glaucoma Agents,Brimonidine 0.2% Solution (Generic),Apraclonidine Solution 1% (Iopidine)
Intraocular Pressure (IOP) Reducers,Brimonidine/Brinzolamide Suspension (Simbrinza),Betaxolol 0.25% Suspension (Betoptic S)
,Brimonidine/Timolol Solution (AG; Generic),Betaxolol 0.5% Solution (Generic)
,Carteolol Solution (Generic),"Bimatoprost 0.01% Solution 2.5 mL, 5mL, 7.5mL (Lumigan)"
,Dorzolamide Solution (Generic),"Bimatoprost 0.03% Solution 2.5 mL, 5mL, 7.5mL (Generic)"
,Dorzolamide/Timolol Solution (Generic),Bimatoprost Implant (Durysta)
,Latanoprost 2.5mL Solution (Generic),Brimonidine 0.1% Solution (Generic; Alphagan P)
,Levobunolol Solution (Generic),Brimonidine 0.15% Solution (Alphagan P)
,Netarsudil Mesylate Solution (Rhopressa),Brimonidine/Timolol Solution (Combigan)
,Netarsudil Mesylate/Latanoprost Solution (Rocklatan),Brinzolamide Suspension (AG; Generic; Azopt)
,Timolol Maleate Solution (Generic),Dorzolamide/Timolol Solution (Cosopt)
,Timolol Maleate Gel-Forming Solution (Generic Timoptic-XE),Dorzolamide/Timolol/PF Solution (Generic; Cosopt PF)
,"Travoprost Solution 2.5 mL, 5 mL (AG; Generic; Travatan Z)",Echothiophate Iodide Solution (Phospholine Iodide)
,,Latanoprost Emulsion (Xelpros)
,,Latanoprost Solution 2.5 mL (Xalatan)
,,Latanoprost/PF Solution (Iyuzeh)
OPHTHALMIC DISORDERS (43),(Preferred agents listed on page 51),Latanoprostene Bunod Solution (Vyzulta)
Glaucoma Agents,,Pilocarpine HCl Solution (Generic for Isopto Carpine)
Intraocular Pressure (IOP) Reducers Cont,,Pilocarpine HCl Solution (Vuity)
,,Tafluprost Solution (AG; Generic; Zioptan)
,,Timolol Solution (Betimol)
,,Timolol Maleate LA Solution (AG; Generic; Istalol)
,,Timolol Maleate 0.25% Solution (Generic; Timoptic Ocudose)
,,Timolol Maleate 0.5% Solution (AG; Generic; Timoptic Ocudose)
,,Travoprost Intracameral Implant (iDose TR)
,,
OPIATE DEPENDENCE AGENTS (44),Buprenorphine Sublingual Tablet (Generic),Buprenorphine/Naloxone Sublingual Film (Suboxone)
,Buprenorphine Syringe (Sublocade; Brixadi),Lofexidine Tablet (Lucemyra)
,Buprenorphine/Naloxone Sublingual Film (Generic),Naloxone Injection (Zimhi)
,Buprenorphine/Naloxone Sublingual Tablet (Generic),Naloxone Spray (Kloxxado; Rextovy)
,Buprenorphine/Naloxone Sublingual Tablet (Zubsolv),
,Nalmefene Nasal Spray (Opvee),
,Naloxone Nasal Spray (AG; Generic; Narcan),
,"Naloxone Syringe, Vial (Generic)",
,Naltrexone Extended-Release Suspension Vial (Vivitrol),
,Naltrexone Tablet (Generic),
OSTEOPOROSIS (45),Alendronate Tablet (Generic),Abaloparatide Pen (Tymlos)
Bone Resorption Suppression Agents,Calcitonin-Salmon Nasal (Generic),"Alendronate Effervescent Tablet, Tablet (Binosto; Fosamax)"
,Ibandronate Tablet (Generic),Alendronate Solution (Generic)
,Raloxifene Tablet (Generic),Alendronate/Vitamin D Tablet (Fosamax Plus D)
,,Denosumab Syringe (Prolia)
,,Raloxifene Tablet (Evista)
,,Risedronate Tablet (AG; Generic; Actonel)
,,Risedronate DR Tablet (AG; Generic; Atelvia)
,,Romosozumab-aqqg Syringe (Evenity)
,,Teriparatide Pen (Brand)
,,Teriparatide Pen (Generic; Forteo)
OTIC AGENTS (46),Ciprofloxacin/Dexamethasone Susp (AG; Generic),Ciprofloxacin Solution (Generic)
Antibiotics,Neomycin/Polymyxin B/Hydrocortisone Solution (AG; Generic),Ciprofloxacin/Fluocinolone Acetonide Solution (AG; Otovel)
,Neomycin/Polymyxin B/Hydrocortisone Suspension (AG; Generic),Ciprofloxacin/Hydrocortisone Suspension (Cipro HC Otic)
,Ofloxacin Solution (Generic),Colistin/Neomycin/Thonzonium/HC Suspension (Cortisporin TC)
,,
,,
OTIC AGENTS (46),Acetic Acid Solution (Generic),NONE
Anti-Infectives and Anesthetics,Acetic Acid/Hydrocortisone Solution (Generic),
,,
,,
,,
,,
PAIN MANAGEMENT (47),Atogepant Tablet (Qulipta),Eptinezumab-jjmr Vial (Vyepti)
Antimigraine Agents,Erenumab-aooe Autoinjector (Aimovig),Galcanezumab-gnlm 100 mg Syringe (Emgality)
CGRP Antagonists,"Fremanezumab-vfrm Autoinjector, 3-Pack, Syringe (Ajovy)",Zavegepant Nasal (Zavzpret)
,"Galcanezumab-gnlm Pen, 120 mg Syringe (Emgality)",
,Rimegepant Disintegrating Tablet (Nurtec ODT),
,Ubrogepant Tablet (Ubrelvy),
,,
,,
PAIN MANAGEMENT (47),NONE,Celecoxib Oral Solution (Elyxyb)
Antimigraine Agents,,Diclofenac Potassium Oral Powder Packet (AG; Generic for Cambia)
Ergotamines,,Dihydroergotamine Mesylate Injection (Generic)
,,Dihydroergotamine Mesylate Nasal (AG; Generic; Migranal)
,,Dihydroergotamine Mesylate Nasal (Trudhesa)
,,Ergotamine Tartrate Sublingual (Ergomar)
,,Ergotamine Tartrate/Caffeine Rectal (Migergot)
PAIN MANAGEMENT (47),Rizatriptan ODT (Generic),Almotriptan Tablet (Generic)
Antimigraine Agents,Rizatriptan Tablet (Generic),Eletriptan Tablet (AG; Generic; Relpax)
Triptans,Sumatriptan Nasal (AG; Generic; Imitrex),Frovatriptan Tablet (Generic; Frova)
,Sumatriptan Tablet (Generic),Lasmiditan Tablet (Reyvow)
,Sumatriptan Vial (Generic),Naratriptan (Generic for Amerge)
,,Rizatriptan Tablet (Maxalt)
,,Rizatriptan Tablet (Maxalt MLT)
,,Sumatriptan Auto-Injector (Zembrace SymTouch)
,,Sumatriptan Kit (AG; Generic; Imitrex)
,,Sumatriptan Kit (SUN)
,,Sumatriptan Nasal (Onzetra Xsail)
,,Sumatriptan Nasal (Tosymra)
,,Sumatriptan Tablet (Imitrex)
,,Sumatriptan/Naproxen (Generic; Treximet)
,,Zolmitriptan Tablet (Generic; Zomig)
,,Zolmitriptan ODT (Generic for Zomig ZMT)
,,Zolmitriptan Nasal (AG; Generic; Zomig)
,,
PAIN MANAGEMENT (47),"Adalimumab Pen Kit, Syringe Kit (Humira)","Abatacept Injection Clickject, Syringe, Vial (Orencia)"
Cytokine and CAM Antagonists,"Adalimumab-aaty Kit, Pen Kit",Abrocitinib Tablet (Cibinqo)
,"Adalimumab-adaz Kit, Pen Kit","Adalimumab-aacf Autoinjector Kit, Pen Kit"
,"Adalimumab-adbm Kit, Pen Kit","Adalimumab-aacf Autoinjector Kit, Pen Kit (Idacio)"
,"Adalimumab-adbm Kit, Pen Kit (Cyltezo)","Adalimumab-aaty Kit, Pen Kit (Yuflyma)"
,Adalimumab-aqvh Pen Kit (Yusimry),"Adalimumab-adaz Kit, Pen Kit (Hyrimoz)"
,"Adalimumab-bwwd Kit, Pen Kit (Hadlima)","Adalimumab-adbm Kit, Pen Kit [Quallent Pharmaceuticals]"
,Apremilast Tablet (Otezla),"Adalimumab-afzb Kit, Pen Kit (Abrilada)"
,Etanercept Cartridge (Enbrel Mini),"Adalimumab-atto Kit, Pen Kit (Amjevita)"
,Etanercept Pen (Enbrel SureClick),"Adalimumab-fkjp Kit, Pen Kit"
,Etanercept Syringe (Enbrel),"Adalimumab-fkjp Kit, Pen Kit (Hulio)"
,Etanercept Vial (Enbrel),"Adalimbumab-ryvk Kit, Pen Kit"
,Infliximab Vial,Adalimbumab-ryvk Kit (Simlandi)
,Tofacitinib Citrate Tablet (Xeljanz),Anakinra Syringe (Kineret)
,,Baricitinib Tablet (Olumiant)
,,"Bimekizumab-bkzx Pen, Syringe (Bimzelx)"
,,Brodalumab Syringe (Siliq)
,,Canakinumab/PF Vial (Ilaris)
,,"Certolizumab Pegol Kit, Syringe Kit (Cimzia)"
,,Deucravacitinib Tablet (Sotyktu)
,,Etrasimod Tablet (Velsipity)
,,"Golimumab Pen, Syringe (Simponi)"
,,Golimumab Vial (Simponi Aria)
,,"Guselkumab Autoinjector, Syringe (Tremfya)"
,,Inebilizumab-cdon Vial (Uplizna)
,,Infliximab Vial (Remicade)
,,Infliximab-abda Vial (Renflexis)
,,Infliximab-axxq Vial (Avsola)
PAIN MANAGEMENT (47),(Preferred agents listed on page 55),"Infliximab-dyyb Syringe, Pen, Vial (Zymfentra; Inflectra)"
Cytokine and CAM Antagonists Continued,,"Ixekizumab Autoinjector, Syringe (Taltz)"
,,"Mirkizumab-mrkz Pen, Syringe, Vial (Omvoh)"
,,Rilonacept Vial (Arcalyst)
,,"Risankizumab-rzaa On-Body Cartridge, Pen, Syringe, Vial (Skyrizi)"
,,Ritlecitinib Capsule (Litfulo)
,,"Sarilumab Pen, Syringe (Kevzara)"
,,Satralizumab-mwge Syringe (Enspryng)
,,"Secukinumab Pen, Syringe, Vial (Cosentyx)"
,,"Spesolimab-sbzo Syringe, Vial (Spevigo)"
,,Tildrakizumab-asmn Syringe (Ilumya)
,,"Tocilizumab Pen, Syringe, Vial (Actemra)"
,,"Tocilizumab-aazg Autoinjector, Syringe, Vial (Tyenne)"
,,Tocilizumab-bavi (Tofidence)
,,Tofacitinib Citrate ER Tablet (Xeljanz XR)
,,Tofacitinib Citrate Solution (Xeljanz)
,,"Upadacitinib ER Tablet, Solution (Rinvoq, Rinvoq LQ)"
,,"Ustekinumab Syringe, Vial (Stelara)"
,,"Vedolizumab Pen, Vial (Entyvio)"
,,
PAIN MANAGEMENT (47),Acetaminophen with Codeine Elixir (Generic),Benzhydrocodone/Acetaminophen (AG; Apadaz)
Narcotic Analgesics - Short-Acting,Acetaminophen with Codeine Tablet (Generic),Butalbital/Caffeine/APAP/Codeine Capsule (Generic; Fioricet with Codeine)
,Hydrocodone/Acetaminophen Solution (Generic),Butalbital Compound with Codeine Capsule (Generic)
,Hydrocodone/Acetaminophen Tablet (Generic),Butorphanol Tartrate Nasal (Generic)
,Hydromorphone Tablet (Generic),Carisoprodol Compound with Codeine Tablet (Generic)
,Morphine Sulfate IR Tablet (Generic),Codeine Tablet (Generic)
,Morphine Sulfate Oral Syringe (Generic),"Dihydrocodeine Bitartrate/Acetaminophen/Caffeine Capsule, Tablet (Generic)"
,Oxycodone HCl Tablet (Generic),Fentanyl Buccal Lozenge (Generic for Actiq)
,Oxycodone/Acetaminophen Tablet (Generic),Fentanyl Buccal Tablet (Generic; Fentora)
,Tramadol 50 mg Tablet (Generic),Hydrocodone/Ibuprofen Tablet (Generic)
,Tramadol/Acetaminophen Tablet (Generic),Hydromorphone Tablet (Dilaudid)
,,"Hydromorphone Liquid, Suppository (Generic)"
,,Levorphanol Tablet (Generic)
,,"Meperidine Solution, Tablet (Generic)"
,,"Morphine Oral Concentrate, Suppository (Generic)"
,,"Morphine Solution (AG, Generic)"
,,"Oxycodone HCl Tablet (Roxicodone, Roxybond)"
,,"Oxycodone Capsule, Oral Concentrate, Solution (Generic)"
,,"Oxycodone/Acetaminophen Tablet (Nalocet, Percocet)"
,,"Oxycodone/Acetaminophen Solution, Tablet (Generic for Prolate)"
,,Oxycodone/Acetaminophen Solution (Generic)
,,Oxymorphone IR Tablet (Generic)
,,Pentazocine/Naloxone Tablet (Generic)
,,Sufentanil Sublingual Tablet (Dsuvia)
,,Tapentadol Tablet (Nucynta)
,,"Tramadol 25mg, 100 mg Tablet (Generic)"
,,Tramadol Solution (AG)
,,Tramadol/Celecoxib Tablet (Seglentis)
PAIN MANAGEMENT (47),Buprenorphine Transdermal (AG; Generic; Butrans),Buprenorphine Buccal Film (Belbuca)
Narcotic Analgesics - Long-Acting,Fentanyl Transdermal 12 mcg (Generic),"Fentanyl Transdermal 37.5 mcg, 62.5mcg, 87.5mcg (Generic)"
,Fentanyl Transdermal 25 mcg (Generic),Hydrocodone Bitartrate ER Capsule (Generic for Zohydro ER)
,Fentanyl Transdermal 50 mcg (Generic),Hydrocodone Bitartrate ER Tablet (Generic; Hysingla ER)
,Fentanyl Transdermal 75 mcg (Generic),Hydromorphone ER Tablet (Generic)
,Fentanyl Transdermal 100 mcg (Generic),Morphine Sulfate ER Capsule (Generic for Avinza)
,Morphine Sulfate ER Tablet (Generic),Morphine Sulfate ER Capsule (Generic for Kadian)
,Oxycodone Myristate Capsule (Xtampza ER),Morphine Sulfate ER Tablet (MS Contin)
,,Oxycodone ER Tablet (AG; OxyContin)
,,Oxymorphone ER Tablet (Generic)
,,Tapentadol ER Tablet (Nucynta ER)
,,Tramadol ER Capsule (AG; Conzip)
,,Tramadol ER Tablet (Generic Ryzolt)
,,Tramadol ER Tablet (Generic Ultram ER)
,,
,,
PAIN MANAGEMENT (47),Duloxetine Capsule (Generic for Cymbalta),Capsaicin/Skin Cleanser (Qutenza Kit)
Neuropathic Pain,Gabapentin Capsule (Generic),Duloxetine Capsule (Cymbalta)
,Gabapentin Solution (AG; Generic),Duloxetine Capsule (Generic for Irenka)
,Gabapentin Tablet (Generic),Duloxetine DR Capsule (Drizalma Sprinkle)
,Lidocaine Patch (AG; Generic for Lidoderm),"Gabapentin Capsule, Solution, Tablet (Neurontin)"
,Milnacipran Tablet (Savella),Gabapentin Enacarbil Tablet (Horizant)
,Milnacipran Tablet (Savella Dose Pak),Gabapentin ER Tablet (Generic; Gralise)
,Pregabalin Capsule (AG; Generic),Lidocaine Topical Patch (DermacinRx Lidocan; Lidoderm; Ztlido)
,Pregabalin Solution (AG; Generic),Lidocaine/Kinesiology Tape (XyliDerm)
,,Pregabalin Capsule (Lyrica)
,,Pregabalin Solution (Lyrica)
,,Pregabalin ER Tablet (Generic; Lyrica CR)
PAIN MANAGEMENT (47),Celecoxib (AG; Generic),Celecoxib (Celebrex)
Non-Steroidal Anti-Inflammatory Drugs (NSAIDS),Diclofenac Sodium Tablet (Generic),Diclofenac Epolamine Patch (AG for Flector)
Non-Steroidal Anti-Inflammatory Drugs (NSAIDS),Diclofenac Sodium Transdermal Gel (Generic),Diclofenac Potassium Capsule (AG; Generic for Zipsor)
,Ibuprofen Suspension Rx (Generic),Diclofenac Potassium Tablet (Generic; Lofena)
,Ibuprofen Tablet Rx (Generic),Diclofenac Sodium 1.5% Topical Solution (Generic)
,Indomethacin Capsule (Generic),Diclofenac Sodium 2% Topical Solution (AG; Generic; Pennsaid Pump)
,Ketorolac Tablet (Generic),Diclofenac SR Tablet (Generic)
,Meloxicam Tablet (Generic),Diclofenac/Misoprostol Tablet (Generic; Arthrotec)
,Nabumetone Tablet (Generic),Diflunisal Tablet (Generic)
,Naproxen Suspension (AG; Generic),"Etodolac Capsule, SR Tablet, Tablet (Generic)"
,Naproxen Tablet (Generic),Fenoprofen Capsule (AG; Generic; Nalfon)
,Sulindac Tablet (Generic),Fenoprofen Tablet (Generic; Nalfon)
,,Flurbiprofen Tablet (Generic)
,,Ibuprofen/Famotidine Tablet (AG; Generic; Duexis)
,,"Indomethacin ER Capsule, Suspension, Rectal (Generic)"
,,"Ketoprofen Capsule, ER Capsule (Generic)"
,,Ketorolac Nasal Spray (AG for Sprix)
,,Meclofenamate Sodium Capsule (Generic)
,,Mefenamic Acid Capsule (Generic)
,,Meloxicam Submicronized Capsule (Generic)
,,Nabumetone Tablet (Relafen DS)
,,Naproxen EC Tablet (AG; Generic)
,,Naproxen Sodium CR Tablet (AG; Generic for Naprelan)
,,Naproxen Sodium Tablet (Generic)
,,Naproxen/Esomeprazole Tablet (AG; Generic; Vimovo)
,,Oxaprozin Tablet (Generic)
,,Piroxicam Capsule (Generic)
,,"Tolmetin Sodium Capsule, Tablet (Generic)"
,,
PAIN MANAGEMENT (47),Baclofen Tablet (Generic),Baclofen Granule Pack (Lyvispah)
Skeletal Muscle Relaxant,Cyclobenzaprine Tablet (Generic),Baclofen Solution (AG 5mg/5ml; Generic for Ozobax DS 10mg/5ml)
,Methocarbamol Tablet (Generic),Baclofen Suspension (AG; Generic; Fleqsuvy)
,Tizanidine Tablet (Generic),Carisoprodol Compound Tablet (Generic)
,,"Carisoprodol Tablet 250 mg, 350 mg (Generic; Soma)"
,,Chlorzoxazone Tablet (Generic; Lorzone)
,,Cyclobenzaprine ER Capsule (AG; Generic; Amrix)
,,Cyclobenzaprine Tablet (Fexmid)
,,Dantrolene Sodium (AG; Generic; Dantrium)
,,Metaxalone Tablet (Generic)
,,Orphenadrine ER Tablet (Generic)
,,Orphenadrine/Aspirin/Caffeine (Generic for Norgesic)
,,Orphenadrine/Aspirin/Caffeine (Generic; Norgesic Forte)
,,Tizanidine Capsule (Generic; Zanaflex)
,,Tizanidine Tablet (Zanaflex)
,,
PARKINSON'S (48),Amantadine Capsule (Generic),Amantadine Hydrochloride ER Capsule (Gocovri)
Antiparkinson Agents,Amantadine Syrup (Generic),Amantadine Hydrochloride ER Tablet (Osmolex ER)
Anticholinergic and Other,Benztropine Tablet (Generic),Amantadine Tablet (Generic)
,Carbidopa/Levodopa ER Tablet (Generic),Apomorphine Cartridge (Generic; Apokyn)
,Carbidopa/Levodopa Tablet (Generic),"Bromocriptine Capsule, Tablet (Generic)"
,Carbidopa/Levodopa/Entacapone Tablet (Generic),Carbidopa Tablet (Generic)
,Pramipexole Tablet (Generic),Carbidopa/Levodopa Enteral Suspension (Duopa)
,Ropinirole Tablet (Generic),Carbidopa/Levodopa ER Capsule (Crexont; Rytary)
,Selegiline Tablet (Generic),Carbidopa/Levodopa ODT (Generic)
,Trihexyphenidyl Elixir (Generic),"Carbidopa/Levodopa Tablet (Dhivy, Sinemet)"
,Trihexyphenidyl Tablet (Generic),Carbidopa/Levodopa/Entacapone Tablet (Stalevo)
,,Entacapone Tablet (Generic)
,,Istradefylline Tablet (Nourianz)
,,Levodopa Capsule for Inhalation (Inbrija)
,,Opicapone Capsule (Ongentys)
PARKINSON'S (48),(Preferred agents listed on page 60),Pramipexole ER Tablet (Generic for Mirapex ER)
Antiparkinson Agents,,Rasagiline Tablet (Generic; Azilect)
Anticholinergic and Other - Continued,,Ropinirole ER Tablet (Generic)
,,Rotigotine Patch (Neupro)
,,Safinamide Tablet (Xadago)
,,Selegiline Disintegrating Tablet (Zelapar)
,,Selegiline Capsule (Generic)
,,Tolcapone Tablet (Generic)
,,
,,
PEDIATRIC MULTIVITAMINS (49),"Pediatric MVI A, C, D3 No. 21 / FL Drop (Generic)","Pediatric MVI A, C, D3 No. 21 / FL Drop (Tri-Vitamin with FL)"
,Pediatric MVI No. 2 / FL Drop (Generic),Pediatric MVI No. 63 / FL Chewable (Quflora)
,Pediatric MVI No. 17 / FL Chewable (Generic),Pediatric MVI No. 83 / FL 0.25 mg/ml Drop (Quflora)
,Pediatric MVI No. 45 / FL & Fe Drop (Generic),Pediatric MVI No. 84 / FL 0.5 mg/ml Drop (Quflora)
,,Pediatric MVI No. 85 / FL Chewable (Floriva)
,,Pediatric MVI No. 142 / FL & Fe Chewable (Quflora FE)
,,Pediatric MVI No. 151 / FL & Fe Drop (Quflora FE)
,,Pediatric MVI No. 175 / FL Chewable (Poly-Vi-Flor)
,,Pediatric MVI No. 175 / FL & Fe Chewable (Poly-Vi-Flor Fe)
,,Pediatric MVI No. 220 / FL 0.25mg Drop (Poly-Vi-Flor)
,,Pediatric MVI No. 220 / FL & Fe Drop (Poly-Vi-Flor Fe)
,,
,,
PITUITARY SUPPRESSIVE AGENTS (50),Leuprolide Acetate Syringe Kit (Fensolvi),Histrelin Implant Kit (Supprelin LA)
,"Leuprolide Acetate Subcutaneous Kit, Subcutaneous Vial (Generic)",Leuprolide Acetate Depot (AG)
,Leuprolide Acetate (Lupron Depot),Leuprolide Acetate Subcutaneous (Eligard)
,Leuprolide Acetate (Lupron Depot Kit),Leuprolide Mesylate Syringe (Camcevi)
,Nafarelin Acetate Nasal Solution (Synarel),Leuprolide Acetate (Lupron Depot-Ped Kit)
,,Leuprolide Acetate (Lupron Depot-Ped)
,,Triptorelin Pamoate Vial (Trelstar)
,,Triptorelin Pamoate Kit (Triptodur)
POTASSIUM BINDERS (51),Sodium Polystyrene Sulfonate Powder (Generic),Patiromer Sorbitex Calcium Powder Packet (Veltassa)
,Sodium Zirconium Cyclosilicate (Lokelma),
,,
,,
,,
PROGESTATIONAL AGENTS (52),Medroxyprogesterone Acetate Tablet (AG; Generic),Medroxyprogesterone Acetate Tablet (Provera)
,Norethindrone Acetate Tablet (Generic),Progesterone Vial (Generic)
,Progesterone Capsule (Generic),"Progesterone, Micronized, Capsule (Prometrium)"
,,"Progesterone, Micronized, Vaginal Gel (Crinone)"
,,
,,
PROSTATE (53),Alfuzosin ER Tablet (Generic),"Doxazosin ER Tablet, Tablet (Cardura XL; Cardura)"
Benign Prostatic Hyperplasia (BPH),Doxazosin Tablet (AG; Generic),Dutasteride Capsule (Avodart)
,Dutasteride Capsule (Generic),Dutasteride/Tamsulosin Capsule (Generic; Jalyn)
,Finasteride Tablet (Generic),Finasteride Tablet (Proscar)
,Tamsulosin Capsule (Generic),Finasteride/Tadalafil (Entadfi)
,Terazosin Capsule (Generic),Silodosin Capsule (Generic; Rapaflo)
,,Tadalafil 2.5mg Tablet (Generic for Cialis)
,,Tadalafil 5mg Tablet (AG; Generic; Cialis)
,,Tamsulosin Capsule (Flomax)
,,
SEDATIVE/HYPNOTICS (54),Eszopiclone Tablet (Generic),Daridorexant Tablet (Quviviq)
,"Temazepam Capsule 15 mg, 30 mg (AG; Generic)",Dexmeditomidine Film (Igalmi)
,Triazolam Tablet (Generic),Doxepin Tablet (Generic for Silenor)
,Zolpidem Tablet (Generic),Estazolam Tablet (Generic)
,Zolpidem Tartrate ER Tablet (Generic),Eszopiclone Tablet (Lunesta)
,,Flurazepam Capsule (Generic)
,,Lemborexant Tablet (Dayvigo)
,,Quazepam Tablet (AG)
,,Ramelteon Tablet (Generic; Rozerem)
,,Suvorexant Tablet (Belsomra)
,,Tasimelteon Capsule (Generic; Hetlioz)
,,Tasimelteon /Suspension (Hetlioz LQ)
,,"Temazepam Capsule 7.5mg, 15mg, 30mg (Restoril)"
,,"Temazepam 7.5 mg, 22.5 mg (Generic)"
,,Triazolam Tablet (Halcion)
,,Zaleplon Capsule (Generic)
,,Zolpidem Tartrate ER Tablet (Ambien CR)
,,Zolpidem Tartrate Sublingual (Edluar)
,,Zolpidem Tartrate Sublingual (Generic for Intermezzo)
,,Zolpidem Tartrate Capsule (Generic)
,,Zolpidem Tartrate Tablet (Ambien)
,,
,,
SICKLE CELL ANEMIA (55),Hydroxyurea Capsule (Generic; Droxia),Crizanlizumab-tmca Infusion (Adakveo)
,Hydroxyurea Tablet (Siklos),Exagamglogene autotemcel (Casgevy)
,,L-glutamine Powder Pack (Generic; Endari)
,,Lovotibeglogene autotemcel (Lyfgenia)
,,
SINUS NODE INHIBITORS (56),NONE,Ivabradine Solution (Corlanor)
,,Ivabradine Tablet (Corlanor)
,,
,,
,,
SMOKING CESSATION PRODUCTS (57),Bupropion SR Tablet (Generic),Nicotine Inhaler (Nicotrol Inhaler)
,"Nicotine Buccal Gum OTC, Buccal Lozenge OTC (Generic)",Nicotine Nasal Spray (Nicotrol Nasal Spray)
,Nicotine Patch OTC (Generic),
,Varenicline Tablet (Generic; Chantix; Chantix Dose Pack),
,,
,,
SPINAL MUSCULAR ATROPHY (58),Onasemnogene Abeparvovec-xioi (Zolgensma),Nusinersen (Spinraza)
,,Risdiplam (Evrysdi)
,,
,,
*SPINRAZA REQUEST FORM,,
,,
THROMBOPOIESIS STIMULATING PROTEINS (59),Eltrombopag Olamine Tablet (Promacta),Avatrombopag Tablet (Doptelet)
THROMBOPOIESIS STIMULATING PROTEINS (59),,Eltrombopag Choline Tablet (Alvaiz)
,,Eltrombopag Olamine Suspension Packet (Promacta)
,,Fostamatinib Disodium Hexahydrate Tablet (Tavalisse)
,,Lusutrombopag Tablet (Mulpleta)
,,Romiplostim Vial (Nplate)
,,
UREA CYCLE DISORDERS (60),Sodium Phenylbutyrate Pellet (Pheburane),Carglumic Acid (Generic; Carbaglu)
,,Glycerol Phenylbutyrate (Ravicti)
,,"Sodium Phenylbutyrate Powder, Tablet (Generic; Buphenyl)"
,,Sodium Phenylbutyrate Pellet for Oral Suspension (Olpruva)
,,
,,
UROLOGY INCONTINENCE (61),Fesoterodine Fumarate ER Tablet (Generic),Darifenacin ER Tablet (Generic)
Bladder Relaxant Preparations,Mirabegron ER Tablet (Myrbetriq),Fesoterodine Fumarate ER Tablet (Toviaz)
,Oxybutynin Syrup (Generic),Flavoxate Tablet (Generic)
,Oxybutynin 5mg Tablet (Generic),Mirabegron ER Granules for Oral Suspension (Myrbetriq)
,Oxybutynin ER Tablet (Generic),Oxybutynin 2.5mg Tablet (Generic)
,Solifenacin Tablet (Generic),Oxybutynin Transdermal Gel (Gelnique)
,,Oxybutynin Transdermal Patch Rx (Oxytrol)
,,"Solifenacin Tablet, Suspension (VESIcare; VESIcare LS)"
,,Tolterodine Tablet (Generic; Detrol)
,,Tolterodine ER Capsule (AG; Generic; Detrol LA)
,,"Trospium ER Capsule, Tablet (Generic)"
,,Vibegron Tablet (Gemtesa)
,,
,,
UTERINE DISORDER TREATMENTS (62),Elagolix Tablet (Orilissa),NONE
,Elagolix/Estradiol/Norethindrone Capsule (Oriahnn),
,Relugolix/Estradiol/Norethindrone Acetate (Myfembree),
,,
