PREFERRED AGENTS,NON-PREFERRED AGENTS
clindamycin gel (generic CLEOCIN-T),azelaic acid
"clindamycin lotion, medicated swab, solution",CLEOCIN T (clindamycin)
,CLINDACIN (clindamycin)
,CLINDAGEL (clindamycin)
,clindamycin foam
,clindamycin gel (generic CLINDAGEL)
,dapsone
,ERY (erythromycin)
,ERYGEL (erythromycin)
,erythromycin
,EVOCLIN (clindamycin)
,KLARON (sulfacetamide)
,MORGIDOX (doxycycline)
,sulfacetamide sodium suspension
,WINLEVI (clascoterone) cream
AMNESTEEM (isotretinoin),ABSORBICA (isotretinoin)
CLARAVIS (isotretinoin),isotretinoin
ZENATANE (isotretinoin),
ACNE MEDICATION (benzoyl peroxide),BPO towelette (benzoyl peroxide)
benzoyl peroxide,
LINTERA (benzoyl peroxide),
"adapalene gel, gel with pump",adapalene cream
RETIN-A (tretinoin),AKLIEF (trifarotene)
tretinoin cream,ALTRENO (tretinoin)
,ARAZLO (tazarotene)
,ATRALIN (tretinoin)
,DIFFERIN (adapalene)
,FABIOR (tazarotene)
,RETIN-A MICRO (tretinoin)
,RETIN-A MICRO PUMP (tretinoin)
,tretinoin gel
,tretinoin microsphere
adapalene/benzoyl peroxide gel,ACANYA (benzoyl peroxide/clindamycin) gel
clindamycin/benzoyl peroxide 1%-5% gel w/pump,CABTREO (clindamycin/adapalene/benzoyl peroxide) gel
"sodium sulfacetamide w/sulfur 8%-4%, 9%-4.25%, 10-5% suspension",CLEANSING WASH (sulfacetamide sodium/sulfur/urea) cleanser
,clindamycin phosphate/benzoyl peroxide 1.2%-2.5% gel
,clindamycin phosphate/tretinoin 1.2%-0.025% gel
,clindamycin/benzoyl peroxide 1%-5% gel
,clindamycin/benzoyl peroxide 1.2%-3.75% gel w/pump (generic ONEXTON)
,EPIDUO FORTE (adapalene/benzoyl peroxide) gel
,erythromycin/benzoyl peroxide gel
,"NEUAC (benzoyl peroxide/clindamycin) cream, gel"
,ONEXTON (benzoyl peroxide/clindamycin) gel
,sodium sulfacetamide w/sulfur 8%-4% cleanser
,sodium sulfacetamide w/sulfur 10%-2% cream
,"sodium sulfacetamide w/sulfur 10%-5% cream, lotion"
,"SSS (sodium sulfacetamide/sulfur)10-5 cream, foam"
,TWYNEO (benzoyl peroxide/tretinoin) cream
,ZIANA (clindamycin/tretinoin) gel
,ZMA CLEAR (sodium sulfacetamide/sulfur) suspension
ARALAST NP,
GLASSIA,
PROLASTIN C,
ZEMAIRA,
"donepezil 5 mg, 10 mg ODT, tablets",ADLARITY (donepezil)
galantamine,ARICEPT (donepezil)
galantamine ER,donepezil 23 mg tablet
rivastigmine,EXELON (rivastigmine)
memantine,memantine ER
,NAMENDA (memantine)
,NAMENDA XR (memantine ER)
,NAMZARIC (memantine/donepezil)
,memantine/donepezil ERNR
acetaminophen/caffeine/dihydrocodeine,ACTIQ (fentanyl)
acetaminophen/codeine,aspirin/butalbital/caffeine/codeine
codeine,butalbital/acetaminophen/caffeine/codeine
ENDOCET (oxycodone/acetaminophen),butorphanol
hydrocodone/acetaminophen,DILAUDID (hydromorphone)
hydromorphone,DSUVIA (sufentanil)
morphine sulfate,fentanyl citrate
oxycodone,FENTORA (fentanyl)
oxycodone/acetaminophen (325 mg acetaminophen formulations),"FIORICET W/CODEINE 
(butalbital/acetaminophen/codeine)"
tramadol 50 mg tablet,hydrocodone/ibuprofen
tramadol/acetaminophen,meperidine
,NALOCET (oxycodone/acetaminophen)
,levorphanol
,oxymorphone
,pentazocine/naloxone
,PERCOCET (oxycodone/acetaminophen)
,PROLATE (oxycodone/acetaminophen)
,ROXICODONE (oxycodone)
,ROXYBOND (oxycodone)
,SEGLENTIS (tramadol/celecoxib)
,"tramadol 25 mg, 75 mg, 100 mg tablet"
,tramadol solution
BUTRANS (buprenorphine),BELBUCA (buprenorphine)
fentanyl patch,buprenorphine patch
morphine sulfate ER tablet,CONZIP (tramadol)
,hydrocodone bitartrate ER
,hydromorphone ER
,HYSINGLA ER (hydrocodone)
,methadone
,methadone intensol
,METHADOSE (methadone)
,morphine sulfate ER capsule
,MS CONTIN (morphine)
,oxycodone ER
,OXYCONTIN (oxycodone)
,oxymorphone ER
,tramadol ER
"diclofenac 1%, 3% gel",DERMACINRX LIDOCAN (lidocaine)
"lidocaine 4% cream, patch, solution",DERMACINRX LIDOGEL (lidocaine)
"lidocaine 5% cream, ointment, patch",DERMACINRX LIDOREX (lidocaine)
lidocaine 40 mg/mL solution,diclofenac epolamine
lidocaine/prilocaine cream,diclofenac sodium 2% solution pump
TRIDACAINE (lidocaine) patch,DICLOGEN (diclofenac/menthol/camphor) kit
TRIDACAINE XL (lidocaine) patch,DOLOGESIC PAIN RELIEF (lidocaine)
"ULTRA LIDO (lidocaine) cream, gel",LIDAFLEX (lidocaine)
,lidocaine 3% cream
,"lidocaine 4% kit, liquid"
,lidocaine/hydrocortisone
,lidocaine/prilocaine kit
,"LIDOCAN II, III, IV, V (lidocaine)"
,LIDOCORT (lidocaine/hydrocortisone)
,LIDODERM (lidocaine)
,LIDOTRAL (lidocaine)
,LIXOFEN (diclofenac)
,PENNSAID (diclofenac)
,PLIAGLIS (lidocaine/tetracaine)
,"TRIDACAINE II, III (lidocaine) patch"
,ZTLIDO (lidocaine)
testosterone,ANDROGEL (testosterone)
,JATENZO (testosterone undecanoate)
,NATESTO (testosterone)
,TESTIM (testosterone)
,TLANDO (testosterone undecanoate)
,VOGELXO (testosterone)
benazepril,ACCUPRIL (quinapril)
captopril,ALTACE (ramipril)
enalapril,EPANED (enalapril)
fosinopril,LOTENSIN (benazepril)
lisinopril,moexipril
quinapril,perindopril
ramipril,QBRELIS (lisinopril)
trandolapril,VASOTEC (enalapril)
,ZESTRIL (lisinopril)
benazepril/amlodipine,ACCURETIC (quinapril/hydrochlorothiazide)
benazepril/hydrochlorothiazide,LOTENSIN HCT (benazepril/hydrochlorothiazide)
captopril/hydrochlorothiazide,LOTREL (benazepril/amlodipine)
enalapril/hydrochlorothiazide,VASERETIC (enalapril/hydrochlorothiazide)
fosinopril/hydrochlorothiazide,ZESTORETIC (lisinopril/hydrochlorothiazide)
lisinopril/hydrochlorothiazide,
quinapril/hydrochlorothiazide,
trandolapril/verapamil ER,
irbesartan,ATACAND (candesartan)
losartan,AVAPRO (irbesartan)
olmesartan,BENICAR (olmesartan)
telmisartan,candesartan
valsartan tablet,COZAAR (losartan)
,DIOVAN (valsartan)
,EDARBI (azilsartan)
,eprosartan
,MICARDIS (telmisartan)
,valsartan solution
ENTRESTO (valsartan/sacubitril) tablet DUR+,ATACAND HCT (candesartan/hydrochlorothiazide)
irbesartan/hydrochlorothiazide,AVALIDE (irbesartan/hydrochlorothiazide)
losartan/hydrochlorothiazide,AZOR (olmesartan/hydrochlorothiazide)
olmesartan/amlodipine,BENICAR HCT (olmesartan/hydrochlorothiazide)
olmesartan/hydrochlorothiazide,candesartan/hydrochlorothiazide
telmisartan/hydrochlorothiazide,DIOVAN-HCT (valsartan/hydrochlorothiazide)
valsartan/amlodipine,EDARBYCLOR (azilsartan/chlorthalidone)
valsartan/amlodipine/hydrochlorothiazide,ENTRESTO (valsartan/sacubitril) sprinkle capsule
valsartan/hydrochlorothiazide,EXFORGE (valsartan/amlodipine)
,EXFORGE HCT (valsartan/amlodipine/hydrochlorothiazide)
,olmesartan/amlodipine/hydrochlorothiazide
,telmisartan/amlodipine
,TRIBENZOR (olmesartan/amlodipine/hydrochlorothiazide)
,aliskiren
,TEKTURNA (aliskiren)
,TEKTURNA HCT (aliskiren/hydrochlorothiazide)
metronidazole tablet,AEMCOLO (rifamycin)
neomycin,DIFICID (fidaxomicin)
tinidazole,FIRVANQ (vancomycin)
vancomycin oral solution,FLAGYL (metronidazole)
,LIKMEZ (metronidazole)
,"metronidazole 125 mg tablet, 375 mg capsule"
,nitazoxanide
,paromomycin
,"REBYOTA (fecal microbiota, live-jslm)"
,VANCOCIN (vancomycin)
,vancomycin capsule
,"VOWST (fecal microbio spore, live-brpk)"
,XIFAXAN (rifaximin)
clindamycin,CLEOCIN (clindamycin)
,CELOCIN PEDIATRIC (clindamycin)
azithromycin,ERYPED (erythromycin ethylsuccinate) suspension
clarithromycin,ERYTHROCIN (erythromycin stearate)
clarithromycin ER,ZITHROMAX (azithromycin)
E.E.S (erythromycin ethylsuccinate) suspension,
ERY-TAB (erythromycin),
erythromycin,
erythromycin ethylsuccinate,
nitrofurantoin capsule,FURADANTIN (nitrofurantoin) suspension
nitrofurantoin monohydrate macrocrystals,MACROBID (nitrofurantoin monohydrate macrocrystals)
,nitrofurantoin suspension
,Linezolid
,SIVEXTRO (tedizolid)
,ZYVOX (linezolid)
bacitracin OTC,CENTANY (mupirocin)
bacitracin/polymyxin OTC,CENTANY AT (mupirocin)
gentamicin sulfate,mupirocin cream
mupirocin ointment,XEPI (ozenoxacin)
neomycin/bacitracin/polymyxin OTC,
CLEOCIN (clindamycin),clindamycin phosphate
NUVESSA (metronidazole),CLINDESSE (clindamycin)
,SOLOSEC (secnidazole)
,XACIATO (clindamycin)
enoxaparin,ARIXTRA (fondaparinux)
,fondaparinux
,FRAGMIN (dalteparin)
,LOVENOX (enoxaparin)
ELIQUIS (apixaban),dabigatran
JANTOVEN (warfarin),PRADAXA (dabigatran) pellet pack
PRADAXA (dabigatran) capsule,SAVAYSA (edoxaban)
warfarin,
XARELTO (rivaroxaban),
carbamazepine,APTIOM (eslicarbazepine acetate)
carbamazepine ER 12-hour capsule,BANZEL (rufinamide)
DEPAKOTE ER (divalproex),BRIVIACT (brivaracetam)
DEPAKOTE SPRINKLE (divalproex),carbamazepine ER 12-hour tablet
divalproex,CARBATROL (carbamazepine)
divalproex ER,DEPAKOTE (divalproex)
divalproex sprinkle,DIACOMIT (stiripentol)
EPIDIOLEX (cannabidiol),ELEPSIA XR (levetiracetam)
lacosamide,EPRONTIA (topiramate)
lamotrigine,EQUETRO (carbamazepine)
"lamotrigine blue, green, orange dose pack",felbamate
levetiracetam,FELBATOL (felbamate)
levetiracetam ER,FINTEPLA (fenfluramine)
oxcarbazepine tablet,FYCOMPA (perampanel)
tiagabine,KEPPRA (levetiracetam)
topiramate,KEPPRA XR (levetiracetam)
topiramate sprinkle 25 mg,LAMICTAL (lamotrigine)
TRILEPTAL (oxcarbazepine) suspension,LAMICTAL XR (lamotrigine)
valproic acid,lamotrigine ER
zonisamide,lamotrigine ODT
,"lamotrigine ODT blue, green, orange dose pack"
,MOTPOLY XR (lacosamide)
,oxcarbazepine suspension
,OXTELLAR XR (oxcarbazepine)
,QUDEXY XR (topiramate)
,ROWEEPRA (levetiracetam)
,rufinamide
,SABRIL (vigabatrin)
,SPRITAM (levetiracetam)
,SUBVENITE (lamotrigine)
,"SUBVENITE (lamotrigine) blue, green, orange dose pack"
,TEGRETOL (carbamazepine)
,TEGRETOL XR (carbamazepine)
,TOPAMAX (topiramate)
,topiramate ER
,TRILEPTAL (oxcarbazepine) tablet
,TROKENDI XR (topiramate)
,vigabatrin
,VIGADRONE (vigabatrin)
,VIGAFYDE (vigabatrin)
,VIGPODER (vigabatrin)
,VIMPAT (lacosamide)
,XCOPRI (cenobamate)
,ZONISADE (zonisamide) suspension
,ZTALMY (ganaxolone)
DILANTIN (phenytoin),
DILANTIN-125 (phenytoin),
PHENYTEK (phenytoin),
phenytoin,
phenytoin ER,
clobazam,DIASTAT (diazepam) rectal gel
diazepam rectal gel,LIBERVANT (diazepam)
NAYZILAM (midazolam),ONFI (clobazam)
VALTOCO (diazepam),SYMPAZAN (clobazam)
ethosuximide,CELONTIN (methsuximide)
,methsuximide
,ZARONTIN (ethosuximide)
bupropion,APLENZIN (bupropion)
bupropion SR,AUVELITY (bupropion/dextromethorphan)
bupropion XL,desvenlafaxine ER
mirtazapine,EFFEXOR XR (venlafaxine)
trazodone,EMSAM (selegiline)
TRINTELLIX (vortioxetine),FETZIMA (levomilnacipran)
venlafaxine,FORFIVO XL (bupropion)
venlafaxine ER capsule,MARPLAN (isocarboxazid)
vilazodone,NARDIL (phenelzine)
,nefazodone
,phenelzine
,PRISTIQ (desvenlafaxine)
,REMERON (mirtazapine)
,tranylcypromine
,venlafaxine ER tablet
,VIIBRYD (vilazodone)
,WELLBUTRIN SR (bupropion)
,WELLBUTRIN XL (bupropion)
,ZURZUVAE (zuranolone)
"citalopram solution, tablet",CELEXA (citalopram)
escitalopram,citalopram capsule
fluoxetine capsule,"fluoxetine solution, tablet"
fluvoxamine,fluoxetine DR capsule
paroxetine tablet,fluvoxamine ER capsule
paroxetine CR,LEXAPRO (escitalopram)
paroxetine ER,"paroxetine suspension, capsule"
"sertraline tablet, solution",PAXIL (paroxetine)
,PAXIL CR (paroxetine)
,PROZAC (fluoxetine)
,sertraline capsule
,ZOLOFT (sertraline)
"ondansetron solution, tablet",ANZIMET (dolasetron)
"ondansetron ODT 4 mg, 8 mg",granisetron
,ondansetron ODT 16 mg tablet
,SANCUSO (granisetron)
DICLEGIS (doxylamine/pyridoxine),AKYNZEO (netupitant/palonosetron)
,BONJESTA (doxylamine/pyridoxine)
,doxylamine/pyridoxine
,dronabinol
,MARINOL (dronabinol)
aprepitant,EMEND (aprepitant)
clotrimazole,ANCOBON (flucytosine)
fluconazole,BREXAFEMME (ibrexafungerp)
nystatin,CRESEMBA (isavuconazonium sulfate)
terbinafine,DIFLUCAN (fluconazole)
,flucytosine
,griseofulvin
,griseofulvin ultramicrosize
,itraconazole
,ketoconazole
,NOXAFIL (posaconazole)
,ORAVIG (miconazole)
,Posaconazole
,SPORANOX (itraconazole)
,TOLSURA (itraconazole)
,VFEND (voriconazole)
,VIVJOA (oteseconazole)
,voriconazole
"ciclopirox cream, gel, solution, suspension",BENSAL HP (salicylic acid)
"clotrimazole cream, solution Rx & OTC",CILODAN (ciclopirox)
econazole,ciclopirox shampoo
"ketoconazole cream, shampoo",clotrimazole solution (NDC 50228-0502-61)
LUZU (luliconazole),ERTACZO (sertaconazole)
"miconazole cream, powder, solution OTC",EXTINA (ketoconazole)
miconazole/zinc oxide/petrolatum ointment,JUBLIA (efinaconazole)
"nystatin cream, ointment, powder",ketoconazole foam
terbinafine OTC,KETODAN (ketoconazole)
"tolnaftate cream, solution OTC",LOPROX (ciclopirox)
,luliconazole
,MICOTRIN AC (clotrimazole)
,MYCOZYL AC (clotrimazole)
,MYCOZYL AP (miconazole)
,naftifine
,NAFTIN (naftifine)
,oxiconazole
,OXISTAT (oxiconazole)
,tavaborole
,VOTRIZA-AL (clotrimazole)
,VUSION (miconazole/zinc oxide/petrolatum)
clotrimazole/betamethasone cream,clotrimazole/betamethasone lotion
nystatin/triamcinolone,
clotrimazole cream OTC,3-DAY VAGINAL CREAM (clotrimazole)
clotrimazole-3 cream,GYNAZOLE 1 (butoconazole)
miconazole kit OTC,terconazole suppository
terconazole cream,
"cetirizine capsule, solution, tablet OTC",cetirizine chewable tablet OTC
"loratadine chewable tablet, ODT, solution, tablet OTC",CLARINEX (desloratadine)
,desloratadine
,levocetirizine
cetirizine/pseudoephedrine,CLARINEX-D 12 HOUR (desloratadine/pseudoephedrine)
loratadine/pseudoephedrine,fexofenadine/pseudoephedrine
NURTEC ODT (rimegepant),ZAVZPRET (zavegepant)
UBRELVY (ubrogepant),
sumatriptan,IMITREX (sumatriptan)
,ZEMBRACE SYMTOUCH (sumatriptan)
sumatriptan,IMITREX (sumatriptan)
,TOSYMRA (sumatriptan)
,zolmitriptan
,ZOMIG (zolmitriptan)
naratriptan,almotriptan
rizatriptan,eletriptan
sumatriptan,FROVA (frovatriptan)
zolmitriptan,frovatriptan
zolmitriptan ODT,IMITREX (sumatriptan)
,MAXALT (rizatriptan)
,MAXALT MLT (rizatriptan)
,RELPAX (eletriptan)
,REYVOW (lasmiditan)
,sumatriptan/naproxen
,ZOMIG (zolmitriptan)
AIMOVIG Autoinjector (erenumab-aooe) DUR+,EMGALITY Syringe (galcanezumab-gnlm) 300 mg/mL
AJOVY Autoinjector (fremanezumab-vfrm) DUR+,VYEPTI (eptinezumab-jjmr)
AJOVY Syringe (fremanezumab-vfrm) DUR+,
EMGALITY Pen (galcanezumab-gnlm) DUR+,
EMGALITY Syringe (galcanezumab-gnlm) 120 mg/mL DUR+,
,QULIPTA (atogepant)
BOSULIF (bosutinib) tablet,AFINITOR (everolimus)
CAPRESLA (vandetanib),AFINITOR DISPERZ (everolimus)
COMETRIQ (cabozantinib),AKEEGA (niraparib/abiraterone)
COTELLIC (cobimetinib),ALECENSA (alectinib)
everolimus,ALUNBRIG (brigatinib)
GILOTRIF (afatinib),AUGTYRO (repotrectinib)
ICLUSIG (ponatinib),AYVAKIT (avapritinib)
imatinib,BALVERSA (erdafitinib)
IMBRUVICA (ibrutinib),BOSULIF (bosutinib) capsule
INLYTA (axitinib),BRAFTOVI (encorafenib)
IRESSA (gefitinib),BRUKINSA (zanubrutinib)
JAKAFI (ruxolitinib),CABOMETYX (cabozantinib)
MEKINIST (trametinib),CALQUENCE (acalabrutinib)
NEXAVAR (sorafenib),COPIKTRA (duvelisib)
ROZLYTREK (entrectinib),DANZITEN (nilotinib)
SPRYCEL (dasatinib),dasatinib
STIVARGA (regorafenib),DATROWAY (datopotomab deruxtecan-dlnk)NR
SUTENT (sunitinib),DAURISMO (glasdegib)
TAFINLAR (dabrafenib),ERIVEDGE (vismodegib)
TARCEVA (erlotinib),ERLEADA (apalutamide)
TASIGNA (nilotinib),erlotinib
TURALIO (pexidartinib),FOTIVDA (tivozanib)
TYKERB (lapatinib),FURZAQLA (fruquintinib)
VOTRIENT (pazopanib),GAVRETO (pralsetinib)
XALKORI (crizotinib),gefitinib
XTANDI (enzalutamide),GLEEVEC (imatinib)
ZELBORAF (vemurafenib),IBRANCE (palbociclib)
ZYDELIG (idelalisib),IDHIFA (enasidenib)
ZYKADIA (ceritinib),IMKELDI (imatinib)
,INQOVI (decitabine/cedazuridine)
,INREBIC (fedratinib)
,ITOVEBI (inavolisib)
,IWILFIN (eflornithine)
,JAYPIRCA (pirtobrutinib)
,KISQALI (ribociclib)
,KISQALI-FEMARA CO-PACK (ribociclib/letrozole)
,KOSELUGO (selumetinib/vitamin E)
,KRAZATI (adagrasib)
,lapatinib
,LAZCLUZE (lazertinib)
,LENVIMA (lenvatinib)
,LOBRENA (lorlatinib)
,LUMAKRAS (sotorasib)
,LYNPARZA (olaparib)
,LYTGOBI (futibatinib)
,MEKTOVI (binimetinib)
,NERLYNX (neratinib)
,NUBEQA (darolutamide)
,ODOMZO (sonidegib)
,OGSIVEO (nirogacestat)
,OJEMDA (tovorafenib)
,OJJAARA (momelotinib)
,ONUREG (azacitidine)
,ORGOVYX (relugolix)
,pazopanib
,PEMAZYRE (pemigatinib)
,PIQRAY (alpelisib)
,QINLOCK (ripretinib)
,RETEVMO (selpercatinib)
,REVUFORJ (revumenib)
,REZLIDHIA (olutasidenib)
,RUBRACA (rucaparib)
,RYDAPT (midostaurin)
,SCEMBLIX (asciminib)
,sorafenib
,sunitinib
,TABRECTA (capmatinib)
,TAGRISSO (osimertinib)
,TALZENNA (talazoparib)
,TAZVERIK (tazemetostat)
,TECENTRIZ HYBREZA (atezolizumab-hyaluronidase)
,TEPMETKO (tepotinib)
,TIBSOVO (ivosidenib)
,TORPENZ (everolimus)
,TRUQAP (capivasertib)
,TUKYSA (tucatinib)
,VANFLYTA (quizartinib)
,VERZENIO (abemaciclib)
,VITRAKVI (larotrectinib)
,VIZIMPRO (dacomitinib)
,VONJO (pacritinib)
,VORANIGO (vorasidenib)
,WELIREG (belzutifan)
,XOSPATA (gilteritinib)
,XPOVIO (selinexor)
,ZEJULA (niraparib)
SAXENDA (liraglutide),orlistat
WEGOVY (semaglutide),XENICAL (orlistat)
NATROBA (spinosad),lindane
permethrin 1% cream OTC,malathion
VANALICE (piperonyl butoxide/pyrethrins),OVIDE (malathion)
,SKLICE (ivermectin)
,spinosad
ivermectin,CROTAN (crotamiton)
permethrin 5% cream,ELIMITE (permethrin)
,EURAX (crotamiton)
,STROMECTOL (ivermectin)
benztropine,
trihexyphenidyl,
entacapone,OGENTYS (opicapone)
,TASMAR (tocapone)
,tolcapone
pramipexole,NEUPRO (rotigotine)
ropinirole,pramipexole ER
,ropinirole ER
selegiline,AZILECT (rasagiline)
,rasagiline
,XADAGO (safinamide)
,ZELAPAR (selegiline)
amantadine,carbidopa/levodopa ODT
bromocriptine,carbidopa/levodopa/entacapone
carbidopa,CREXONT (carbidopa/levodopa)
carbidopa/levodopa tablet,DHIVY (carbidopa/levodopa)
carbidopa/levodopa ER,DUOPA (carbidopa/levodopa)
,GOCOVRI (amantadine)
,INBRIJA (levodopa)
,LODOSYN (carbidopa)
,NOURIANZ (istradefylline)
,OSMOLEX ER (amantadine)
,RYTARY (carbidopa/levodopa)
,SINEMET (carbidopa/levodopa)
,STALEVO (carbidopa/levodopa/entacapone)
calcipotriene cream,"calcipotriene foam, ointment, solution"
ENSTILAR (calcipotriene/betamethasone),calcipotriene/betamethasone
TACLONEX (calcipotriene/betamethasone),calcitriol ointment
,DUOBRII (halobetasol/tazarotene)
,SORILUX (calcipotriene)
,tazarotene
,VECTICAL (calcitriol)
,VTAMA (tapinarof)
,ZORYVE (roflumilast)
ABILIFY ASIMTUFII (aripiprazole),
ABILIFY MAINTENA (aripiprazole),GEODON (ziprasidone)
"ARISTADA, ARISTADA INITIO (aripiprazole lauroxil)",olanzapine
INVEGA HAFYERA (paliperidone),risperidone ER
INVEGA SUSTENNA (paliperidone palmitate),RYKINDO (risperidone)
INVEGA TRINZA (paliperidone),ziprasidone
PERSERIS (risperidone),ZYPREXA (olanzapine)
RISPERIDAL CONSTA (risperidone),ZYPREXA RELPREVV (olanzapine)
UZEDY (risperidone),
aripiprazole tablet,ABILIFY (aripiprazole)
asenapine,ABILIFY MYCITE (aripiprazole)
clozapine tablet,ADASUVE (loxapine)
fluphenazine,"aripiprazole ODT, solution"
haloperidol,CAPLYTA (lumateperone)
haloperidol lactate,chlorpromazine
olanzapine,clozapine ODT
perphenazine,CLOZARIL (clozapine)
perphenazine/amitriptyline,
quetiapine,FANAPT (iloperidone)
quetiapine ER,GEODON (ziprasidone)
risperidone,IGALMI (dexmedetomidine)
thioridazine,INVEGA (paliperidone)
trifluoperazine,LATUDA (lurasidone)
VRAYLAR (cariprazine),lurasidone
ziprasidone,LYBALVI (olanzapine/samidorphan)
,NUPLAZID (pimavanserin)
,olanzapine/fluoxetine
,paliperidone ER
,REXULTI (brexpiprazole)
,RISPERDAL (risperidone)
,SAPHRIS (asenapine)
,SEROQUEL (quetiapine)
,SEROQUEL XR (quetiapine ER)
,SYMBYAX (olanzapine/fluoxetine)
,VERSACLOZ (clozapine)
,"ZYPREXA, ZYPREXA ZYDIS (olanzapine)"
,SECUADO (asenapine)
,SUNLENCA (lenacapavir)
,RUKOBIA (fostemsavir)
,TROGARZO (ibalizumab-uiyk)
abacavir/lamivudine,COMBIVIR (lamivudine/zidovudine)
CABENUVA (cabotegravir/rilpivirine),EPZICOM (abacavir/lamivudine)
DOVATO (dolutegravir/lamivudine),
lamivudine/zidovudine,
DESCOVY (emtricitabine/tenofovir alafenamide),TRUVADA (emtricitabine/tenofovir)
emtricitabine/tenofovir,
DELSTRIGO (doravirine/lamiviudine/tenofovir),ATRIPLA (efavirenz/emtricitabine/tenofovir)
efavirenz/emtricitabine/tenofovir,CIMDUO (lamivudine/tenofovir)
ODEFSEY (emtricitabine/rilpivirine/tenofovir),COMPLERA (emtricitabine/rilpivirine/tenofovir)
lopinavir/ritonavir,KALETRA (lopinavir/ritonavir)
,maraviroc
,SELZENTRY (maraviroc)
,FUZEON (enfuvirtide)
APRETUDE (cabotegravir),cabotegravir ER
ISENTRESS (raltegravir),ISENTRESS HD (raltegravir)
"TIVICAY, TIVICAY PD (dolutegravir)",VOCABRIA (cabotegravir)
EDURANT (rilpivirine),etravirine
efavirenz,INTELENCE (etravirine)
,"nevirapine, nevirapine ER"
,PIFELTRO (doravirine)
abacavir,didanosine
EMTRIVA (emtricitabine),emtricitabine
lamivudine,EPIVIR (lamivudine)
ZIAGEN (abacavir),RETROVIR (zidovudine)
zidovudine,stavudine
,VIREAD (tenofovir disoproxil fumarate)
,TYBOST (cobicistat)
PREZISTA (darunavir),APTIVUS (tipranavir)
,darunavir
,PREZCOBIX (darunavir/cobicistat)
atazanavir,fosamprenavir
EVOTAZ (atazanavir/cobicistat),LEXIVA (fosamprenavir)
ritonavir,NORIVIR (ritonavir)
,REYATAZ (atazanavir)
,VIRACEPT (nelfinavir)
BIKTARVY (bictegravir/emtricitabine/tenofovir),efavirenz/lamivudine/tenofovir
GENVOYA (elvitegravir/cobicistat/emtricitabine/ tenofovir alafenamide),JULUCA (dolutegravir/rilpivirine)
SYMFI (efavirenz/lamivudine/tenofovir),rilpivirine ER
SYMFI LO (efavirenz/lamivudine/tenofovir),STRIBILD (elvitegravir/cobicistat/emtricitabine/tenofovir disoproxil fumarate)
TRIUMEQ (abacavir/dolutegravir/lamivudine),SYMTUZA (darunavir/cobicistat/emtricitabine/tenofovir alafenamide)
TRIUMEQ PD (abacavir/dolutegravir/lamivudine),
valganciclovir tablet,LIVTENCITY (maribavir)
,PREVYMIS (letermovir)
,VALCYTE (valganciclovir)
,valganciclovir solution
acyclovir,SITAVIG (acyclovir)
famciclovir,VALTREX (valacyclovir)
valacyclovir,
oseltamivir,FLUMADINE (rimantadine)
,RAPIVAB (peramivir)
,RELENZA (zanamivir)
,rimantadine
,TAMIFLU (oseltamivir)
,XOFLUZA (baloxavir)
ZOVIRAX (acyclovir) cream,acyclovir
,DENAVIR (penciclovir)
,penciclovir
,XERESE (acyclovir/hydrocortisone)
,ZOVIRAX (acyclovir) ointment
anastrozole,ARIMIDEX (anastrazole)
exemestane,AROMASIN (exemestane)
letrozole,FEMARA (letrozole)
ADBRY (tralokinumab-ldrm),CIBINQO (abrocitinib)
ADBRY Autoinjector (tralokinumab-ldrm),
DUPIXENT (dupilumab) DUR+,OPZELURA (ruxolitinib)
ELIDEL (pimecrolimus),ZORYVE (roflumilast) 0.15% cream
EUCRISA (crisaborole) DUR+,
pimecrolimus,
tacrolimus,
,ASPRUZYO SPRINKLE (ranolazine)
,ranolazine ER
carvedilol,carvedilol ER
labetalol,COREG (carvedilol)
,COREG CR (carvedilol)
atenolol/chlorthalidone,TENORETIC (atenolol/chlorthalidone)
bisoprolol/hydrochlorothiazide,ZIAC (bisoprolol/hydrochlorothiazide)
metoprolol/hydrochlorothiazide,
propranolol/hydrochlorothiazide,
acebutolol,BETAPACE (sotalol)
atenolol,BETAPACE AF (sotalol)
bisoprolol,betaxolol
HEMANGEOL (propranolol),BYSTOLIC (nebivolol)
metoprolol succinate,INDERAL LA (propranolol)
metoprolol tartrate,INDERAL XL (propranolol)
nadolol,INNOPRAN XL (propranolol)
nebivolol,KAPSPARGO SPRINKLE (metoprolol succinate)
pindolol,LOPRESSOR (metoprolol tartrate)
propranolol,SOTYLIZE (sotalol)
propranolol ER,TENORMIN (atenolol)
SORINE (sotalol),TOPROL XL (metoprolol succinate)
sotalol,
sotalol AF,
timolol,
,CORLANOR (ivabradine)
,ivabradine
ursodiol,BYLVAY (odevixibat)
,CHENODAL (chenodiol)
,IQIRVO (elafibranor)
,LIVDELZI (seladelpar)
,LIVMARLI (maralixibat)
,OCALIVA (obeticholic acid)
,RELTONE (ursodiol)
,URSO FORTE (ursodiol)
MYRBETRIQ (mirabegron),darifenacin ER
oxybutynin,DETROL (tolterodine)
oxybutynin ER,DETROL LA (tolterodine)
solifenacin,fesoterodine
,GEMTESA (vibegron)
,mirabegron ER
,tolterodine
,tolterodine ER
,TOVIAZ (fesoterodine)
,trospium
,trospium ER
,VESICARE (solifenacin)
,VESICARE LS (solifenacin)
alendronate tablet,ACTONEL (risedronate)
ibandronate tablet,alendronate solution
risedronate,ATELVIA (risedronate)
,BINOSTO (alendronate)
,FOSAMAX (alendronate)
,FOSAMAX PLUS D (alendronate/vitamin D3)
,ibandronate syringe/vial
,risedronate DR
FORTEO (teriparatide),calcitonin salmon
raloxifene,EVENITY (romosozumab-aqqg)
,EVISTA (raloxifene)
,MIACALCIN (calcitonin salmon)
,PROLIA (denosumab)
,teriparatide
,TYMLOS (abaloparatide)
,XGEVA (denosumab)
dutasteride,AVODART (dutasteride)
finasteride,ENTADFI (finasteride/tadalafil)
,PROSCAR (finasteride)
alfuzosin ER,CARDURA (doxazosin)
doxazosin,CARDURA XL (doxazosin)
tamsulosin,dutasteride/tamsulosin
terazosin,FLOMAX (tamsulosin)
,RAPAFLO (silodosin)
,silodosin
,CIALIS (tadalafil)
,tadalafil
ANORO ELLIPTA (umeclidinium/vilanterol),BEVESPI AEROSPHERE (glycopyrrolate/formoterol)
COMBIVENT RESPIMAT (ipratropium/albuterol),DUAKLIR PRESSAIR (aclidinium/formoterol)
ipratropium/albuterol,
STIOLTO RESPIMAT (tiotropium/olodaterol),
,"BREZTRI AEROSPHERE 
(budesonide/glycopyrrolate/formoterol) DUR+"
,TRELEGY ELLIPTA (fluticasone/umeclidinium/vilanterol)
ATROVENT HFA (ipratropium),DALIRESP (roflumilast)
INCRUSE ELLIPTA (umeclidinium),OHTUVAYRE (ensifentrine)
ipratropium,roflumilast
SPIRIVA HANDIHALER (tiotropium),SPIRIVA RESPIMAT (tiotropium) DUR+
,tiotropium
,TUDORZA PRESSAIR (aclidinium)
,YUPLERI (revefenacin)
albuterol,arformoterol
,BROVANA (arformoterol)
,levalbuterol
,PERFOROMIST (formoterol)
SEREVENT DISKUS (salmeterol),
STRIVERDI RESPIMAT (olodaterol),
albuterol HFA,AIRSUPRA (albuterol/budesonide)
VENTOLIN HFA (albuterol),levalbuterol HFA
,PROAIR DIGIHALER (albuterol)
,XOPENEX HFA (levalbuterol)
albuterol IR,albuterol ER
terbutaline,
amlodipine,CARDIZEM CD (diltiazem)
CARTIA XT (diltiazem),CARDIZEM LA (diltiazem)
diltiazem ER 24 HR,diltiazem ER 12 HR
diltiazem CD 24 HR,diltiazem LA 24 HR
diltiazem XR 24 HR,KATERZIA (amlodipine)
DILT-XR 24 HR (diltiazem),levamlodipine
felodipine,MATZIM LA (diltiazem)
nifedipine ER,nisoldipine
TAZTIA XT (diltiazem),NORVASC
verapamil ER,PROCARDIA XL
verapamil SR,SULAR (nisoldipine)
,TIADYLT ER (diltiazem)
,TIAZAC (diltiazem)
,verapamil PM
,VERELAN PM (verapamil)
diltiazem,CARDIZEM (diltiazem)
nicardipine,isradipine
nifedipine,nimodipine capsule and
verapamil,NORLIQVA (amlodipine)
,NYMALIZE (nimodipine)
BOOST,All non-preferred caloric/nutritional agents (which are all other products except those specifically listed as preferred) require a manual prior authorization.
BREAKFAST ESSENTIALS,All non-preferred caloric/nutritional agents (which are all other products except those specifically listed as preferred) require a manual prior authorization.
BRIGHT BEGINNINGS,All non-preferred caloric/nutritional agents (which are all other products except those specifically listed as preferred) require a manual prior authorization.
DUOCAL,All non-preferred caloric/nutritional agents (which are all other products except those specifically listed as preferred) require a manual prior authorization.
ENSURE,All non-preferred caloric/nutritional agents (which are all other products except those specifically listed as preferred) require a manual prior authorization.
NUTREN,All non-preferred caloric/nutritional agents (which are all other products except those specifically listed as preferred) require a manual prior authorization.
OSMOLITE,All non-preferred caloric/nutritional agents (which are all other products except those specifically listed as preferred) require a manual prior authorization.
PEDIASURE,All non-preferred caloric/nutritional agents (which are all other products except those specifically listed as preferred) require a manual prior authorization.
PROMOD,All non-preferred caloric/nutritional agents (which are all other products except those specifically listed as preferred) require a manual prior authorization.
RESOURCE,All non-preferred caloric/nutritional agents (which are all other products except those specifically listed as preferred) require a manual prior authorization.
TWOCAL HN,All non-preferred caloric/nutritional agents (which are all other products except those specifically listed as preferred) require a manual prior authorization.
amoxicillin/clavulanate,amoxicillin/clavulanate ER
,AUGMENTIN (amoxicillin/clavulanate)
cefadroxil,cephalexin tablet
"cephalexin capsule, suspension",
cefaclor capsule,cefaclor ER
cefprozil,cefaclor suspension
cefuroxime,
cefdinir,cefixime suspension
cefixime capsule,SUPRAX (cefixime)
cefpodoxime,
FULPHILA (pegfilgrastim-jmdb),FYLNETRA (pegfilgrastim-pbbk)
NEUPOGEN (filgrastim),GRANIX (tbo-filgrastim)
,LEUKINE (sargramostim)
,"NEULASTA, NEULASTA ONPRO (pegfilgrastim)"
,NIVESTYM (filgrastim-aafi)
,NYVEPRIA (pegfilgrastim-apgf)
,RELEUKO (filgrastim-ayow)
,ROLVEDON (eflapegrastim-xnst)
,STIMUFEND (pegfilgrastim-fpgk)
,"UDENYCA, UDENYCA ONBODY (pegfilgrastim-cbqv)"
,ZARXIO (filgrastim-sndz)
,ZIEXTENZO (pegfilgrastim-bmez)
PULMOZYME (dornase alfa),ALYFTREK (vanzacaftor/tezacaftor/deutivacaftor)NR
tobramycin (generic TOBI),BETHKIS (tobramycin)
,BRONCHITOL (mannitol)
,CAYSTON (aztreonam)
,colistimethate
,COLY-MYCIN M (colistin)
,KALYDECO (ivacaftor)
,KITABIS (tobramycin)
,ORKAMBI (lumacaftor/ivacaftor)
,SYMDEKO (tezacaftor/ivacaftor)
,TOBI (tobramycin)
,TOBI PODHALER (tobramycin)
,tobramycin (generic BETHKIS & KITABIS)
,TRIKAFTA (elexacaftor/tezacaftor/ivacaftor)
"ACTEMRA (tocilizumab) syringe, vial",ABRILADA (adalimumab-afzb)
AVSOLA (infliximab-axxq),ACTEMRA ACTPEN (tocilizumab)
ENBREL (etanercept),adalimumab-aacf
HUMIRA (adalimumab),adalimumab-aaty
KINERET (anakinra),adalimumab-adaz
methotrexate,adalimumab-adbm
OLUMIANT (baricitinib),adalimumab-fkjp
OTEZLA (apremilast),adalimumab-ryvk
RINVOQ (upadacitinib),AMJEVITA (adalimumab-atto)
RINVOQ LQ (upadacitinib),ARCALYST (rilonacept)
SIMPONI (golimumab),BIMZELX (bimekizumab-bkzx)
TALTZ (ixekizumab),CIMZIA (certolizumab)
,CYTOKINE & CAM ANTAGONISTS DUR+ (continued)
"TYENNE Syringe, Vial (tocilizumab-aazg)",COSENTYX (secukinumab)
XELJANZ (tofacitinib) tablet,CYLTEZO (adalimumab-adbm)
,ENTYVIO (vedolizumab)
,HADLIMA (adalimumab-bwwd)
,HULIO (adalimumab-fkjp)
,HYRIMOZ (adalimumab-adaz)
,IDACIO (adalimumab-aacf)
,ILARIS (canakinumab)
,ILUMYA (tildrakizumab-asmn)
,INFLECTRA (infliximab-dyyb)
,infliximab
,JYLAMVO (methotrexate)
,KEVZARA (sarilumab)
,LITFULO (ritlecitinib)
,OMVOH (mirikizumab-mrkz)
,ORENCIA (abatacept)
,OTREXUP (methotrexate)
,RASUVO (methotrexate)
,REMICADE (infliximab)
,RENFLEXIS (infliximab-abda)
,SILIQ (brodalumab)
,SIMLANDI (adalimumab-ryvk)
,SIMPONI ARIA (golimumab)
,SKYRIZI (risankizumab-rzaa)
,SOTYKTU (deucravacitinib)
,SPEVIGO (spesolimab-sbzo)
,STELARA (ustekinumab)
,TOFIDENCE (tocilizumab-bavi)
,TREXALL (methotrexate)
,TYENNE Autoinjector (tocilizumab-aazg)
,ustekinumab-kfceNR
,XATMEP (methotrexate)
,XELJANZ (tofacitinib) solution
,XELJANZ XR (tofacitinib)
,YUSIMRY (adalimumab-aqvh)
,ZYMFENTRA (infliximab-dyyb)
EPOGEN (epoetin alfa),ARANESP (darbepoetin alfa)
MIRCERA (methoxy polyethylene glycol-epoetin-beta),JESDUVROQ (daprodustat)
RETACRIT (epoetin alfa-epbx),PROCRIT (epoetin alfa)
,VAFSEO (vadadustat)
ADVATE,ADYNOVATE
AFSTYLA,ELOCTATE
ALPHANATE,ESPEROCT
ALTUVIIIO,JIVI
FEIBA,KCENTRA
HEMOFIL M,OBIZUR
HUMATE-P,VONVENDI
KOATE,
KOGENATE FS,
KOVALTRY,
NOVOEIGHT,
NUWIQ,
RECOMBINATE,
WILATE,
"XYNTHA, XYNTHA SOLOFUSE",
ALPHANINE SD,BEQVEZ
ALPROLIX,REBINYN
BENEFIX,
IDELVION,
IXINITY,
PROFILNINE,
RIXUBIS,
COAGADEX (factor X),ALHEMO (concizumab-mtci)NR
FIBRYGA (fibrinogen),CORIFACT (factor XIII)NR
HEMLIBRA (emicizumab-kxwh) DUR+,
RIASTAP (fibrinogen),NOVOSEVEN RT (factor VII)
,SEVENFACT (factor VII)
,TRETTEN (factor XIII)
,FIBROMYALGIA/NEUROPATHIC PAIN AGENTS
duloxetine (generic CYMBALTA),
gabapentin,
pregabalin,
SAVELLA (milnacipran),
,FLUOROQUINOLONES DUR+
ciprofloxacin tablet,
levofloxacin tablet,
,GAUCHER’S DISEASE
ELELYSO (taliglucerase alfa),
ZAVESCA (miglustat),
,GENITAL WARTS & ACTINIC KERATOSIS AGENTS
CONDYLOX (podofilox),
fluorouracil,
imiquimod,
podofilox,
famotidine,cimetidine
,nizatidine
,PEPCID (famotidine)
CARAFATE (sucralfate) suspension,CARAFATE (sucralfate) tablet
misoprostol,CYTOTEC (misoprostol)
sucralfate,DARTISLA (glycopyrrolate)
,VOQUEZNA (vonoprazan)
esomeprazole capsule,DEXILANT (dexlansoprazole)
NEXIUM (esomeprazole) packet,dexlansoprazole
omeprazole,esomeprazole packet
pantoprazole,KONVOMEP (omeprazole/sodium bicarbonate)
,lansoprazole Rx
,NEXIUM (esomeprazole) capsule
,omeprazole/sodium bicarbonate
,PREVACID (lansoprazole)
,PRILOSEC (omeprazole) packet
,PROTONIX (pantoprazole)
,rabeprazole
,ZEGERID (omeprazole/sodium bicarbonate)
ASMANEX (mometasone),ALVESCO (ciclesonide)
budesonide 0.25 mg and 0.5 mg,ARMONAIR DIGIHALER (fluticasone)
FLOVENT DISKUS (fluticasone),ARNUITY ELLIPTA (fluticasone)
PULMICORT FLEXHALER (budesonide),ASMANEX HFA (mometasone)
QVAR REDIHALER (beclomethasone),budesonide 1 mg
,FLOVENT HFA (fluticasone)
,fluticasone diskus
,fluticasone HFA
,PULMICORT (budesonide) nebulizer solution
ADVAIR DISKUS (fluticasone/salmeterol),AIRDUO DIGIHALER (fluticasone/salmeterol)
ADVAIR HFA (fluticasone/salmeterol),BREO ELLIPTA (fluticasone/vilanterol)
DULERA (mometasone/formoterol),BREYNA (budesonide/formoterol)
fluticasone/salmeterol diskus,budesonide/formoterol
fluticasone/salmeterol HFA,fluticasone/vilanterol
SYMBICORT (budesonide/formoterol),WIXELA INHUB (fluticasone/salmeterol)
,GROWTH HORMONES DUR+
GENOTROPIN (somatropin),HUMATROPE (somatropin)
NORDITROPIN FLEXPRO (somatropin),NGENLA (somatrogon-ghla)
SKYTROFA (lonapegsomatropin-tcgd),OMNITROPE (somatropin)
,SEROSTIM (somatropin)
,SOGROYA (somapacitan-beco)
,VOXZOGO (vosoritide)
,ZOMACTON (somatropin)
,H. PYLORI COMBINATION TREATMENTS
PYLERA (bismuth subcitrate potassium/metronidazole/ tetracycline),bismuth subcitrate potassium/metronidazole/tetracycline
PYLERA (bismuth subcitrate potassium/metronidazole/ tetracycline),lansoprazole/amoxicillin/clarithromycin
,OMECLAMOX (omeprazole/clarithromycin/amoxicillin)
,TALICIA (omeprazole/amoxicillin/rifabutin)
,VOQUEZNA DUAL PAK (vonoprazan/amoxicillin)
,"VOQUEZNA TRIPLE PAK 
(vonoprazan/amoxicillin/clarithromycin)"
,"VOQUEZNA TRIPLE PAK 
(vonoprazan/amoxicillin/clarithromycin)"
,HEPATITIS B TREATMENTS
entecavir,adefovir dipivoxil
lamivudine HBV,BARACLUDE (entecavir)
tenofovir disoproxil fumarate,VEMLIDY (tenofovir alafenamide)
,VIREAD (tenofovir disoproxil fumarate)
,HEPATITIS C TREATMENTS
MAVYRET (glecaprevir/pibrentasvir) ∞,EPCLUSA (sofosbuvir/velpatasvir) ∞
PEGASYS (peginterferon alfa-2a),HARVONI (ledipasvir/sofosbuvir) ∞
ribavirin tablet,ledipasvir/sofosbuvir ∞
sofosbuvir/velpatasvir,ribavirin capsule
,SOVALDI (sofosbuvir) ∞
,VIEKIRA PAK (ombitasvir/paritaprevir/ritonavir)
,VOSEVI (sofosbuvir/velpatasvir/voxilaprevir) ∞
,ZEPATIER (elbasvir/grazoprevir) ∞
,HEREDITARY ANGIOEDEMA
BERINERT (C1 esterase inhibitor),CINRYZE (C1 esterase inhibitor)
icatibant,FIRAZYR (icatibant)
,KALBITOR (ecallantide)
,ORLADEYO (berotralstat)
,RUCONEST (C1 esterase inhibitor)
,SAJAZIR (icatibant)
,TAKHZYRO (lanadelumab-flyo)
,HYPERURICEMIA & GOUT DUR+
allopurinol,ALOPRIM (allopurinol)
colchicine tablet,colchicine capsule
probenecid,COLCRYS (colchicine)
probenecid/colchicine,febuxostat
,GLOPERBA (colchicine)
,MITIGARE (colchicine)
,ULORIC (febuxostat)
,ZYLOPRIM (allopurinol)
,HYPOGLYCEMIA TREATMENT
BAQSIMI (glucagon),GVOKE (glucagon) Step Edit
GLUCAGEN (glucagon),
glucagon emergency kit,
glucagon vial,
ZEGALOGUE (dasiglucagon),
,"HYPOGLYCEMICS, BIGUANIDES"
metformin,GLUMETZA (metformin)
metformin ER (generic GLUCOPHAGE XR),metformin ER (generic FORTAMET)
,metformin ER (generic GLUMETZA)
,metformin solution
,RIOMET (metformin)
JANUMET (sitagliptin/metformin),alogliptin
JANUMET XR (sitagliptin/metformin),alogliptin/metformin
JANUVIA (sitagliptin),JENTADUETO XR (linagliptin/metformin)
JENTADUETO (linagliptin/metformin),KAZANO (alogliptin/metformin)
TRADJENTA (linagliptin),KOMBIGLYZE XR (saxagliptin/metformin)
,NESINA (alogliptin)
,ONGLYZA (saxagliptin)
,OSENI (alogliptin/pioglitazone)
,saxagliptin
,saxagliptin/metformin ER
,sitagliptin
,sitagliptin/metformin
,ZITUVIO (sitagliptin)
BYETTA (exenatide),BYDUREON (exenatide)
TRULICITY (dulaglutide),
VICTOZA (liraglutide),liraglutide
,MOUNJARO (tirzepatide)
,OZEMPIC (semaglutide)
,RYBELSUS (semaglutide)
,SOLIQUA (insulin glargine/lixisenatide)
,SYMLINPEN (pramlintide)
,XULTOPHY (insulin degludec/liraglutide)
HUMALOG MIX 75/25 (insulin lispro/lispro protamine),ADMELOG (insulin lispro)
HUMULIN 70/30 (insulin NPH/regular),AFREZZA (insulin regular)
HUMULIN N (insulin NPH),APIDRA (insulin glulisine)
HUMULIN R (insulin regular),BASAGLAR (insulin glargine)
HUMULIN R U-500 (insulin regular),FIASP (insulin aspart/niacinamide)
insulin aspart,"HUMALOG; HUMALOG JUNIOR, KWIKPEN, TEMPO 
PEN (insulin lispro)"
insulin aspart protamine mix 70/30,"HUMALOG; HUMALOG JUNIOR, KWIKPEN, TEMPO 
PEN (insulin lispro)"
insulin lispro,"HUMALOG MIX KWIKPEN 50/50, 75/25 (insulin lispro/lispro protamine)"
insulin lispro protamine mix 75/25,HUMULIN 70/30 (insulin NPH/regular)
LANTUS (insulin glargine),HUMULIN N KWIKPEN (insulin NPH)
TOUJEO (insulin glargine),insulin degludec
TOUJEO MAX (insulin glargine),insulin glargine
,insulin glargine-yfgn
,LEVEMIR (insulin detemir)
,LYUMJEV (insulin lispro-aabc)
,NOVOLIN 70/30 (insulin NPH/regular)
,NOVOLIN R (insulin regular)
,NOVOLOG (insulin aspart)
,NOVOLOG MIX 70/30 (insulin aspart/aspart protamine)
,REZVOGLAR (insulin glargine-aglr)
,SEMGLEE (insulin glargine-yfgn)
,TRESIBA (insulin degludec)
nateglinide,
repaglinide,
FARXIGA (dapagliflozin),dapagliflozin
JARDIANCE (empagliflozin),INPEFA (sotagliflozin)
,INVOKANA (canagliflozin)
,STEGLATRO (ertugliflozin)
GLYXAMBI (empagliflozin/linagliptin),dapagliflozin/metformin ER
SYNJARDY (empagliflozin/metformin),INVOKAMET (canagliflozin/metformin)
SYNJARDY XR (empagliflozin/metformin),INVOKAMET XR (canagliflozin/metformin)
TRIJARDY XR (empagliflozin/linagliptin/metformin),QTERN (dapagliflozin/saxagliptin)
,SEGLUROMET (ertugliflozin/metformin)
,STEGLUJAN (ertugliflozin/sitagliptin)
,XIGDUO XR (dapagliflozin/metformin)
glimepiride,
glipizide,
glipizide ER,
glipizide XL,
glyburide,
glyburide micronized,
pioglitazone,ACTOPLUS MET (pioglitazone/metformin)
pioglitazone/metformin,ACTOS (pioglitazone)
,DUETACT (pioglitazone/metformin)
OFEV (nintedanib),ESBRIET (pirfenidone)
,pirfenidone
BIVIGAM,ALYGLO
FLEBOGAMMA,ASCENIV
GAMASTAN,CABLIVI
GAMMAGARD,CUTAQUIG
GAMMAGARD S-D,CUVITRU
GAMUNEX-C,GAMMAKED
HIZENTRA,GAMMAPLEX
HYQVIA,OCTAGAM
PANZYGA,
PRIVIGEN,
XEMBIFY,
DUPIXENT (dupilumab) DUR+,CINQAIR (reslizumab)
FASENRA (benralizumab),NUCALA (mepolizumab)
XOLAIR (omalizumab),TEZSPIRE (tezepelumab-ekko)
AZASAN (azathioprine),ASTAGRAF XL (tacrolimus)
azathioprine,ENVARSUS XR (tacrolimus)
CELLCEPT (mycophenolate),MYFORTIC (mycophenolate)
cyclosporine,PROGRAF (tacrolimus)
everolimus,REZUROCK (belumosudil)
mycophenolate,ZORTRESS (everolimus)
mycophenolic acid,
NEORAL (cyclosporine),
RAPAMUNE (sirolimus),
SANDIMMUNE (cyclosporine),
sirolimus,
tacrolimus,
ipratropium,
,azelastine/fluticasone
,DYMISTA (azelastine/fluticasone)
,RYALTRIS (olopatadine/mometasone)
azelastine,olopatadine
,PATANASE (olopatadine)
fluticasone,BECONASE AQ (beclomethasone)
,flunisolide
,mometasone
,NASONEX (mometasone)
,OMNARIS (ciclesonide)
,QNASL (beclomethasone)
,XHANCE (fluticasone)
,ZETONNA (ciclesonide)
deferasirox (all manufacturers except those listed as nonpreferred),"deferasirox (manufacturers starting with 45963, 62332)"
deferasirox (all manufacturers except those listed as nonpreferred),"deferiprone 1,000 mg tablet"
deferiprone 500 mg tablet,EXJADE (deferasirox)
FERRIPROX (deferiprone),"JADENU, JADENU SPRINKLE (deferasirox)"
LINZESS (linaclotide),AMITIZA (lubiprostone)
lubiprostone,ISBRELA (tenapanor)
TRULANCE (plecanatide),MOTEGRITY (prucalopride)
,MOVANTIK (naloxegol)
,prucaloprideNR
,RELISTOR (methylnaltrexone)
,SYMPROIC (naldemedine)
dicyclomine,alosetron
ED-SPAZ (hyoscyamine),LOTRONEX (alosetron) DUR+
"hyoscyamine, hyoscyamine ER",VIBERZI (eluxadoline) DUR+
HYOSYNE (hyoscyamine),
"LEVSIN, LEVSIN-SL (hyoscyamine)",
NULEV (hyoscyamine),
"OSCIMIN, OSCIMIN SL (hyoscyamine)",
,GATTEX (teduglutide)
,MYTESI (crofelemer)
,See previous page for additional PA Criteria/DUR+ Rules
"Chronic Idiopathic Constipation (CIC): Amitiza 24 mcg, 
LINZESS 72 mcg, LINZESS 145 mcg, MOTEGRITY, 
TRULANCE 
Preferred CIC Agents o Documented diagnosis of CIC in the past year AND o No history of GI or bowel obstruction 
LINZESS 72 mcg o Age 6-17 years AND 
Documented diagnosis of CIC or pediatric functional constipation in the past year AND 
No history of GI or bowel obstruction 
• Non-Preferred CIC Agents o Documented diagnosis of CIC AND o No history of GI or bowel obstruction AND  
Have tried 2 preferred CIC agents in the past 6 months 
OR 
1 claim with the requested agent in the past 105 days","Irritable Bowel Syndrome – Constipation 
Dominant (IBS-C): AMITIZA 8 mcg, IBSRELA, 
LINZESS 290 mcg, TRULANCE 
• Preferred IBS-C Agents o Documented diagnosis of IBS-C in the past year 
AND 
o No history of GI or bowel obstruction 
• Non-Preferred IBS-C Agents o Documented diagnosis of IBS-C in the past year 
AND 
o No history of GI or bowel obstruction AND o Have tried 2 preferred IBS-C agents in the past 
6 months OR o 1 claim with the requested agent in the past 105 days"
montelukast,ACCOLATE (zafirlukast)
zafirlukast,SINGULAIR (montelukast)
,zileuton
,ZYFLO (zileuton)
,NEXLETOL (bempedoic acid)
,NEXLIZET (bempedoic acid/ezetimibe)
,EVKEEZA (evinacumab-dgnb)
cholestyramine,colesevelam
cholestyramine light,COLESTID (colestipol)
colestipol tablet,colestipol packet
,PREVALITE (cholestyramine)
,QUESTRAN (cholestyramine)
,QUESTRAN LIGHT (cholestyramine)
,WELCHOL (colesevelam)
ezetimibe,ZETIA (ezetimibe)
fenofibrate,fenofibric acid
gemfibrozil,FENOGLIDE (fenofibrate)
,FIBRICOR (fenofibric acid)
,LIPOFEN (fenofibrate)
,LOPID (gemfibrozil)
,TRICOR (fenofibrate)
,TRILIPIX (fenofibric acid)
,JUXTAPID (lomitapide)
niacin ER,
omega-3 acid ethyl esters,icosapent ethyl
,LOVAZA (omega-3 acid ethyl esters)
REPATHA (evolocumab),LEQVIO (inclisiran)
,PRALUENT (alirocumab)
atorvastatin,ALTOPREV (lovastatin)
lovastatin,ATORVALIQ (atorvastatin)
pravastatin,CRESTOR (rosuvastatin)
rosuvastatin,EZALLOR SPRINKLE (rosuvastatin)
simvastatin,FLOLIPID (simvastatin)
,fluvastatin
,fluvastatin ER
,LESCOL XL (fluvastatin)
,LIPITOR (atorvastatin)
,LIVALO (pitavastatin)
,pitavastatin
,ZOCOR (simvastatin)
,ZYPITAMAG (pitavastatin)
ezetimibe/simvastatin,amlodipine/atorvastatin
,CADUET (amlodipine/atorvastatin)
,VYTORIN (ezetimibe/simvastatin)
,GRASTEK
,ORALAIR
,PALFORZIA
,RAGWITEK
epinephrine (Mylan),AUVI-Q (epinephrine)
,epinephrine (all other manufacturers)
,EPIPEN (epinephrine)
,EPIPEN JR (epinephrine)
,NEFFY (epinephrine)NR
alprazolam,alprazolam ER
hydroxyzine HCL,CAMZYOS (mavacamten)
hydroxyzine pamoate,CRENESSITY (crinecerfont)NR
megestrol,EVRYSDI (risdiplam)
REVLIMID (lenalidomide),KORLYM (mifepristone)
,lenalidomide
,VERQUVO (vericiguat)
,VISTARIL (hydroxyzine pamoate)
,"XANAX, XANAX XR (alprazolam)"
nitroglycerin,
NITROLINGUAL (nitroglycerin),
NITROSTAT (nitroglycerin),
AUSTEDO (deutetrabenazine),INGREZZA INITIATION PACK (valbenazine)
AUSTEOD XR (deutetrabenazine),XENAZINE (tetrabenazine)
INGREZZA (valbenazine),
INGREZZA SPRINKLE (valbenazine),
tetrabenazine,
BETASERON (interferon beta-1b),AMPYRA (dalfampridine)
COPAXONE (glatiramer) 20 mg,AUBAGIO (teriflunomide)
dalfampridine ER,AVONEX (interferon beta-1a)
dimethyl fumarate,BAFIERTAM (monomethyl fumarate)
fingolimod,BRIUMVI (ublituximab-xiiy)
REBIF (interferon beta-1b),COPAXONE (glatiramer) 40 mg
REBIF REBIDOSE (interferon beta-1b),GILENYA (fingolimod)
teriflunomide,glatiramer
TYSABRI (natalizumab),GLATOPA (glatiramer)
,KESIMPTA PEN (ofatumumab)
,MAVENCLAD (cladribine)
,MAYZENT (siponimod)
,OCREVUS (ocrelizumab)
,PLEGRIDY (peginterferon beta-1a)
,PONVORY (ponesimod)
,TASCENSO ODT (fingolimod)
,TECFIDERA (dimethyl fumarate)
,VUMERITY (diroximel fumarate)
,ZEPOSIA (ozanimod)
EMFLAZA (deflazacort),AGAMREE (vamorolone)
,AMONDYS-45 (casimersen)
,deflazacort
,ELEVIDYS (delandistrogene moxeparvovec-rokl)
,EXONDYS-51 (eteplirsen)
,VILTEPSO (viltolarsen)
,VYONDYS-53 (golodirsen)
meloxicam,CELEBREX (celecoxib)
,celecoxib
,ELYXYB (celecoxib)
diclofenac sodium,DAYPRO (oxaprozin)
diclofenac sodium ER,diclofenac potassium
EC-naproxen DR 500 mg tablet,
etodolac tablet,"etodolac capsule, etodolac ER"
flurbiprofen,FELDENE (piroxicam)
ibuprofen,fenoprofen
indomethacin capsule,"indomethacin ER, indomethacin suppository"
ketorolac,kiprofen
nabumetone,LOFENA (diclofenac potassium)
naproxen,meclofenamate
piroxicam,mefenamic acid
sulindac,NALFON (fenoprofen)
,NAPRELAN (naproxen)
,NAPROSYN (naproxen)
,"naproxen, naproxen CR, naproxen ER"
,oxaprozin
,RELAFEN DS (nabumetone)
,TOLECTIN 600 (tolmetin)
,tolmetin
,"ARTHROTEC 50, 75 (diclofenac/misoprostol)"
,diclofenac/misoprostol
,ibuprofen/famotidine
,naproxen/esomeprazole
,VIMOVO (naproxen/esomeprazole)
bacitracin/polymyxin,AZASITE (azithromycin)
ciprofloxacin,bacitracin
erythromycin,BESIVANCE (besifloxacin)
gentamicin,CILOXAN (ciprofloxacin)
moxifloxacin,gatifloxacin
ofloxacin,NATACYN (natamycin0
polymyxin B/trimethoprim,neomycin/bacitracin/polymyxin
tobramycin,OCUFLOX (ofloxacin)
,sulfacetamide
,TOBREX (tobramycin)
,VIGAMOX (moxifloxacin)
BLEPHAMIDE S.O.P. (sulfacetamide/prednisolone),MAXITROL (neomycin/polymyxin/dexamethasone)
neomycin/bacitracin/polymyxin/hydrocortisone,neomycin/polymyxin/gramicidin
neomycin/polymyxin/dexamethasone,TOBRADEX ST (tobramycin/dexamethasone)
PRED-G (gentamicin/prednisolone),
sulfacetamide/prednisolone,
TOBRADEX (tobramycin/dexamethasone),
tobramycin/dexamethasone,
ZYLET (tobramycin/loteprednol),
dexamethasone,"ACULAR, ACULAR LS (ketorolac)"
diclofenac sodium,ACUVAIL (ketorolac)
difluprednate,bromfenac
FLAREX (fluorometholone),BROMSITE (bromfenac)
fluorometholone,DUREZOL (difluprednate)
flurbiprofen,FML (fluorometholone)
FML FORTE (fluorometholone),ILEVRO (nepafenac)
ketorolac,INVELTYS (loteprednol)
MAXIDEX (dexamethasone),"LOTEMAX, LOTEMAX SM (loteprednol)"
PRED MILD (prednisolone),loteprednol
prednisolone acetate,NEVANAC (nepafenac)
prednisolone sodium phosphate,PRED FORTE (prednisolone)
,PROLENSA (bromfenac)
RESTASIS Droperette (cyclosporine),CEQUA (cyclosporine)
XIIDRA (lifitegrast),cyclosporine
,EYSUVIS (loteprednol)
,MIEBO (perfluorohexyloactane)
,RESTASIS Multidose (cyclosporine)
,TYRVAYA (varenicline)
,VEVYE (cyclosporine)
BETIMOL (timolol),betaxolol
carteolol,BETOPTIC S (betaxolol)
ISTALOL (timolol),"timolol droperette, daily drop, gel"
levobunolol,"TIMOPTIC; TIMOPTIC OCUDOSE, XE (timolol)"
"timolol drops 0.25%, 0.5%",
dorzolamide,AZOPT (brinzolamide)
,brinzolamide
COMBIGAN (brimonidine/timolol),brimonidine/timolol
dorzolamide/timolol,COSOPT (dorzolamide/timolol)
SIMBRINZA (brinzolamide/brimonidine),dorzolamide/timolol PF
pilocarpine,PHOSPHOLINE IODIDE (echothiophate iodide)
latanoprost,bimatoprost
,IYUZEH (latanoprost)
,LUMIGAN (bimatoprost)
,tafluprost
,TRAVATAN Z (travoprost)
,travoprost
,VYZULTA (latanoprost)
,XALATAN (latanoprost)
,XELPROS (latanoprost)
,ZIOPTAN (tafluprost)
RHOPRESSA (netarsudil),
ROCKLATAN (netarsudil/latanoprost),
ALPHAGAN P (brimonidine),"brimonidine 0.1%, 0.15%"
brimonidine 0.2%,
ALREX (loteprednol),ALOCRIL (nedocromil)
azelastine,ALOMIDE (lodoxamide)
cromolyn,bepotastine
ketotifen OTC,BEPREVE (bepotastine)
olopatadine,epinastine
ZADITOR (ketotifen),LASTACAFT (alcaftadine)
,VERKAZIA (cyclosporine)
,ZERVIATE (cetirizine)
buprenorphine/naloxone SL tablet,BRIXADI (buprenorphine)
naltrexone,buprenorphine
SUBOXONE (buprenorphine/naloxone),buprenorphine/naloxone film
,LUCEMYRA (lofexidine)
,SUBLOCADE (buprenorphine)
,VIVITROL (naltrexone)
,ZUBSOLV (buprenorphine/naloxone)
KLOXXADO (naloxone),LIFEMS NALOXONE (naloxone convenience kit)
naloxone,
NARCAN (naloxone),
OPVEE (nalmefene),
REXTOVY (naloxone),
ZIMHI (naloxone),
CIPRO HC (ciprofloxacin/hydrocortisone),ciprofloxacin
CORTISPORIN-TC (neomycin/colistin/hydrocortisone),ciprofloxacin/fluocinolone
fluocinolone,ciprofloxacin/dexamethasone
neomycin/polymyxin/hydrocortisone,DERMOTIC (fluocinolone)
,FLAC OTIC OIL (fluocinolone)
,hydrocortisone/acetic acid
,OTOVEL (ciprofloxacin/fluocinolone)
CREON (lipase/protease/amylase),PERTZYE (lipase/protease/amylase)
ZENPEP (lipase/protease/amylase),VIOKACE (lipase/protease/amylase)
calcitriol,doxercalciferol
cinacalcet,RAYALDEE (calcifediol)
ergocalciferol,ROCALTROL (calcitriol)
paricalcitol,SENSIPAR (cinacalcet)
ZEMPLAR (paricalcitol),
,PHOSPHATE BINDERS
calcium acetate,AURYXIA (ferric citrate)
CALPHRON (calcium acetate),FOSRENOL (lanthanum)
sevelamer carbonate tablet,lanthanum
,MAGNEBIND (calcium carbonate/magnesium)
,RENVELA (sevelamer)
,"sevelamer carbonate packet, sevelamer HCl"
,VELPHORO (sucroferric oxyhydroxide)
,XPHOZAH (tenapanor)
,PLATELET AGGREGATION INHIBITORS
aspirin/dipyridamole,EFFIENT (prasugrel)
BRILINTA (ticagrelor),PLAVIX (clopidogrel)
cilostazol,
clopidogrel,
dipyridamole,
pentoxifylline,
prasugrel,
,PLATELET STIMULATING AGENTS
NPLATE (romiplostim),ALVAIZ (eltrombopag)
PROMACTA (eltrombopag) tablet,DOPTELET (avatrombopag)
,MULPLETA (lusutrombopag)
,PROMACTA (eltrombopag) packet
,TAVALISSE (fostamatinib)
,POTASSIUM REMOVING AGENTS
LOKELMA (sodium zirconium cyclosilicate),KIONEX (sodium polystyrene sulfonate)
SPS (sodium polystyrene sulfonate) suspension,sodium polystyrene sulfonate
,SPS (sodium polystyrene sulfonate) enema
,VELTASSA (patiromer calcium sorbitex)
,PRENATAL VITAMINS
CLASSIC PRENATAL,All prenatal vitamins are non-preferred except for those specifically indicated as preferred.
COMPLETE NATAL DHA,All prenatal vitamins are non-preferred except for those specifically indicated as preferred.
COMPLETENATE,All prenatal vitamins are non-preferred except for those specifically indicated as preferred.
M-NATAL PLUS,All prenatal vitamins are non-preferred except for those specifically indicated as preferred.
NIVA-PLUS,All prenatal vitamins are non-preferred except for those specifically indicated as preferred.
PRENATAL PLUS VITAMIN-MINERAL,All prenatal vitamins are non-preferred except for those specifically indicated as preferred.
"PNV 72, 95, 124, and 137 / IRON / FOLIC ACID",All prenatal vitamins are non-preferred except for those specifically indicated as preferred.
SE-NATAL-19,All prenatal vitamins are non-preferred except for those specifically indicated as preferred.
STUART ONE,All prenatal vitamins are non-preferred except for those specifically indicated as preferred.
THRIVITE RX,All prenatal vitamins are non-preferred except for those specifically indicated as preferred.
TRICARE,All prenatal vitamins are non-preferred except for those specifically indicated as preferred.
TRINATAL RX 1,All prenatal vitamins are non-preferred except for those specifically indicated as preferred.
WESNATAL DHA COMPLETE,All prenatal vitamins are non-preferred except for those specifically indicated as preferred.
WESTAB PLUS,All prenatal vitamins are non-preferred except for those specifically indicated as preferred.
,NUEDEXTA (dextromethorphan/quinidine)
,WINREVAIR (sotatercept-csrk)
,OPSYNVI (macitentan/tadalafil)
ambrisentan,OPSUMIT (macitentan)
bosentan,TRACLEER (bosentan)
LETAIRIS (ambrisentan),TRYVIO (aprocitentan)
sildenafil (generic REVATIO) tablet,ADCIRCA (tadalafil)
tadalafil,ALYQ (tadalafil)
,LIQREV (sildenafil)
,REVATIO (sildenafil)
,sildenafil (generic REVATIO) suspension
,TADLIQ (tadalafil)
,ORENITRAM ER (treprostinil)
,ORENITRAM TITRATION PAK (treprostinil)
,TYVASO (treprostinil)
,VENTAVIS (iloprost)
,UPTRAVI (selexipag)
,ADEMPAS (riociguat)
metronidazole,AVAR (sulfacetamide sodium/sulfur)
,AVAR LS (sulfacetamide sodium/sulfur)
,AVAR-E (sulfacetamide sodium/sulfur)
,BP 10-1 (sulfacetamide sodium/sulfur)
,brimonidine
,EPSOLAY (benzoyl peroxide)
,FINACEA (azelaic acid)
,METROCREAM (metronidazole)
,METROGEL (metronidazole)
,MIRVASO (brimonidine)
,NORITATE (metronidazole)
,OVACE (sulfacetamide sodium)
,OVACE PLUS (sulfacetamide sodium)
,RHOFADE (oxymetazoline)
,ROSADAN (metronidazole)
,ROSULA (sulfacetamide sodium/sulfur)
,sodium sulfacetamide
,sodium sulfacetamide/sulfur
,SOOLANTRA (ivermectin)
,SUMADAN (sulfacetamide sodium/sulfur)
,SUMADAN XLT (sulfacetamide sodium/sulfur/avob
,SUMAXIN (sulfacetamide sodium/sulfur)
,SUMAXIN CP (sulfacetamide sodium/sulfur)
,SUMAXIN TS (sulfacetamide sodium/sulfur)
estazolam,flurazepam
"temazepam 15 mg, 30 mg capsule",HALCION (triazolam)
,quazepam
,RESTORIL (temazepam)
,"temazepam 7.5 mg, 22.5 mg capsule"
,triazolam
eszopiclone,AMBIEN (zolpidem)
ramelteon,AMBIEN CR (zolpidem)
zaleplon,BELSOMRA (suvorexant)
zolpidem tablet,DAYVIGO (lemborexant)
,doxepin
,EDULAR (zolpidem)
,HETLIOZ LQ (tasimelteon)
,LUNESTA (eszopiclone)
,QUVIVIQ (daridorexant)
,ROZEREM (ramelteon)
,tasimelteon
,zolpidem capsule
,zolpidem sublingual tablet
,zolpidem ER
medroxyprogesterone,DEPO-PROVERA (medroxyprogesterone)
ENILLORING (etonogestrel/ethinyl estradiol),PHEXXI (lactic acid/citric acid/potassium bitartrate)
All contraceptives are preferred except for those specifically indicated as non-preferred.,AMETHIA (levonorgestrel/ethinyl estradiol)
All contraceptives are preferred except for those specifically indicated as non-preferred.,AMETHYST (levonorgestrel/ethinyl estradiol)
All contraceptives are preferred except for those specifically indicated as non-preferred.,BALCOLTRA (levonorgestrel/ethinyl estradiol)
All contraceptives are preferred except for those specifically indicated as non-preferred.,BEYAZ (drospirenone/ethinyl estradiol/levomefolate)
All contraceptives are preferred except for those specifically indicated as non-preferred.,CAMRESE (levonorgestrel/ethinyl estradiol)
All contraceptives are preferred except for those specifically indicated as non-preferred.,CAMRESE LO (levonorgestrel/ethinyl estradiol)
All contraceptives are preferred except for those specifically indicated as non-preferred.,JOLESSA (levonorgestrel/ethinyl estradiol)
All contraceptives are preferred except for those specifically indicated as non-preferred.,LO LOESTRIN FE (norethindrone/ethinyl estradiol/iron)
All contraceptives are preferred except for those specifically indicated as non-preferred.,LOESTRIN (norethindrone/ethinyl estradiol)
All contraceptives are preferred except for those specifically indicated as non-preferred.,LOESTRIN FE (norethindrone/ethinyl estradiol/iron)
All contraceptives are preferred except for those specifically indicated as non-preferred.,MINZOYA (levonorgestrel/ethinyl estradiol/iron)
All contraceptives are preferred except for those specifically indicated as non-preferred.,NATAZIA (estradiol valerate/dienogest)
All contraceptives are preferred except for those specifically indicated as non-preferred.,NEXTSTELLIS (drospirenone/estetrol)
All contraceptives are preferred except for those specifically indicated as non-preferred.,OCELLA (ethinyl estradiol/drospirenone)
All contraceptives are preferred except for those specifically indicated as non-preferred.,SAFYRAL (drospirenone/ethinyl estradiol/levomefolate)
All contraceptives are preferred except for those specifically indicated as non-preferred.,SIMPESSE (levonorgestrel/ethinyl estradiol)
All contraceptives are preferred except for those specifically indicated as non-preferred.,TAYTULLA (norethindrone/ethinyl estradiol/iron)
All contraceptives are preferred except for those specifically indicated as non-preferred.,TYDEMY (drospirenone/ethinyl estradiol/levomefolate)
All contraceptives are preferred except for those specifically indicated as non-preferred.,YASMIN (ethinyl estradiol/drospirenone)
All contraceptives are preferred except for those specifically indicated as non-preferred.,YAZ (ethinyl estradiol/drospirenone)
XULANE (norelgestromin/ethinyl estradiol),norelgestromin/ethinyl estradiol
,TWIRLA (levonorgestrel/ethinyl estradiol)
,ZAFEMY (norelgestromin/ethinyl estradiol)
DROXIA (hydroxyurea),ADAKVEO (crizanlizumab-tmca)
hydroxyurea,CASGEVY (exagamglogene autotemcel)
,ENDARI (glutamine)
,HYDREA (hydroxyurea)
,l-glutamine
,LYFGENIA (lovotibeglogene autotemcel)
,SIKLOS (hydroxyurea)
"baclofen 5 mg, 10 mg, 20 mg tablet",
chlorzoxazone,
"cyclobenzaprine 5 mg, 10 mg tablet",
methocarbamol,
tizanidine tablet,
,NICOTI
nicotine gum OTC,
nicotine lozenge OTC,
nicotine patch OTC,
,NON-NICO
bupropion SR,
CHANTIX (varenicline),
varenicline,
alclometasone,fluocinolone
DERMA-SMOOTH-FS (fluocinolone),hydrocortisone lotion
desonide,HYDROXYM (hydrocortisone)
"hydrocortisone cream, ointment, solution",PROCTOCORT (hydrocortisone)
fluticasone,BESER (fluticasone)
mometasone,CAPEX (fluocinolone)
PANDEL (hydrocortisone probutate),clocortolone
prednicarbate cream,CLODERM (clocortolone)
,flurandrenolide
,fluticasone lotion
,LOCOID (hydrocortisone butyrate)
,prednicarbate ointment
,SYNALAR (fluocinolone)
"betamethasone dipropionate cream, lotion",amcinonide
betamethasone dipropionate augmented,betamethasone dipropionate ointment
betamethasone valerate,desoximetasone
fluocinolone,diflorasone
fluocinonide,halcinonide
fluocinonide-E,HALOG (halcinonide)
"triamcinolone cream, ointment, lotion",KENALOG (triamcinolone)
,TOPICORT (desoximetasone)
,triamcinolone spray
,VANOS (fluocinonide)
"clobetasol cream, foam, gel, ointment, shampoo, solution",APEXICON E (diflorasone)
clobetasol-E,BRYHALI (halobetasol)
halobetasol,clobetasol emulsion
,CLOBEX (clobetasol)
,CLODAN (clobetasol)
,DIPROLENE (betamethasone)
,halobetasol
,IMPEKLO (clobetasol)
,LEXETTE (halobetasol)
,OLUX (clobetasol)
,TEMOVATE (clobetasol)
,TOVET (clobetasol)
,ULTRAVATE (halobetasol)
dexmethylphenidate,ADDERALL (dextroamphetamine/amphetamine)
dextroamphetamine,amphetamine
dextroamphetamine/amphetamine,EVEKEO (amphetamine)
methylphenidate,EVEKEO ODT (amphetamine)
PROCENTRA (dextroamphetamine),FOCALIN (dexmethylphenidate)
,methamphetamine
,METHYLN (methylphenidate)
,methylphenidate
,RITALIN (methylphenidate)
,ZENZEDI (dextroamphetamine)
ADDERALL XR (dextroamphetamine/amphetamine),ADZENYS XR ODT (amphetamine)
CONCERTA (methylphenidate),APTENSIO XR (methylphenidate)
dexmethylphenidate ER,AZSTARYS (serdexmethylphenidate/dexmethylphenidate)
dextroamphetamine ER,COTEMPLA XR ODT (methylphenidate)
dextroamphetamine/amphetamine ER,DAYTRANA (methylphenidate)
DYANAVEL XR (amphetamine) suspension,DEXEDRINE (dextroamphetamine)
lisdexamfetamine,dextroamphetamine/amphetamine ER
methylphenidate CD,DYANAVEL XR (amphetamine) tablets
methylphenidate ER tablet,FOCALIN XR (dexmethylphenidate)
methylphenidate LA,JORNAY PM (methylphenidate)
QUILLICHEW ER (methylphenidate),methylphenidate patch
QUILLIVANT XR (methylphenidate),methylphenidate ER capsule
VYVANSE (lisdexamfetamine) capsules,MYDAYIS (dextroamphetamine/amphetamine)
,RELEXXII (methylphenidate)
,RITALIN LA (methylphenidate)
,VYVANSE (lisdexamfetamine) chewable tablets
,XELSTRYM (dextroamphetamine)
armodafinil,NUVIGIL (armodafinil)
modafinil,PROVIGIL (modafinil)
SUNOSI (solriamfetol),sodium oxybate
XYREM (sodium oxybate),WAKIX (pitolisant)
,XYWAV (calcium/magnesium/potassium/sodium oxybate)
atomoxetine,INTUNIV (guanfacine)
clonidine ER,NEXICLON XR (clonidine)
guanfacine ER,
QELBREE (viloxazine),STRATTERA (atomoxetine)
,See previous page for additional PA Criteria/DUR+ Rules
PREFERRED AGENTS,NON-PREFERRED AGENTS
doxycycline hyclate,demeclocycline
doxycycline monohydrate capsule,DORYX (doxycycline hyclate)
minocycline capsule,DORYX MPC (doxycycline hyclate)
tetracycline capsule,doxycycline hyclate DR
,doxycycline IR/DR
,"doxycycline monohydrate suspension, tablet"
,LYMEPAK (doxycycline hyclate)
,MINOCIN (minocycline)
,minocycline tablet
,minocycline ER
,MINOLIRA ER (minocycline)
,MORGIDOX (doxycycline hyclate)
,NUZYRA (omadacycline)
,ORACEA (doxycycline monohydrate)
,SOLODYN (minocycline)
,tetracycline tablet
APRISO (mesalamine),AZULFIDINE (sulfasalazine)
balsalazide,COLAZAL (balsalazide)
budesonide,DELZICOL (mesalamine)
PENTASA (mesalamine),DIPENTUM (olsalazine)
sulfasalazine,LIALDA (mesalamine)
sulfasalazine DR,mesalamine
UCERIS (budesonide),"mesalamine DR, mesalamine ER"
,VELSIPITY (etrasimod)
mesalamine suppository,budesonide
,CANASA (mesalamine)
,mesalamine enema
,ROWASA (mesalamine)
,SFROWASA (mesalamine)
,UCERIS (budesonide)
CARBAGLU (carglumic acid),BUPHENYL (sodium phenylbutyrate)
,carglumic acid
,OLPRUVA (sodium phenylbutyrate)
,PHEBURANE (sodium phenylbutyrate)
,RAVICTI (glycerol phenylbutyrate)
