therapeutic_class,capsule_name,pdl_name
Central Nervous System (CNS) Agents: Atypical Antipsychotics* LEGACY CATEGORY: ,Abilify Asimtufii,"ABILIFY ASIMTUFII, MAINTENA"
Central Nervous System (CNS) Agents: Atypical Antipsychotics* LEGACY CATEGORY: ,Abilify Maintena,"ABILIFY ASIMTUFII, MAINTENA"
Central Nervous System (CNS) Agents: Atypical Antipsychotics* LEGACY CATEGORY: ,Abilify MyCite,ABILIFY MYCITE
Immunomodulator Agents: Systemic Inflammatory Disease: TNF INHIBITORS,Abrilada Ankylosing Spondylitis,ABRILADA (Bio of HUMIRA)
Immunomodulator Agents: Systemic Inflammatory Disease: TNF INHIBITORS,Abrilada Crohn's Disease (pediatric),ABRILADA (Bio of HUMIRA)
Immunomodulator Agents: Systemic Inflammatory Disease: TNF INHIBITORS,Abrilada Crohn’s Disease (adult),ABRILADA (Bio of HUMIRA)
Immunomodulator Agents: Systemic Inflammatory Disease: TNF INHIBITORS,Abrilada Hidradenitis Suppurativa,ABRILADA (Bio of HUMIRA)
Immunomodulator Agents: Systemic Inflammatory Disease: TNF INHIBITORS,Abrilada Plaque Psoriasis (adult),ABRILADA (Bio of HUMIRA)
Immunomodulator Agents: Systemic Inflammatory Disease: TNF INHIBITORS,Abrilada Polyarticular Juvenile Idiopathic Arthritis (PJIA),ABRILADA (Bio of HUMIRA)
Immunomodulator Agents: Systemic Inflammatory Disease: TNF INHIBITORS,Abrilada Psoriatic Arthritis (adult),ABRILADA (Bio of HUMIRA)
Immunomodulator Agents: Systemic Inflammatory Disease: TNF INHIBITORS,Abrilada Rheumatoid Arthritis,ABRILADA (Bio of HUMIRA)
Immunomodulator Agents: Systemic Inflammatory Disease: TNF INHIBITORS,Abrilada Ulcerative Colitis (adult),ABRILADA (Bio of HUMIRA)
Immunomodulator Agents: Systemic Inflammatory Disease: TNF INHIBITORS,Abrilada Uveitis (adult),ABRILADA (Bio of HUMIRA)
Dermatologic Agents: Oral Acne Products: ,Absorica LD capsule,ABSORICA LD
Immunomodulator Agents: Systemic Inflammatory Disease: INTERLEUKIN ANTAGONISTS,"Actemra ACTPen, Giant Cell Arteritis",ACTEMRA
Immunomodulator Agents: Systemic Inflammatory Disease: INTERLEUKIN ANTAGONISTS,"Actemra ACTPen, Polyarticular Juvenile Idiopathic Arthritis (PJIA)",ACTEMRA
Immunomodulator Agents: Systemic Inflammatory Disease: INTERLEUKIN ANTAGONISTS,"Actemra ACTPen, Rheumatoid Arthritis",ACTEMRA
Immunomodulator Agents: Systemic Inflammatory Disease: INTERLEUKIN ANTAGONISTS,"Actemra ACTPen, Systemic Sclerosis-Associated Interstitial Lung Disease (SSc-ILD)",ACTEMRA
Immunomodulator Agents: Systemic Inflammatory Disease: INTERLEUKIN ANTAGONISTS,"Actemra ACTPen, Systemic-Onset Juvenile Idiopathic Arthritis (SJIA)",ACTEMRA
Immunomodulator Agents: Systemic Inflammatory Disease: INTERLEUKIN ANTAGONISTS,"Actemra prefilled syringe, Rheumatoid Arthritis",ACTEMRA
Immunomodulator Agents: Systemic Inflammatory Disease: INTERLEUKIN ANTAGONISTS,"Actemra prefilled syringe, Systemic Sclerosis-Associated Interstitial Lung Disease (SSc-ILD)",ACTEMRA
Immunomodulator Agents: Systemic Inflammatory Disease: INTERLEUKIN ANTAGONISTS,"Actemra prefilled syringe, Systemic-Onset Juvenile Idiopathic Arthritis (SJIA)",ACTEMRA
Immunomodulator Agents: Systemic Inflammatory Disease: TNF INHIBITORS,Adalimumab-adaz Ankylosing Spondylitis,adalimumab-adaz  (gen of HYRIMOZ)
Immunomodulator Agents: Systemic Inflammatory Disease: TNF INHIBITORS,Adalimumab-adaz Crohn’s Disease (adult),adalimumab-adaz  (gen of HYRIMOZ)
Immunomodulator Agents: Systemic Inflammatory Disease: TNF INHIBITORS,Adalimumab-adaz Crohn’s Disease (pediatric),adalimumab-adaz  (gen of HYRIMOZ)
Immunomodulator Agents: Systemic Inflammatory Disease: TNF INHIBITORS,Adalimumab-adaz Hidradenitis Suppurativa,adalimumab-adaz  (gen of HYRIMOZ)
Immunomodulator Agents: Systemic Inflammatory Disease: TNF INHIBITORS,Adalimumab-adaz Plaque Psoriasis (adult),adalimumab-adaz  (gen of HYRIMOZ)
Immunomodulator Agents: Systemic Inflammatory Disease: TNF INHIBITORS,Adalimumab-adaz Polyarticular Juvenile Idiopathic Arthritis (PJIA),adalimumab-adaz  (gen of HYRIMOZ)
Immunomodulator Agents: Systemic Inflammatory Disease: TNF INHIBITORS,Adalimumab-adaz Psoriatic Arthritis (adult),adalimumab-adaz  (gen of HYRIMOZ)
Immunomodulator Agents: Systemic Inflammatory Disease: TNF INHIBITORS,Adalimumab-adaz Rheumatoid Arthritis,adalimumab-adaz  (gen of HYRIMOZ)
Immunomodulator Agents: Systemic Inflammatory Disease: TNF INHIBITORS,Adalimumab-adaz Ulcerative Colitis (adult),adalimumab-adaz  (gen of HYRIMOZ)
Immunomodulator Agents: Systemic Inflammatory Disease: TNF INHIBITORS,Adalimumab-adaz Uveitis (adult),adalimumab-adaz  (gen of HYRIMOZ)
Immunomodulator Agents: Systemic Inflammatory Disease: TNF INHIBITORS,Adalimumab-adbm Ankylosing Spondylitis,adalimumab-adbm (gen of CYLTEZO)
Immunomodulator Agents: Systemic Inflammatory Disease: TNF INHIBITORS,Adalimumab-adbm Crohn’s Disease (adult),adalimumab-adbm (gen of CYLTEZO)
Immunomodulator Agents: Systemic Inflammatory Disease: TNF INHIBITORS,Adalimumab-adbm Crohn’s Disease (pediatric),adalimumab-adbm (gen of CYLTEZO)
Immunomodulator Agents: Systemic Inflammatory Disease: TNF INHIBITORS,Adalimumab-adbm Hidradenitis Suppurativa,adalimumab-adbm (gen of CYLTEZO)
Immunomodulator Agents: Systemic Inflammatory Disease: TNF INHIBITORS,Adalimumab-adbm Plaque Psoriasis (adult),adalimumab-adbm (gen of CYLTEZO)
Immunomodulator Agents: Systemic Inflammatory Disease: TNF INHIBITORS,Adalimumab-adbm Polyarticular Juvenile Idiopathic Arthritis (PJIA),adalimumab-adbm (gen of CYLTEZO)
Immunomodulator Agents: Systemic Inflammatory Disease: TNF INHIBITORS,Adalimumab-adbm Psoriatic Arthritis (adult),adalimumab-adbm (gen of CYLTEZO)
Immunomodulator Agents: Systemic Inflammatory Disease: TNF INHIBITORS,Adalimumab-adbm Rheumatoid Arthritis,adalimumab-adbm (gen of CYLTEZO)
Immunomodulator Agents: Systemic Inflammatory Disease: TNF INHIBITORS,Adalimumab-adbm Ulcerative Colitis (adult),adalimumab-adbm (gen of CYLTEZO)
Immunomodulator Agents: Systemic Inflammatory Disease: TNF INHIBITORS,Adalimumab-adbm Uveitis (adult),adalimumab-adbm (gen of CYLTEZO)
Immunomodulator Agents: Systemic Inflammatory Disease: TNF INHIBITORS,Adalimumab-fkjp Ankylosing Spondylitis,adalimumab-fkjp  (gen of HULIO)
Immunomodulator Agents: Systemic Inflammatory Disease: TNF INHIBITORS,Adalimumab-fkjp Crohn’s Disease (adult),adalimumab-fkjp  (gen of HULIO)
Immunomodulator Agents: Systemic Inflammatory Disease: TNF INHIBITORS,Adalimumab-fkjp Crohn’s Disease (pediatric),adalimumab-fkjp  (gen of HULIO)
Immunomodulator Agents: Systemic Inflammatory Disease: TNF INHIBITORS,Adalimumab-fkjp Hidradenitis Suppurativa,adalimumab-fkjp  (gen of HULIO)
Immunomodulator Agents: Systemic Inflammatory Disease: TNF INHIBITORS,Adalimumab-fkjp Plaque Psoriasis (adult),adalimumab-fkjp  (gen of HULIO)
Immunomodulator Agents: Systemic Inflammatory Disease: TNF INHIBITORS,Adalimumab-fkjp Polyarticular Juvenile Idiopathic Arthritis (PJIA),adalimumab-fkjp  (gen of HULIO)
Immunomodulator Agents: Systemic Inflammatory Disease: TNF INHIBITORS,Adalimumab-fkjp Psoriatic Arthritis (adult),adalimumab-fkjp  (gen of HULIO)
Immunomodulator Agents: Systemic Inflammatory Disease: TNF INHIBITORS,Adalimumab-fkjp Rheumatoid Arthritis,adalimumab-fkjp  (gen of HULIO)
Immunomodulator Agents: Systemic Inflammatory Disease: TNF INHIBITORS,Adalimumab-fkjp Ulcerative Colitis (adult),adalimumab-fkjp  (gen of HULIO)
Immunomodulator Agents: Systemic Inflammatory Disease: TNF INHIBITORS,Adalimumab-fkjp Uveitis (adult),adalimumab-fkjp  (gen of HULIO)
Immunomodulator Agents: Systemic Inflammatory Disease: INTERLEUKIN ANTAGONISTS,Adbry Atopic Dermatitis (adult),ADBRY
Immunomodulator Agents: Systemic Inflammatory Disease: INTERLEUKIN ANTAGONISTS,Adbry Atopic Dermatitis (pediatric),ADBRY
Cardiovascular Agents: Pulmonary Arterial Hypertension* LEGACY CATEGORY: OTHER,Adempas,ADEMPAS
Endocrine Agents: Diabetes – Insulin: RAPID-ACTING,Admelog,ADMELOG
Endocrine Agents: Diabetes – Insulin: RAPID-ACTING,Admelog SoloStar,ADMELOG
Respiratory Agents: Inhaled Agents: BRONCHODILATOR/GLUCOCORTICOID COMBINATIONS,Advair Diskus,ADVAIR DISKUS
Respiratory Agents: Inhaled Agents: BRONCHODILATOR/GLUCOCORTICOID COMBINATIONS,Advair HFA,ADVAIR HFA
"Blood Formation, Coagulation, and Thrombosis Agents: Hemophilia A, von Willebrand Disease, and Factor XIII Deficiency* LEGACY CATEGORY: ",Advate,ADVATE
"Blood Formation, Coagulation, and Thrombosis Agents: Hemophilia A, von Willebrand Disease, and Factor XIII Deficiency* LEGACY CATEGORY: ",Adynovate,ADYNOVATE
"Blood Formation, Coagulation, and Thrombosis Agents: Hemophilia A, von Willebrand Disease, and Factor XIII Deficiency* LEGACY CATEGORY: ",Afstyla,AFSTYLA
"Central Nervous System (CNS) Agents: Anti-Migraine Agents, Prophylaxis: ",Aimovig,AIMOVIG
Respiratory Agents: Inhaled Agents: BRONCHODILATOR/GLUCOCORTICOID COMBINATIONS,Airduo Digihaler,AIRDUO DIGIHALER
Respiratory Agents: Inhaled Agents: BRONCHODILATOR/GLUCOCORTICOID COMBINATIONS,Airsupra HFA,AIRSUPRA
"Central Nervous System (CNS) Agents: Anti-Migraine Agents, Prophylaxis: ",Ajovy,AJOVY
Respiratory Agents: Inhaled Agents: ADRENERGIC BRONCHODILATORS,Albuterol HFA generic PROAIR,albuterol HFA
"Central Nervous System (CNS) Agents: Anti-Migraine Agents, Acute: TRIPTANS/COMBINATIONS",Almotriptan,almotriptan
"Blood Formation, Coagulation, and Thrombosis Agents: Hemophilia B* LEGACY CATEGORY: ",Alprolix,ALPROLIX
"Blood Formation, Coagulation, and Thrombosis Agents: Hemophilia A, von Willebrand Disease, and Factor XIII Deficiency* LEGACY CATEGORY: ",Altuviiio,ALTUVIIIO
Cardiovascular Agents: Pulmonary Arterial Hypertension* LEGACY CATEGORY: ENDOTHELIN RECEPTOR ANTAGONISTS,Ambrisentan,ambrisentan
Respiratory Agents: Inhaled Agents: ANTICHOLINERGIC BRONCHODILATORS/COMBINATIONS,Anoro Ellipta,ANORO ELLIPTA
Endocrine Agents: Diabetes – Insulin: RAPID-ACTING,Apidra,APIDRA
Endocrine Agents: Diabetes – Insulin: RAPID-ACTING,Apidra SoloStar,APIDRA
Central Nervous System (CNS) Agents: Antidepressants* LEGACY CATEGORY: NDRIs,Aplenzin,APLENZIN
Central Nervous System (CNS) Agents: Anticonvulsants* LEGACY CATEGORY: ,Aptiom,APTIOM
Infectious Disease Agents: Antivirals – HIV* LEGACY CATEGORY: PROTEASE INHIBITORS,Aptivus,APTIVUS
"Blood Formation, Coagulation, and Thrombosis Agents: Hematopoietic Agents: ",Aranesp,ARANESP
Infectious Disease Agents: Antibiotics – Inhaled: ,Arikayce,ARIKAYCE
Central Nervous System (CNS) Agents: Atypical Antipsychotics* LEGACY CATEGORY: ,Aripiprazole ODT,"aripiprazole ODT, soln"
Central Nervous System (CNS) Agents: Atypical Antipsychotics* LEGACY CATEGORY: ,Aripiprazole oral solution,"aripiprazole ODT, soln"
Central Nervous System (CNS) Agents: Atypical Antipsychotics* LEGACY CATEGORY: ,Aripiprazole tablet,aripiprazole
Central Nervous System (CNS) Agents: Atypical Antipsychotics* LEGACY CATEGORY: ,Aristada,ARISTADA
Central Nervous System (CNS) Agents: Atypical Antipsychotics* LEGACY CATEGORY: ,Aristada Initio,ARISTADA INITIO
Central Nervous System (CNS) Agents: Atypical Antipsychotics* LEGACY CATEGORY: ,Asenapine,asenapine
"Blood Formation, Coagulation, and Thrombosis Agents: Oral Antiplatelet: ",Aspirin / Dipyridamole,aspirin/dipyridamole ER
Genitourinary Agents: Electrolyte Depleter Agents: IRON BASED,Auryxia,AURYXIA
Central Nervous System (CNS) Agents: Movement Disorders: ,Austedo,"AUSTEDO IR, XR"
Central Nervous System (CNS) Agents: Movement Disorders: ,Austedo XR,"AUSTEDO IR, XR"
Central Nervous System (CNS) Agents: Movement Disorders: ,Austedo XR titration pack,"AUSTEDO IR, XR"
Central Nervous System (CNS) Agents: Antidepressants* LEGACY CATEGORY: OTHER,Auvelity,AUVELITY
Respiratory Agents: Epinephrine Auto-Injectors: ,Auvi-Q 0.1 mg,AUVI-Q
Respiratory Agents: Epinephrine Auto-Injectors: ,Auvi-Q 0.15 mg,AUVI-Q
Respiratory Agents: Epinephrine Auto-Injectors: ,Auvi-Q 0.3 mg,AUVI-Q
Central Nervous System (CNS) Agents: Multiple Sclerosis* LEGACY CATEGORY: ,Avonex auto-injector,AVONEX
Central Nervous System (CNS) Agents: Multiple Sclerosis* LEGACY CATEGORY: ,Avonex prefilled syringe,AVONEX
Central Nervous System (CNS) Agents: Attention Deficit Hyperactivity Disorder Agents: STIMULANTS,Azstarys,AZSTARYS
"Central Nervous System (CNS) Agents: Skeletal Muscle Relaxants, Non-Benzodiazepine: ",Baclofen oral solution,baclofen soln
"Central Nervous System (CNS) Agents: Skeletal Muscle Relaxants, Non-Benzodiazepine: ",Baclofen oral suspension,"baclofen susp , tab"
"Central Nervous System (CNS) Agents: Skeletal Muscle Relaxants, Non-Benzodiazepine: ",Baclofen tablet,"baclofen susp , tab"
Central Nervous System (CNS) Agents: Multiple Sclerosis* LEGACY CATEGORY: ,Bafiertam,BAFIERTAM
Central Nervous System (CNS) Agents: Anticonvulsants* LEGACY CATEGORY: ,Banzel tablet,BANZEL TAB
Endocrine Agents: Diabetes – Insulin: LONG-ACTING,Basaglar Kwikpen,BASAGLAR
"Cardiovascular Agents: Angina, Hypertension and Heart Failure: ACE INHIBITORS/DIURETICS/COMBINATIONS",Benazepril,benazepril
"Blood Formation, Coagulation, and Thrombosis Agents: Hemophilia B* LEGACY CATEGORY: ",Benefix,BENEFIX
Respiratory Agents: Inhaled Agents: ANTICHOLINERGIC BRONCHODILATORS/COMBINATIONS,Bevespi Aerosphere,BEVESPI AEROSPHERE
Immunomodulator Agents: Systemic Inflammatory Disease: INTERLEUKIN ANTAGONISTS,Bimzelx Ankylosing Spondylitis,BIMZELX
Immunomodulator Agents: Systemic Inflammatory Disease: INTERLEUKIN ANTAGONISTS,Bimzelx Non-Radiographic Axial Spondyloarthritis,BIMZELX
Immunomodulator Agents: Systemic Inflammatory Disease: INTERLEUKIN ANTAGONISTS,Bimzelx Plaque Psoriasis (adult),BIMZELX
Immunomodulator Agents: Systemic Inflammatory Disease: INTERLEUKIN ANTAGONISTS,Bimzelx Psoriatic Arthritis (adult),BIMZELX
Cardiovascular Agents: Pulmonary Arterial Hypertension* LEGACY CATEGORY: ENDOTHELIN RECEPTOR ANTAGONISTS,Bosentan,bosentan
Respiratory Agents: Inhaled Agents: BRONCHODILATOR/GLUCOCORTICOID COMBINATIONS,Breo Ellipta,BREO ELLIPTA
Respiratory Agents: Inhaled Agents: BRONCHODILATOR/GLUCOCORTICOID COMBINATIONS,Breyna,BREYNA
Respiratory Agents: Inhaled Agents: BRONCHODILATOR/GLUCOCORTICOID COMBINATIONS,Breztri Aerosphere,BREZTRI AEROSPHERE
"Blood Formation, Coagulation, and Thrombosis Agents: Oral Antiplatelet: ",Brilinta,BRILINTA
Central Nervous System (CNS) Agents: Anticonvulsants* LEGACY CATEGORY: ,Briviact oral solution,"BRIVIACT SOLN , TAB"
Central Nervous System (CNS) Agents: Anticonvulsants* LEGACY CATEGORY: ,Briviact tablet,"BRIVIACT SOLN , TAB"
Respiratory Agents: Inhaled Agents: BRONCHODILATOR/GLUCOCORTICOID COMBINATIONS,Budesonide / Formoterol authorized generic Symbicort,budesonide/formoterol
Endocrine Agents: Diabetes – Non-Insulin: GLP-1 RECEPTOR AGONISTS/COMBINATIONS,Bydureon Bcise,BYDUREON BCISE
Endocrine Agents: Diabetes – Non-Insulin: GLP-1 RECEPTOR AGONISTS/COMBINATIONS,Byetta,BYETTA
"Cardiovascular Agents: Angina, Hypertension and Heart Failure: ARBs/DIURETICS/COMBINATIONS",Candesartan,candesartan
Central Nervous System (CNS) Agents: Antidepressants* LEGACY CATEGORY: OTHER,Caplyta,CAPLYTA
"Cardiovascular Agents: Angina, Hypertension and Heart Failure: ACE INHIBITORS/DIURETICS/COMBINATIONS",Captopril,captopril
Infectious Disease Agents: Antibiotics – Inhaled: ,Cayston,CAYSTON
Ophthalmic Agents: Dry Eye Treatments: ,Cequa,CEQUA
Immunomodulator Agents: Systemic Inflammatory Disease: JAK INHIBITORS,Cibinqo Atopic Dermatitis (adult),CIBINQO
Immunomodulator Agents: Systemic Inflammatory Disease: TNF INHIBITORS,Cimzia Ankylosing Spondylitis,CIMZIA
Immunomodulator Agents: Systemic Inflammatory Disease: TNF INHIBITORS,Cimzia Crohn’s Disease (adult),CIMZIA
Immunomodulator Agents: Systemic Inflammatory Disease: TNF INHIBITORS,Cimzia Non-Radiographic Axial Spondyloarthritis,CIMZIA
Immunomodulator Agents: Systemic Inflammatory Disease: TNF INHIBITORS,Cimzia Plaque Psoriasis (adult),CIMZIA
Immunomodulator Agents: Systemic Inflammatory Disease: TNF INHIBITORS,Cimzia Psoriatic Arthritis (adult),CIMZIA
Immunomodulator Agents: Systemic Inflammatory Disease: TNF INHIBITORS,Cimzia Rheumatoid Arthritis,CIMZIA
Respiratory Agents: Monoclonal Antibodies-Anti-IL/Anti-IgE: ,Cinqair Asthma (adult),CINQAIR
Central Nervous System (CNS) Agents: Anticonvulsants* LEGACY CATEGORY: ,Clobazam oral suspension,clobazam
Central Nervous System (CNS) Agents: Anticonvulsants* LEGACY CATEGORY: ,Clobazam tablet,clobazam
Central Nervous System (CNS) Agents: Atypical Antipsychotics* LEGACY CATEGORY: ,Clozapine ODT,clozapine ODT
Central Nervous System (CNS) Agents: Atypical Antipsychotics* LEGACY CATEGORY: ,Clozapine tablet,clozapine
Central Nervous System (CNS) Agents: Atypical Antipsychotics* LEGACY CATEGORY: ,Cobenfy capsule,COBENFY
Ophthalmic Agents: Glaucoma Agents: OTHER,Combigan,COMBIGAN
Respiratory Agents: Inhaled Agents: ANTICHOLINERGIC BRONCHODILATORS/COMBINATIONS,Combivent Respimat inhalation aerosol solution,COMBIVENT RESPIMAT
Central Nervous System (CNS) Agents: Attention Deficit Hyperactivity Disorder Agents: STIMULANTS,Concerta ER,CONCERTA
Central Nervous System (CNS) Agents: Multiple Sclerosis* LEGACY CATEGORY: ,Copaxone 20 mg,COPAXONE
Central Nervous System (CNS) Agents: Multiple Sclerosis* LEGACY CATEGORY: ,Copaxone 40 mg,COPAXONE
Immunomodulator Agents: Systemic Inflammatory Disease: INTERLEUKIN ANTAGONISTS,Cosentyx Ankylosing Spondylitis,COSENTYX
Immunomodulator Agents: Systemic Inflammatory Disease: INTERLEUKIN ANTAGONISTS,Cosentyx Enthesitis-Related Arthritis (pediatric),COSENTYX
Immunomodulator Agents: Systemic Inflammatory Disease: INTERLEUKIN ANTAGONISTS,Cosentyx Hidradenitis Suppurativa,COSENTYX
Immunomodulator Agents: Systemic Inflammatory Disease: INTERLEUKIN ANTAGONISTS,Cosentyx Non-Radiographic Axial Spondyloarthritis,COSENTYX
Immunomodulator Agents: Systemic Inflammatory Disease: INTERLEUKIN ANTAGONISTS,Cosentyx Plaque Psoriasis (adult),COSENTYX
Immunomodulator Agents: Systemic Inflammatory Disease: INTERLEUKIN ANTAGONISTS,Cosentyx Plaque Psoriasis (pediatric),COSENTYX
Immunomodulator Agents: Systemic Inflammatory Disease: INTERLEUKIN ANTAGONISTS,Cosentyx Psoriatic Arthritis (adult),COSENTYX
Immunomodulator Agents: Systemic Inflammatory Disease: INTERLEUKIN ANTAGONISTS,Cosentyx Psoriatic Arthritis (pediatric),COSENTYX
Gastrointestinal Agents: Pancreatic Enzymes: ,Creon,CREON
Ophthalmic Agents: Dry Eye Treatments: ,Cyclosporine ophthalmic emulsion,cyclosporine
Endocrine Agents: Diabetes – Non-Insulin: SGLT2 INHIBITORS/COMBINATIONS,Dapagliflozin,dapagliflozin
Central Nervous System (CNS) Agents: Anticonvulsants* LEGACY CATEGORY: ,Diacomit capsule,DIACOMIT
Central Nervous System (CNS) Agents: Anticonvulsants* LEGACY CATEGORY: ,Diacomit packet for oral suspension,DIACOMIT
Central Nervous System (CNS) Agents: Multiple Sclerosis* LEGACY CATEGORY: ,Dimethyl Fumarate,dimethyl fumarate
Central Nervous System (CNS) Agents: Alzheimer’s Agents* LEGACY CATEGORY: ,Donepezil ODT,donepezil
Respiratory Agents: Inhaled Agents: ANTICHOLINERGIC BRONCHODILATORS/COMBINATIONS,Duaklir Pressair,DUAKLIR PRESSAIR
Endocrine Agents: Estrogenic Agents: ORAL,Duavee tablet,DUAVEE
Respiratory Agents: Inhaled Agents: BRONCHODILATOR/GLUCOCORTICOID COMBINATIONS,Dulera,DULERA
Central Nervous System (CNS) Agents: Antidepressants* LEGACY CATEGORY: SNRIs,"Duloxetine 20 mg, Major Depressive Disorder / Generalized Anxiety Disorder","duloxetine 20, 30, 60mg"
Central Nervous System (CNS) Agents: Antidepressants* LEGACY CATEGORY: SNRIs,"Duloxetine 30 mg, Major Depressive Disorder / Generalized Anxiety Disorder","duloxetine 20, 30, 60mg"
Central Nervous System (CNS) Agents: Antidepressants* LEGACY CATEGORY: SNRIs,"Duloxetine 40 mg, Major Depressive Disorder / Generalized Anxiety Disorder",duloxetine 40mg
Central Nervous System (CNS) Agents: Antidepressants* LEGACY CATEGORY: SNRIs,"Duloxetine 60 mg, Major Depressive Disorder / Generalized Anxiety Disorder","duloxetine 20, 30, 60mg"
Central Nervous System (CNS) Agents: Antidepressants* LEGACY CATEGORY: SNRIs,Duloxetine Neuropathic Pain,"duloxetine 20, 30, 60mg"
Immunomodulator Agents: Systemic Inflammatory Disease: INTERLEUKIN ANTAGONISTS,Dupixent Atopic Dermatitis (adult),DUPIXENT
Immunomodulator Agents: Systemic Inflammatory Disease: INTERLEUKIN ANTAGONISTS,Dupixent Atopic Dermatitis (pediatric),DUPIXENT
Immunomodulator Agents: Systemic Inflammatory Disease: INTERLEUKIN ANTAGONISTS,Dupixent Chronic Rhinosinusitis with Nasal Polyposis,DUPIXENT
Immunomodulator Agents: Systemic Inflammatory Disease: INTERLEUKIN ANTAGONISTS,Dupixent Eosinophilic Esophagitis,DUPIXENT
Immunomodulator Agents: Systemic Inflammatory Disease: INTERLEUKIN ANTAGONISTS,Dupixent Prurigo Nodularis,DUPIXENT
Central Nervous System (CNS) Agents: Attention Deficit Hyperactivity Disorder Agents: STIMULANTS,Dyanavel XR,DYANAVEL XR
Immunomodulator Agents: Systemic Inflammatory Disease: INTERLEUKIN ANTAGONISTS,Ebglyss Atopic Dermatitis (adult),EBGLYSS
Immunomodulator Agents: Systemic Inflammatory Disease: INTERLEUKIN ANTAGONISTS,Ebglyss Atopic Dermatitis (pediatric),EBGLYSS
"Cardiovascular Agents: Angina, Hypertension and Heart Failure: ARBs/DIURETICS/COMBINATIONS",Edarbi,EDARBI
"Cardiovascular Agents: Angina, Hypertension and Heart Failure: ARBs/DIURETICS/COMBINATIONS",Edarbyclor,EDARBYCLOR
Infectious Disease Agents: Antivirals – HIV* LEGACY CATEGORY: NON-NUCLEOSIDE REVERSE TRANSCRIPTASE INHIBITORS,Edurant,EDURANT
"Blood Formation, Coagulation, and Thrombosis Agents: Oral Anticoagulants: ",Eliquis,ELIQUIS
"Blood Formation, Coagulation, and Thrombosis Agents: Hemophilia A, von Willebrand Disease, and Factor XIII Deficiency* LEGACY CATEGORY: ",Eloctate,ELOCTATE
"Central Nervous System (CNS) Agents: Anti-Migraine Agents, Cluster Headache: ",Emgality 100 mg,EMGALITY 100mg/ml
"Central Nervous System (CNS) Agents: Anti-Migraine Agents, Prophylaxis: ",Emgality 120 mg,EMGALITY 120mg/ml
"Cardiovascular Agents: Angina, Hypertension and Heart Failure: ACE INHIBITORS/DIURETICS/COMBINATIONS",Enalapril,"enalapril soln, tab"
Immunomodulator Agents: Systemic Inflammatory Disease: TNF INHIBITORS,Enbrel Ankylosing Spondylitis,ENBREL
Immunomodulator Agents: Systemic Inflammatory Disease: TNF INHIBITORS,Enbrel Plaque Psoriasis (adult),ENBREL
Immunomodulator Agents: Systemic Inflammatory Disease: TNF INHIBITORS,Enbrel Plaque Psoriasis (pediatric),ENBREL
Immunomodulator Agents: Systemic Inflammatory Disease: TNF INHIBITORS,Enbrel Polyarticular Juvenile Idiopathic Arthritis (PJIA),ENBREL
Immunomodulator Agents: Systemic Inflammatory Disease: TNF INHIBITORS,Enbrel Psoriatic Arthritis (adult),ENBREL
Immunomodulator Agents: Systemic Inflammatory Disease: TNF INHIBITORS,Enbrel Rheumatoid Arthritis,ENBREL
Infectious Disease Agents: Antivirals – HIV* LEGACY CATEGORY: NUCLEOSIDE REVERSE TRANSCRIPTASE INHIBITORS,Entecavir,entecavir
Central Nervous System (CNS) Agents: Anticonvulsants* LEGACY CATEGORY: ,Epidiolex,EPIDIOLEX
Respiratory Agents: Epinephrine Auto-Injectors: ,Epinephrine (Generic Adrenaclick) 0.15mg,epinephrine (labeler 49502)
Respiratory Agents: Epinephrine Auto-Injectors: ,Epinephrine (Generic Adrenaclick) 0.3mg,epinephrine (labeler 49502)
Respiratory Agents: Epinephrine Auto-Injectors: ,Epinephrine (Mylan Ag Epipen And Jr) 0.15mg Mylan's EpiPen Jr AG,epinephrine (labeler 49502)
Respiratory Agents: Epinephrine Auto-Injectors: ,Epinephrine (Mylan Ag Epipen And Jr) 0.3mg Mylan's EpiPen AG,epinephrine (labeler 49502)
Respiratory Agents: Epinephrine Auto-Injectors: ,Epipen,EPIPEN
Respiratory Agents: Epinephrine Auto-Injectors: ,Epipen Jr.,EPIPEN JR
"Blood Formation, Coagulation, and Thrombosis Agents: Hematopoietic Agents: ",Epogen,EPOGEN
Central Nervous System (CNS) Agents: Anticonvulsants* LEGACY CATEGORY: ,Eprontia,EPRONTIA
Gastrointestinal Agents: Proton Pump Inhibitors: ,Esomeprazole,esomeprazole
Gastrointestinal Agents: Proton Pump Inhibitors: ,Esomeprazole Packet,esomeprazole granules
"Blood Formation, Coagulation, and Thrombosis Agents: Hemophilia A, von Willebrand Disease, and Factor XIII Deficiency* LEGACY CATEGORY: ",Esperoct,ESPEROCT
Topical Agents: Immunomodulators: ,Eucrisa,EUCRISA
Endocrine Agents: Osteoporosis – Bone Ossification Enhancers: OTHER BONE RESORPTION SUPPRESSION AND RELATED AGENTS,Evenity,EVENITY
Infectious Disease Agents: Antivirals – HIV* LEGACY CATEGORY: PROTEASE INHIBITORS,Evotaz,EVOTAZ
Ophthalmic Agents: Dry Eye Treatments: ,Eysuvis ophthalmic suspension,EYSUVIS
Central Nervous System (CNS) Agents: Atypical Antipsychotics* LEGACY CATEGORY: ,Fanapt,FANAPT
Endocrine Agents: Diabetes – Non-Insulin: SGLT2 INHIBITORS/COMBINATIONS,Farxiga,FARXIGA
Respiratory Agents: Monoclonal Antibodies-Anti-IL/Anti-IgE: ,Fasenra Eosinophilic Granulomatosis with Polyangitis (EGPA),FASENRA
Central Nervous System (CNS) Agents: Antidepressants* LEGACY CATEGORY: SNRIs,Fetzima,FETZIMA
Endocrine Agents: Diabetes – Insulin: RAPID-ACTING,Fiasp,FIASP
Endocrine Agents: Diabetes – Insulin: RAPID-ACTING,Fiasp FlexTouch,FIASP
Central Nervous System (CNS) Agents: Multiple Sclerosis* LEGACY CATEGORY: ,Fingolimod capsule,fingolimod
Central Nervous System (CNS) Agents: Anticonvulsants* LEGACY CATEGORY: ,Fintepla,FINTEPLA
Ophthalmic Agents: Ophthalmic Steroids: ,Flarex ophthalmic suspension,FLAREX
"Central Nervous System (CNS) Agents: Skeletal Muscle Relaxants, Non-Benzodiazepine: ",Fleqsuvy,FLEQSUVY
Respiratory Agents: Inhaled Agents: BRONCHODILATOR/GLUCOCORTICOID COMBINATIONS,Fluticasone / Salmeterol generic Advair Diskus,fluticasone/salmeterol
Respiratory Agents: Inhaled Agents: BRONCHODILATOR/GLUCOCORTICOID COMBINATIONS,Fluticasone / Salmeterol generic Advair HFA,fluticasone/salmeterol
Endocrine Agents: Osteoporosis – Bone Ossification Enhancers: OTHER BONE RESORPTION SUPPRESSION AND RELATED AGENTS,Forteo,FORTEO
"Cardiovascular Agents: Angina, Hypertension and Heart Failure: ACE INHIBITORS/DIURETICS/COMBINATIONS",Fosinopril,fosinopril
"Blood Formation, Coagulation, and Thrombosis Agents: Colony Stimulating Factors: ",Fulphila,FULPHILA
Infectious Disease Agents: Antivirals – HIV* LEGACY CATEGORY: OTHER SINGLE INGREDIENT PRODUCTS,Fuzeon,FUZEON
"Blood Formation, Coagulation, and Thrombosis Agents: Colony Stimulating Factors: ",Fylnetra,FYLNETRA
Central Nervous System (CNS) Agents: Alzheimer’s Agents* LEGACY CATEGORY: ,Galantamine ER,"galantamine IR tab, ER cap"
Central Nervous System (CNS) Agents: Alzheimer’s Agents* LEGACY CATEGORY: ,Galantamine oral solution,galantamine soln
Central Nervous System (CNS) Agents: Alzheimer’s Agents* LEGACY CATEGORY: ,Galantamine tablet,"galantamine IR tab, ER cap"
Gastrointestinal Agents: Unspecified GI: ,Gattex vial,GATTEX
Endocrine Agents: Growth Hormone: DAILY-DOSING,Genotropin,GENOTROPIN
Central Nervous System (CNS) Agents: Atypical Antipsychotics* LEGACY CATEGORY: ,Geodon,GEODON
Central Nervous System (CNS) Agents: Multiple Sclerosis* LEGACY CATEGORY: ,Gilenya capsule,GILENYA
Central Nervous System (CNS) Agents: Multiple Sclerosis* LEGACY CATEGORY: ,Glatiramer Acetate prefilled syringe,glatiramer
Central Nervous System (CNS) Agents: Multiple Sclerosis* LEGACY CATEGORY: ,Glatopa (Glatiramer Acetate) prefilled syringe,glatopa
Endocrine Agents: Diabetes – Non-Insulin: SGLT2 INHIBITORS/COMBINATIONS,Glyxambi,GLYXAMBI
Central Nervous System (CNS) Agents: Neuropathic Pain: GAPAPENTINOIDS,Gralise,GRALISE
"Blood Formation, Coagulation, and Thrombosis Agents: Colony Stimulating Factors: ",Granix,GRANIX
Immunomodulator Agents: Systemic Inflammatory Disease: TNF INHIBITORS,Hadlima Ankylosing Spondylitis,HADLIMA (Bio of HUMIRA)
Immunomodulator Agents: Systemic Inflammatory Disease: TNF INHIBITORS,Hadlima Crohn’s Disease (adult),HADLIMA (Bio of HUMIRA)
Immunomodulator Agents: Systemic Inflammatory Disease: TNF INHIBITORS,Hadlima Crohn’s Disease (pediatric),HADLIMA (Bio of HUMIRA)
Immunomodulator Agents: Systemic Inflammatory Disease: TNF INHIBITORS,Hadlima Hidradenitis Suppurativa,HADLIMA (Bio of HUMIRA)
Immunomodulator Agents: Systemic Inflammatory Disease: TNF INHIBITORS,Hadlima Plaque Psoriasis (adult),HADLIMA (Bio of HUMIRA)
Immunomodulator Agents: Systemic Inflammatory Disease: TNF INHIBITORS,Hadlima Polyarticular Juvenile Idiopathic Arthritis (PJIA),HADLIMA (Bio of HUMIRA)
Immunomodulator Agents: Systemic Inflammatory Disease: TNF INHIBITORS,Hadlima Psoriatic Arthritis (adult),HADLIMA (Bio of HUMIRA)
Immunomodulator Agents: Systemic Inflammatory Disease: TNF INHIBITORS,Hadlima Rheumatoid Arthritis,HADLIMA (Bio of HUMIRA)
Immunomodulator Agents: Systemic Inflammatory Disease: TNF INHIBITORS,Hadlima Ulcerative Colitis (adult),HADLIMA (Bio of HUMIRA)
Immunomodulator Agents: Systemic Inflammatory Disease: TNF INHIBITORS,Hadlima Uveitis (adult),HADLIMA (Bio of HUMIRA)
Infectious Disease Agents: Antivirals – Hepatitis C Agents: ,Harvoni,HARVONI
"Blood Formation, Coagulation, and Thrombosis Agents: Hemophilia A, von Willebrand Disease, and Factor XIII Deficiency* LEGACY CATEGORY: ",Hemlibra,HEMLIBRA
Central Nervous System (CNS) Agents: Neuropathic Pain: GAPAPENTINOIDS,Horizant Postherpetic Neuralgia (PHN),HORIZANT
Central Nervous System (CNS) Agents: Neuropathic Pain: GAPAPENTINOIDS,Horizant Restless Legs Syndrome (RLS),HORIZANT
Endocrine Agents: Diabetes – Insulin: RAPID-ACTING,"Humalog KwikPen, U-100","HUMALOG U-100 KWIKPEN, VIAL"
Endocrine Agents: Diabetes – Insulin: RAPID-ACTING,Humalog vial,"HUMALOG U-100 KWIKPEN, VIAL"
Endocrine Agents: Growth Hormone: DAILY-DOSING,Humatrope,HUMATROPE
Immunomodulator Agents: Systemic Inflammatory Disease: TNF INHIBITORS,Humira Ankylosing Spondylitis,HUMIRA
Immunomodulator Agents: Systemic Inflammatory Disease: TNF INHIBITORS,Humira Crohn's Disease (adult),HUMIRA
Immunomodulator Agents: Systemic Inflammatory Disease: TNF INHIBITORS,Humira Crohn's Disease (pediatric),HUMIRA
Immunomodulator Agents: Systemic Inflammatory Disease: TNF INHIBITORS,Humira Hidradenitis Suppurativa,HUMIRA
Immunomodulator Agents: Systemic Inflammatory Disease: TNF INHIBITORS,Humira Plaque Psoriasis (adult),HUMIRA
Immunomodulator Agents: Systemic Inflammatory Disease: TNF INHIBITORS,Humira Polyarticular Juvenile Idiopathic Arthritis (PJIA),HUMIRA
Immunomodulator Agents: Systemic Inflammatory Disease: TNF INHIBITORS,Humira Psoriatic Arthritis (adult),HUMIRA
Immunomodulator Agents: Systemic Inflammatory Disease: TNF INHIBITORS,Humira Rheumatoid Arthritis,HUMIRA
Immunomodulator Agents: Systemic Inflammatory Disease: TNF INHIBITORS,Humira Ulcerative Colitis (adult),HUMIRA
Immunomodulator Agents: Systemic Inflammatory Disease: TNF INHIBITORS,Humira Ulcerative Colitis (pediatric),HUMIRA
Immunomodulator Agents: Systemic Inflammatory Disease: TNF INHIBITORS,Humira Uveitis (adult),HUMIRA
Immunomodulator Agents: Systemic Inflammatory Disease: TNF INHIBITORS,Humira Uveitis (pediatric),HUMIRA
Immunomodulator Agents: Systemic Inflammatory Disease: TNF INHIBITORS,Hyrimoz Ankylosing Spondylitis,HYRIMOZ (Bio of HUMIRA)
Immunomodulator Agents: Systemic Inflammatory Disease: TNF INHIBITORS,Hyrimoz Crohn’s Disease (adult),HYRIMOZ (Bio of HUMIRA)
Immunomodulator Agents: Systemic Inflammatory Disease: TNF INHIBITORS,Hyrimoz Crohn’s Disease (pediatric),HYRIMOZ (Bio of HUMIRA)
Immunomodulator Agents: Systemic Inflammatory Disease: TNF INHIBITORS,Hyrimoz Hidradenitis Suppurativa,HYRIMOZ (Bio of HUMIRA)
Immunomodulator Agents: Systemic Inflammatory Disease: TNF INHIBITORS,Hyrimoz Plaque Psoriasis (adult),HYRIMOZ (Bio of HUMIRA)
Immunomodulator Agents: Systemic Inflammatory Disease: TNF INHIBITORS,Hyrimoz Polyarticular Juvenile Idiopathic Arthritis (PJIA),HYRIMOZ (Bio of HUMIRA)
Immunomodulator Agents: Systemic Inflammatory Disease: TNF INHIBITORS,Hyrimoz Psoriatic Arthritis (adult),HYRIMOZ (Bio of HUMIRA)
Immunomodulator Agents: Systemic Inflammatory Disease: TNF INHIBITORS,Hyrimoz Rheumatoid Arthritis,HYRIMOZ (Bio of HUMIRA)
Immunomodulator Agents: Systemic Inflammatory Disease: TNF INHIBITORS,Hyrimoz Ulcerative Colitis (adult),HYRIMOZ (Bio of HUMIRA)
Immunomodulator Agents: Systemic Inflammatory Disease: TNF INHIBITORS,Hyrimoz Uveitis (adult),HYRIMOZ (Bio of HUMIRA)
"Blood Formation, Coagulation, and Thrombosis Agents: Hemophilia B* LEGACY CATEGORY: ",Idelvion,IDELVION
Ophthalmic Agents: NSAIDs: ,Ilevro ophthalmic suspension,ILEVRO
Immunomodulator Agents: Systemic Inflammatory Disease: INTERLEUKIN ANTAGONISTS,Ilumya Plaque Psoriasis (adult),ILUMYA
Respiratory Agents: Inhaled Agents: ANTICHOLINERGIC BRONCHODILATORS/COMBINATIONS,Incruse Ellipta,INCRUSE ELLIPTA
Immunomodulator Agents: Systemic Inflammatory Disease: TNF INHIBITORS,Inflectra Ankylosing Spondylitis,INFLECTRA  (Bio of REMICADE)
Immunomodulator Agents: Systemic Inflammatory Disease: TNF INHIBITORS,Inflectra Crohn’s Disease (adult),INFLECTRA  (Bio of REMICADE)
Immunomodulator Agents: Systemic Inflammatory Disease: TNF INHIBITORS,Inflectra Crohn’s Disease (pediatric),INFLECTRA  (Bio of REMICADE)
Immunomodulator Agents: Systemic Inflammatory Disease: TNF INHIBITORS,Inflectra Plaque Psoriasis (adult),INFLECTRA  (Bio of REMICADE)
Immunomodulator Agents: Systemic Inflammatory Disease: TNF INHIBITORS,Inflectra Psoriatic Arthritis (adult),INFLECTRA  (Bio of REMICADE)
Immunomodulator Agents: Systemic Inflammatory Disease: TNF INHIBITORS,Inflectra Rheumatoid Arthritis,INFLECTRA  (Bio of REMICADE)
Immunomodulator Agents: Systemic Inflammatory Disease: TNF INHIBITORS,Inflectra Ulcerative Colitis (adult),INFLECTRA  (Bio of REMICADE)
Immunomodulator Agents: Systemic Inflammatory Disease: TNF INHIBITORS,Inflectra Ulcerative Colitis (pediatric),INFLECTRA  (Bio of REMICADE)
Central Nervous System (CNS) Agents: Movement Disorders: ,Ingrezza,INGREZZA
Central Nervous System (CNS) Agents: Movement Disorders: ,Ingrezza sprinkle capsule,INGREZZA
Central Nervous System (CNS) Agents: Movement Disorders: ,Ingrezza titration pack,INGREZZA
Endocrine Agents: Diabetes – Insulin: LONG-ACTING,Insulin Glargine,insulin glargine
Endocrine Agents: Diabetes – Insulin: RAPID-ACTING,Insulin Lispro,insulin lispro
Central Nervous System (CNS) Agents: Atypical Antipsychotics* LEGACY CATEGORY: ,Invega Hafyera,INVEGA HAFYERA ER
Central Nervous System (CNS) Agents: Atypical Antipsychotics* LEGACY CATEGORY: ,Invega Sustenna,INVEGA SUSTENNA
Central Nervous System (CNS) Agents: Atypical Antipsychotics* LEGACY CATEGORY: ,Invega Trinza,INVEGA TRINZA
Endocrine Agents: Diabetes – Non-Insulin: SGLT2 INHIBITORS/COMBINATIONS,Invokamet,INVOKAMET
Endocrine Agents: Diabetes – Non-Insulin: SGLT2 INHIBITORS/COMBINATIONS,Invokamet XR,INVOKAMET
Endocrine Agents: Diabetes – Non-Insulin: SGLT2 INHIBITORS/COMBINATIONS,Invokana,INVOKANA
Ophthalmic Agents: Glaucoma Agents: ALPHA-2 AGONISTS,Iopidine ophthalmic solution,IOPIDINE
Respiratory Agents: Inhaled Agents: ANTICHOLINERGIC BRONCHODILATORS/COMBINATIONS,Ipratropium/Albuterol nebulized solution,ipratropium/albuterol neb soln
"Cardiovascular Agents: Angina, Hypertension and Heart Failure: ARBs/DIURETICS/COMBINATIONS",Irbesartan,irbesartan
Infectious Disease Agents: Antivirals – HIV* LEGACY CATEGORY: INTEGRASE STRAND TRANSFER INHIBITORS,Isentress,ISENTRESS
"Blood Formation, Coagulation, and Thrombosis Agents: Hemophilia B* LEGACY CATEGORY: ",Ixinity,IXINITY
Endocrine Agents: Diabetes – Non-Insulin: DPP4 INHIBITORS/COMBINATIONS,Janumet,JANUMET
Endocrine Agents: Diabetes – Non-Insulin: DPP4 INHIBITORS/COMBINATIONS,Januvia,JANUVIA
Endocrine Agents: Diabetes – Non-Insulin: SGLT2 INHIBITORS/COMBINATIONS,Jardiance,JARDIANCE
Endocrine Agents: Diabetes – Non-Insulin: DPP4 INHIBITORS/COMBINATIONS,Jentadueto,JENTADUETO
"Blood Formation, Coagulation, and Thrombosis Agents: Hemophilia A, von Willebrand Disease, and Factor XIII Deficiency* LEGACY CATEGORY: ",Jivi,JIVI
Central Nervous System (CNS) Agents: Attention Deficit Hyperactivity Disorder Agents: STIMULANTS,Jornay PM,JORNAY PM
Respiratory Agents: Cystic Fibrosis: ,Kalydeco,KALYDECO
Central Nervous System (CNS) Agents: Multiple Sclerosis* LEGACY CATEGORY: ,Kesimpta,KESIMPTA
Immunomodulator Agents: Systemic Inflammatory Disease: INTERLEUKIN ANTAGONISTS,Kevzara Polyarticular Juvenile Idiopathic Arthritis (PJIA),KEVZARA
Immunomodulator Agents: Systemic Inflammatory Disease: INTERLEUKIN ANTAGONISTS,Kevzara Polymyalgia Rheumatica (PMR),KEVZARA
Immunomodulator Agents: Systemic Inflammatory Disease: INTERLEUKIN ANTAGONISTS,Kevzara Rheumatoid Arthritis,KEVZARA
Immunomodulator Agents: Systemic Inflammatory Disease: INTERLEUKIN ANTAGONISTS,Kineret Deficiency of Interleukin-1 Receptor Antagonist (DIRA),KINERET
Immunomodulator Agents: Systemic Inflammatory Disease: INTERLEUKIN ANTAGONISTS,Kineret Neonatal-Onset Multisystem Inflammatory Disease (NOMID),KINERET
Immunomodulator Agents: Systemic Inflammatory Disease: INTERLEUKIN ANTAGONISTS,Kineret Rheumatoid Arthritis,KINERET
"Blood Formation, Coagulation, and Thrombosis Agents: Hemophilia A, von Willebrand Disease, and Factor XIII Deficiency* LEGACY CATEGORY: ",Kogenate FS,KOGENATE FS
Endocrine Agents: Diabetes – Non-Insulin: DPP4 INHIBITORS/COMBINATIONS,Kombiglyze XR,KOMBIGLYZE XR
Gastrointestinal Agents: Proton Pump Inhibitors: ,Konvomep,KONVOMEP
"Blood Formation, Coagulation, and Thrombosis Agents: Hemophilia A, von Willebrand Disease, and Factor XIII Deficiency* LEGACY CATEGORY: ",Kovaltry,KOVALTRY
Central Nervous System (CNS) Agents: Anticonvulsants* LEGACY CATEGORY: ,Lamotrigine,"lamotrigine chew, IR, ODT"
Central Nervous System (CNS) Agents: Anticonvulsants* LEGACY CATEGORY: ,Lamotrigine ODT,"lamotrigine chew, IR, ODT"
Central Nervous System (CNS) Agents: Anticonvulsants* LEGACY CATEGORY: ,Lamotrigine chewable tablet,"lamotrigine chew, IR, ODT"
Gastrointestinal Agents: Proton Pump Inhibitors: ,Lansoprazole DR capsule,lansoprazole cap
Gastrointestinal Agents: Proton Pump Inhibitors: ,Lansoprazole ODT,lansoprazole ODT
Endocrine Agents: Diabetes – Insulin: LONG-ACTING,Lantus SoloStar,LANTUS
Endocrine Agents: Diabetes – Insulin: LONG-ACTING,Lantus vial,LANTUS
Infectious Disease Agents: Antivirals – Hepatitis C Agents: ,Ledipasvir / Sofosbuvir,ledipasvir/sofosbuvir
"Blood Formation, Coagulation, and Thrombosis Agents: Colony Stimulating Factors: ",Leukine,LEUKINE
Respiratory Agents: Inhaled Agents: ADRENERGIC BRONCHODILATORS,Levalbuterol Tartrate inhalation aerosol solution,levalbuterol
Endocrine Agents: Diabetes – Insulin: LONG-ACTING,Levemir FlexTouch,LEVEMIR
Endocrine Agents: Diabetes – Insulin: LONG-ACTING,Levemir vial,LEVEMIR
Central Nervous System (CNS) Agents: Anticonvulsants Rescue: ,Libervant buccal film,LIBERVANT
Gastrointestinal Agents: Unspecified GI: ,Linzess 145 mcg,LINZESS
Gastrointestinal Agents: Unspecified GI: ,Linzess 290 mcg,LINZESS
Gastrointestinal Agents: Unspecified GI: ,Linzess 72 mcg,LINZESS
Cardiovascular Agents: Pulmonary Arterial Hypertension* LEGACY CATEGORY: PDE5 INHIBITORS,Liqrev,LIQREV
"Cardiovascular Agents: Angina, Hypertension and Heart Failure: ACE INHIBITORS/DIURETICS/COMBINATIONS",Lisinopril,lisinopril
Immunomodulator Agents: Systemic Inflammatory Disease: JAK INHIBITORS,Litfulo Alopecia Areata,LITFULO
Hyperkalemia Agents: Potassium Binders: ,Lokelma,LOKELMA
"Cardiovascular Agents: Angina, Hypertension and Heart Failure: ARBs/DIURETICS/COMBINATIONS",Losartan,losartan
Central Nervous System (CNS) Agents: Medication Assisted Treatment of Opioid Addiction: ,Lucemyra,LUCEMYRA
Ophthalmic Agents: Glaucoma Agents: PROSTAGLANDINS,Lumigan 2.5 mL,LUMIGAN
Ophthalmic Agents: Glaucoma Agents: PROSTAGLANDINS,Lumigan 5 mL,LUMIGAN
Ophthalmic Agents: Glaucoma Agents: PROSTAGLANDINS,Lumigan 7.5 mL,LUMIGAN
Central Nervous System (CNS) Agents: Atypical Antipsychotics* LEGACY CATEGORY: ,Lurasidone,lurasidone
Central Nervous System (CNS) Agents: Atypical Antipsychotics* LEGACY CATEGORY: ,Lybalvi,LYBALVI
Endocrine Agents: Diabetes – Insulin: RAPID-ACTING,"Lyumjev KwikPen, U-100",LYUMJEV
Endocrine Agents: Diabetes – Insulin: RAPID-ACTING,"Lyumjev KwikPen, U-200",LYUMJEV
Endocrine Agents: Diabetes – Insulin: RAPID-ACTING,Lyumjev vial,LYUMJEV
"Central Nervous System (CNS) Agents: Skeletal Muscle Relaxants, Non-Benzodiazepine: ",Lyvispah,LYVISPAH
Ophthalmic Agents: Ophthalmic Steroids: ,Maxidex ophthalmic suspension,MAXIDEX
Central Nervous System (CNS) Agents: Alzheimer’s Agents* LEGACY CATEGORY: ,Memantine XR,"memantine ER, IR tab"
Central Nervous System (CNS) Agents: Alzheimer’s Agents* LEGACY CATEGORY: ,Memantine oral solution,memantine soln
Central Nervous System (CNS) Agents: Alzheimer’s Agents* LEGACY CATEGORY: ,Memantine tablet,"memantine ER, IR tab"
"Central Nervous System (CNS) Agents: Skeletal Muscle Relaxants, Non-Benzodiazepine: ",Metaxalone,metaxalone 400mg
"Central Nervous System (CNS) Agents: Skeletal Muscle Relaxants, Non-Benzodiazepine: ",Metaxalone 800 mg,metaxalone 800mg
Ophthalmic Agents: Dry Eye Treatments: ,Miebo,MIEBO
"Cardiovascular Agents: Angina, Hypertension and Heart Failure: ACE INHIBITORS/DIURETICS/COMBINATIONS",Moexipril,moexipril
Central Nervous System (CNS) Agents: Anticonvulsants* LEGACY CATEGORY: ,Motpoly XR,MOTPOLY XR
Endocrine Agents: Diabetes – Non-Insulin: GLP-1 RECEPTOR AGONISTS/COMBINATIONS,Mounjaro,MOUNJARO
Endocrine Agents: Endometriosis: ,Myfembree Endometriosis,MYFEMBREE
Endocrine Agents: Endometriosis: ,Myfembree Uterine Fibroids,MYFEMBREE
Central Nervous System (CNS) Agents: Alzheimer’s Agents* LEGACY CATEGORY: ,Namzaric,NAMZARIC
Topical Agents: Antiparasitics: ,Natroba,NATROBA
Central Nervous System (CNS) Agents: Anticonvulsants Rescue: ,Nayzilam,NAYZILAM
"Blood Formation, Coagulation, and Thrombosis Agents: Colony Stimulating Factors: ",Neulasta,NEULASTA
"Blood Formation, Coagulation, and Thrombosis Agents: Colony Stimulating Factors: ",Neulasta Onpro,NEULASTA
"Blood Formation, Coagulation, and Thrombosis Agents: Colony Stimulating Factors: ",Neupogen,NEUPOGEN
Ophthalmic Agents: NSAIDs: ,Nevanac ophthalmic suspension,NEVANAC
Gastrointestinal Agents: Proton Pump Inhibitors: ,Nexium DR packet for oral suspension,NEXIUM GRANULES
Endocrine Agents: Growth Hormone: WEEKLY-DOSING,Ngenla,NGENLA
"Blood Formation, Coagulation, and Thrombosis Agents: Colony Stimulating Factors: ",Nivestym,NIVESTYM
Endocrine Agents: Growth Hormone: DAILY-DOSING,Norditropin,NORDITROPIN
Infectious Disease Agents: Antivirals – HIV* LEGACY CATEGORY: PROTEASE INHIBITORS,Norvir,NORVIR POWDER
"Blood Formation, Coagulation, and Thrombosis Agents: Hemophilia A, von Willebrand Disease, and Factor XIII Deficiency* LEGACY CATEGORY: ",Novoeight,NOVOEIGHT
Endocrine Agents: Diabetes – Insulin: MIXED INSULIN,Novolin 70/30,NOVOLIN 70-30
Endocrine Agents: Diabetes – Insulin: MIXED INSULIN,Novolin 70/30 Flexpen OTC,NOVOLIN 70-30
Endocrine Agents: Diabetes – Insulin: INTERMEDIATE-ACTING,Novolin N,NOVOLIN N U-100
Endocrine Agents: Diabetes – Insulin: SHORT-ACTING,Novolin R,NOVOLIN R U-100
Endocrine Agents: Diabetes – Insulin: RAPID-ACTING,Novolog,NOVOLOG U-100
Endocrine Agents: Diabetes – Insulin: MIXED INSULIN,Novolog 70/30,NOVOLOG 70-30
Endocrine Agents: Diabetes – Insulin: MIXED INSULIN,Novolog 70/30 FlexPen,NOVOLOG 70-30
Endocrine Agents: Diabetes – Insulin: RAPID-ACTING,Novolog FlexPen,NOVOLOG U-100
Endocrine Agents: Diabetes – Insulin: RAPID-ACTING,Novolog cartridge,NOVOLOG U-100
"Blood Formation, Coagulation, and Thrombosis Agents: Hemophilia A, von Willebrand Disease, and Factor XIII Deficiency* LEGACY CATEGORY: ",Novoseven RT,NOVOSEVEN RT
Respiratory Agents: Monoclonal Antibodies-Anti-IL/Anti-IgE: ,Nucala Chronic Rhinosinusitis with Nasal Polyposis,NUCALA
Respiratory Agents: Monoclonal Antibodies-Anti-IL/Anti-IgE: ,Nucala Eosinophilic Granulomatosis with Polyangitis (EGPA),NUCALA
Respiratory Agents: Monoclonal Antibodies-Anti-IL/Anti-IgE: ,Nucala Hypereosinophilic Syndrome (HES),NUCALA
Central Nervous System (CNS) Agents: Atypical Antipsychotics* LEGACY CATEGORY: ,Nuplazid,NUPLAZID
"Central Nervous System (CNS) Agents: Anti-Migraine Agents, Acute: CGRP INHIBITORS",Nurtec ODT Acute Treatment,NURTEC ODT
"Central Nervous System (CNS) Agents: Anti-Migraine Agents, Acute: CGRP INHIBITORS",Nurtec ODT Migraine Prophylaxis,NURTEC ODT
Endocrine Agents: Growth Hormone: DAILY-DOSING,Nutropin AQ,NUTROPIN
"Blood Formation, Coagulation, and Thrombosis Agents: Hemophilia A, von Willebrand Disease, and Factor XIII Deficiency* LEGACY CATEGORY: ",Nuwiq Kit,NUWIQ KIT
"Blood Formation, Coagulation, and Thrombosis Agents: Hemophilia A, von Willebrand Disease, and Factor XIII Deficiency* LEGACY CATEGORY: ",Nuwiq Prefilled Injection,NUWIQ INJ
"Blood Formation, Coagulation, and Thrombosis Agents: Colony Stimulating Factors: ",Nyvepria,NYVEPRIA
Central Nervous System (CNS) Agents: Multiple Sclerosis* LEGACY CATEGORY: ,Ocrevus,OCREVUS
Central Nervous System (CNS) Agents: Multiple Sclerosis* LEGACY CATEGORY: ,Ocrevus Zunovo subcutaneous vial,OCREVUS
Respiratory Agents: Pulmonary Fibrosis: ,Ofev,OFEV
Central Nervous System (CNS) Agents: Atypical Antipsychotics* LEGACY CATEGORY: ,Olanzapine And Fluoxetine,fluoxetine/olanzapine
Central Nervous System (CNS) Agents: Atypical Antipsychotics* LEGACY CATEGORY: ,Olanzapine ODT,olanzapine
Central Nervous System (CNS) Agents: Atypical Antipsychotics* LEGACY CATEGORY: ,Olanzapine tablet,olanzapine
"Cardiovascular Agents: Angina, Hypertension and Heart Failure: ARBs/DIURETICS/COMBINATIONS",Olmesartan,olmesartan
Immunomodulator Agents: Systemic Inflammatory Disease: JAK INHIBITORS,Olumiant Alopecia Areata,OLUMIANT
Immunomodulator Agents: Systemic Inflammatory Disease: JAK INHIBITORS,Olumiant Rheumatoid Arthritis,OLUMIANT
Gastrointestinal Agents: Proton Pump Inhibitors: ,Omeprazole capsule,omeprazole
Gastrointestinal Agents: Proton Pump Inhibitors: ,Omeprazole tablet,omeprazole
Endocrine Agents: Growth Hormone: DAILY-DOSING,Omnitrope,OMNITROPE
Endocrine Agents: Diabetes – Non-Insulin: DPP4 INHIBITORS/COMBINATIONS,Onglyza,ONGLYZA
Cardiovascular Agents: Pulmonary Arterial Hypertension* LEGACY CATEGORY: ENDOTHELIN RECEPTOR ANTAGONISTS,Opsumit,OPSUMIT
Cardiovascular Agents: Pulmonary Arterial Hypertension* LEGACY CATEGORY: OTHER,Opsynvi tablet,OPSYNVI
Topical Agents: Immunomodulators: ,"Opzelura cream, Nonsegmental Vitiligo",OPZELURA
Cardiovascular Agents: Pulmonary Arterial Hypertension* LEGACY CATEGORY: PROSTAGLANDINS,Orenitram ER,ORENITRAM
Endocrine Agents: Uterine Fibroids: ,Oriahnn,ORIAHNN
Endocrine Agents: Endometriosis: ,Orilissa,ORILISSA
Respiratory Agents: Hereditary Angioedema: PROPHYLAXIS,Orladeyo,ORLADEYO
"Central Nervous System (CNS) Agents: Skeletal Muscle Relaxants, Non-Benzodiazepine: ",Orphenadrine ER,orphenadrine
Endocrine Agents: Diabetes – Non-Insulin: GLP-1 RECEPTOR AGONISTS/COMBINATIONS,Ozempic,OZEMPIC
Central Nervous System (CNS) Agents: Atypical Antipsychotics* LEGACY CATEGORY: ,Paliperidone ER,paliperidone tab
Gastrointestinal Agents: Proton Pump Inhibitors: ,Pantoprazole DR packet for oral suspension,pantoprazole packet
Gastrointestinal Agents: Proton Pump Inhibitors: ,Pantoprazole tablet,pantoprazole tab
Central Nervous System (CNS) Agents: Atypical Antipsychotics* LEGACY CATEGORY: ,Perseris,PERSERIS
Central Nervous System (CNS) Agents: Multiple Sclerosis* LEGACY CATEGORY: ,Ponvory starter pack,PONVORY
Central Nervous System (CNS) Agents: Multiple Sclerosis* LEGACY CATEGORY: ,Ponvory tablet,PONVORY
"Blood Formation, Coagulation, and Thrombosis Agents: Oral Anticoagulants: ",Pradaxa capsule,"PRADAXA CAP , PELLET PAK"
"Blood Formation, Coagulation, and Thrombosis Agents: Oral Anticoagulants: ",Pradaxa packet,"PRADAXA CAP , PELLET PAK"
Cardiovascular Agents: Lipotropics: PCSK9 INHIBITORS,Praluent,PRALUENT
Endocrine Agents: Estrogenic Agents: ORAL,Premarin tablet,PREMARIN TAB
Infectious Disease Agents: Antivirals – HIV* LEGACY CATEGORY: PROTEASE INHIBITORS,Prezcobix,PREZCOBIX
Infectious Disease Agents: Antivirals – HIV* LEGACY CATEGORY: PROTEASE INHIBITORS,Prezista oral suspension,"PREZISTA SUSP, 75, 150mg TAB"
Infectious Disease Agents: Antivirals – HIV* LEGACY CATEGORY: PROTEASE INHIBITORS,Prezista tablet,"PREZISTA SUSP, 75, 150mg TAB"
Gastrointestinal Agents: Proton Pump Inhibitors: ,Prilosec DR packet for oral suspension,PRILOSEC SUSP
Respiratory Agents: Inhaled Agents: ADRENERGIC BRONCHODILATORS,Proair Digihaler,"PROAIR DIGIHALER, RESPICLICK"
Respiratory Agents: Inhaled Agents: ADRENERGIC BRONCHODILATORS,Proair Respiclick,"PROAIR DIGIHALER, RESPICLICK"
"Blood Formation, Coagulation, and Thrombosis Agents: Hematopoietic Agents: ",Procrit,PROCRIT
Gastrointestinal Agents: Proton Pump Inhibitors: ,Protonix DR packet oral suspension,PROTONIX PAK
Central Nervous System (CNS) Agents: Attention Deficit Hyperactivity Disorder Agents: NON-STIMULANTS,Qelbree,QELBREE
Endocrine Agents: Diabetes – Non-Insulin: SGLT2 INHIBITORS/COMBINATIONS,Qtern,QTERN
Central Nervous System (CNS) Agents: Atypical Antipsychotics* LEGACY CATEGORY: ,Quetiapine,"quetiapine IR, ER"
Central Nervous System (CNS) Agents: Atypical Antipsychotics* LEGACY CATEGORY: ,Quetiapine ER,"quetiapine IR, ER"
Central Nervous System (CNS) Agents: Attention Deficit Hyperactivity Disorder Agents: STIMULANTS,Quillichew XR,QUILLICHEW ER
Central Nervous System (CNS) Agents: Attention Deficit Hyperactivity Disorder Agents: STIMULANTS,Quillivant XR,QUILLIVANT XR
"Cardiovascular Agents: Angina, Hypertension and Heart Failure: ACE INHIBITORS/DIURETICS/COMBINATIONS",Quinapril,quinapril
"Central Nervous System (CNS) Agents: Anti-Migraine Agents, Prophylaxis: ",Qulipta,QULIPTA
Gastrointestinal Agents: Proton Pump Inhibitors: ,Rabeprazole sprinkle capsule,rabeprazole
Gastrointestinal Agents: Proton Pump Inhibitors: ,Rabeprazole tablet,rabeprazole
"Cardiovascular Agents: Angina, Hypertension and Heart Failure: ACE INHIBITORS/DIURETICS/COMBINATIONS",Ramipril,ramipril
Central Nervous System (CNS) Agents: Multiple Sclerosis* LEGACY CATEGORY: ,Rebif (Interferon Beta-1a) prefilled syringe,REBIF
"Blood Formation, Coagulation, and Thrombosis Agents: Hemophilia B* LEGACY CATEGORY: ",Rebinyn,REBINYN
"Blood Formation, Coagulation, and Thrombosis Agents: Colony Stimulating Factors: ",Releuko,RELEUKO
Immunomodulator Agents: Systemic Inflammatory Disease: TNF INHIBITORS,Renflexis Ankylosing Spondylitis,RENFLEXIS (Bio of REMICADE)
Immunomodulator Agents: Systemic Inflammatory Disease: TNF INHIBITORS,Renflexis Crohn’s Disease (adult),RENFLEXIS (Bio of REMICADE)
Immunomodulator Agents: Systemic Inflammatory Disease: TNF INHIBITORS,Renflexis Crohn’s Disease (pediatric),RENFLEXIS (Bio of REMICADE)
Immunomodulator Agents: Systemic Inflammatory Disease: TNF INHIBITORS,Renflexis Plaque Psoriasis (adult),RENFLEXIS (Bio of REMICADE)
Immunomodulator Agents: Systemic Inflammatory Disease: TNF INHIBITORS,Renflexis Psoriatic Arthritis (adult),RENFLEXIS (Bio of REMICADE)
Immunomodulator Agents: Systemic Inflammatory Disease: TNF INHIBITORS,Renflexis Rheumatoid Arthritis,RENFLEXIS (Bio of REMICADE)
Immunomodulator Agents: Systemic Inflammatory Disease: TNF INHIBITORS,Renflexis Ulcerative Colitis (adult),RENFLEXIS (Bio of REMICADE)
Immunomodulator Agents: Systemic Inflammatory Disease: TNF INHIBITORS,Renflexis Ulcerative Colitis (pediatric),RENFLEXIS (Bio of REMICADE)
Cardiovascular Agents: Lipotropics: PCSK9 INHIBITORS,Repatha,REPATHA
Ophthalmic Agents: Dry Eye Treatments: ,Restasis,RESTASIS TRAYS
Ophthalmic Agents: Dry Eye Treatments: ,Restasis MultiDose,RESTASIS MULTI-DOSE
Central Nervous System (CNS) Agents: Antidepressants* LEGACY CATEGORY: OTHER,Rexulti Adjunct Treatment of Major Depressive Disorder,REXULTI
Central Nervous System (CNS) Agents: Antidepressants* LEGACY CATEGORY: OTHER,Rexulti Schizophrenia,REXULTI
Infectious Disease Agents: Antivirals – HIV* LEGACY CATEGORY: PROTEASE INHIBITORS,Reyataz powder packet,REYATAZ POWDER
"Central Nervous System (CNS) Agents: Anti-Migraine Agents, Acute: OTHER",Reyvow,REYVOW
Immunomodulator Agents: Systemic Inflammatory Disease: JAK INHIBITORS,Rinvoq Ankylosing Spondylitis,RINVOQ
Immunomodulator Agents: Systemic Inflammatory Disease: JAK INHIBITORS,Rinvoq Atopic Dermatitis (adult),RINVOQ
Immunomodulator Agents: Systemic Inflammatory Disease: JAK INHIBITORS,Rinvoq Crohn's Disease (adult),RINVOQ
Immunomodulator Agents: Systemic Inflammatory Disease: JAK INHIBITORS,Rinvoq Non-Radiographic Axial Spondyloarthritis,RINVOQ
Immunomodulator Agents: Systemic Inflammatory Disease: JAK INHIBITORS,Rinvoq Polyarticular Juvenile Idiopathic Arthritis (PJIA),RINVOQ
Immunomodulator Agents: Systemic Inflammatory Disease: JAK INHIBITORS,Rinvoq Psoriatic Arthritis (adult),RINVOQ
Immunomodulator Agents: Systemic Inflammatory Disease: JAK INHIBITORS,Rinvoq Psoriatic Arthritis (pediatric),RINVOQ
Immunomodulator Agents: Systemic Inflammatory Disease: JAK INHIBITORS,Rinvoq Rheumatoid Arthritis,RINVOQ
Immunomodulator Agents: Systemic Inflammatory Disease: JAK INHIBITORS,Rinvoq Ulcerative Colitis (adult),RINVOQ
Central Nervous System (CNS) Agents: Atypical Antipsychotics* LEGACY CATEGORY: ,Risperdal Consta,RISPERDAL CONSTA
Central Nervous System (CNS) Agents: Atypical Antipsychotics* LEGACY CATEGORY: ,Risperidone ODT,risperidone
Central Nervous System (CNS) Agents: Atypical Antipsychotics* LEGACY CATEGORY: ,Risperidone oral solution,risperidone
Central Nervous System (CNS) Agents: Atypical Antipsychotics* LEGACY CATEGORY: ,Risperidone tablet,risperidone
Central Nervous System (CNS) Agents: Alzheimer’s Agents* LEGACY CATEGORY: ,Rivastigmine capsule,rivastigmine cap
Central Nervous System (CNS) Agents: Alzheimer’s Agents* LEGACY CATEGORY: ,Rivastigmine patch,rivastigmine patch
"Blood Formation, Coagulation, and Thrombosis Agents: Hemophilia B* LEGACY CATEGORY: ",Rixubis,RIXUBIS
"Blood Formation, Coagulation, and Thrombosis Agents: Colony Stimulating Factors: ",Rolvedon prefilled syringe,ROLVEDON
Respiratory Agents: Hereditary Angioedema: ACUTE,Ruconest,RUCONEST
Endocrine Agents: Diabetes – Non-Insulin: GLP-1 RECEPTOR AGONISTS/COMBINATIONS,Rybelsus,RYBELSUS
Central Nervous System (CNS) Agents: Atypical Antipsychotics* LEGACY CATEGORY: ,Rykindo,RYKINDO
"Blood Formation, Coagulation, and Thrombosis Agents: Oral Anticoagulants: ",Savaysa,SAVAYSA
Central Nervous System (CNS) Agents: Atypical Antipsychotics* LEGACY CATEGORY: ,Secuado,SECUADO
Endocrine Agents: Diabetes – Non-Insulin: SGLT2 INHIBITORS/COMBINATIONS,Segluromet,SEGLUROMET
Infectious Disease Agents: Antivirals – HIV* LEGACY CATEGORY: OTHER SINGLE INGREDIENT PRODUCTS,Selzentry,SELZENTRY
Endocrine Agents: Diabetes – Insulin: LONG-ACTING,Semglee,SEMGLEE
Genitourinary Agents: Electrolyte Depleter Agents: OTHER,Sevelamer carbonate tablets,sevelamer
Genitourinary Agents: Electrolyte Depleter Agents: OTHER,Sevelamer hydrochloride tablets,sevelamer
"Blood Formation, Coagulation, and Thrombosis Agents: Hemophilia A, von Willebrand Disease, and Factor XIII Deficiency* LEGACY CATEGORY: ",SevenFACT,SEVENFACT
Cardiovascular Agents: Pulmonary Arterial Hypertension* LEGACY CATEGORY: PDE5 INHIBITORS,Sildenafil 20 mg,sildenafil
Cardiovascular Agents: Pulmonary Arterial Hypertension* LEGACY CATEGORY: PDE5 INHIBITORS,Sildenafil oral suspension,sildenafil susp
Immunomodulator Agents: Systemic Inflammatory Disease: INTERLEUKIN ANTAGONISTS,Siliq Plaque Psoriasis (adult),SILIQ
Immunomodulator Agents: Systemic Inflammatory Disease: TNF INHIBITORS,Simlandi Ankylosing Spondylitis,SIMLANDI   (Bio of HUMIRA)
Immunomodulator Agents: Systemic Inflammatory Disease: TNF INHIBITORS,Simlandi Crohn’s Disease (adult),SIMLANDI   (Bio of HUMIRA)
Immunomodulator Agents: Systemic Inflammatory Disease: TNF INHIBITORS,Simlandi Crohn’s Disease (pediatric),SIMLANDI   (Bio of HUMIRA)
Immunomodulator Agents: Systemic Inflammatory Disease: TNF INHIBITORS,Simlandi Hidradenitis Suppurativa,SIMLANDI   (Bio of HUMIRA)
Immunomodulator Agents: Systemic Inflammatory Disease: TNF INHIBITORS,Simlandi Plaque Psoriasis (adult),SIMLANDI   (Bio of HUMIRA)
Immunomodulator Agents: Systemic Inflammatory Disease: TNF INHIBITORS,Simlandi Polyarticular Juvenile Idiopathic Arthritis (PJIA),SIMLANDI   (Bio of HUMIRA)
Immunomodulator Agents: Systemic Inflammatory Disease: TNF INHIBITORS,Simlandi Psoriatic Arthritis (adult),SIMLANDI   (Bio of HUMIRA)
Immunomodulator Agents: Systemic Inflammatory Disease: TNF INHIBITORS,Simlandi Rheumatoid Arthritis,SIMLANDI   (Bio of HUMIRA)
Immunomodulator Agents: Systemic Inflammatory Disease: TNF INHIBITORS,Simlandi Ulcerative Colitis (adult),SIMLANDI   (Bio of HUMIRA)
Immunomodulator Agents: Systemic Inflammatory Disease: TNF INHIBITORS,Simlandi Uveitis (adult),SIMLANDI   (Bio of HUMIRA)
Immunomodulator Agents: Systemic Inflammatory Disease: TNF INHIBITORS,"Simponi Ankylosing Spondylitis, Aria",SIMPONI
Immunomodulator Agents: Systemic Inflammatory Disease: TNF INHIBITORS,"Simponi Ankylosing Spondylitis, prefilled syringe",SIMPONI
Immunomodulator Agents: Systemic Inflammatory Disease: TNF INHIBITORS,"Simponi Aria, Polyarticular Juvenile Idiopathic Arthritis (PJIA)",SIMPONI
Immunomodulator Agents: Systemic Inflammatory Disease: TNF INHIBITORS,"Simponi Aria, Psoriatic Arthritis (pediatric)",SIMPONI
Immunomodulator Agents: Systemic Inflammatory Disease: INTERLEUKIN ANTAGONISTS,"Skyrizi Crohn’s Disease (adult), prefilled syringe",SKYRIZI INJ
Immunomodulator Agents: Systemic Inflammatory Disease: INTERLEUKIN ANTAGONISTS,"Skyrizi Crohn’s Disease (adult), vial",SKYRIZI INJ
Immunomodulator Agents: Systemic Inflammatory Disease: INTERLEUKIN ANTAGONISTS,"Skyrizi Plaque Psoriasis (adult), prefilled pen",SKYRIZI INJ
Immunomodulator Agents: Systemic Inflammatory Disease: INTERLEUKIN ANTAGONISTS,"Skyrizi Plaque Psoriasis (adult), prefilled syringe",SKYRIZI INJ
Immunomodulator Agents: Systemic Inflammatory Disease: INTERLEUKIN ANTAGONISTS,"Skyrizi Ulcerative Colitis (adult), vial",SKYRIZI INJ
Endocrine Agents: Growth Hormone: WEEKLY-DOSING,Skytrofa,SKYTROFA
Hyperkalemia Agents: Potassium Binders: ,Sodium Polystyrene Sulfonate,sodium polystyrene sulfonate
Endocrine Agents: Growth Hormone: WEEKLY-DOSING,Sogroya,SOGROYA
Endocrine Agents: Diabetes – Non-Insulin: GLP-1 RECEPTOR AGONISTS/COMBINATIONS,Soliqua,SOLIQUA
Infectious Disease Agents: Antivirals – Hepatitis C Agents: ,Sovaldi,SOVALDI
Topical Agents: Antiparasitics: ,Spinosad topical suspension,spinosad
Respiratory Agents: Inhaled Agents: ANTICHOLINERGIC BRONCHODILATORS/COMBINATIONS,Spiriva Handihaler inhalation capsule,SPIRIVA
Respiratory Agents: Inhaled Agents: ANTICHOLINERGIC BRONCHODILATORS/COMBINATIONS,Spiriva Respimat inhalation aerosol solution,SPIRIVA
Endocrine Agents: Diabetes – Non-Insulin: SGLT2 INHIBITORS/COMBINATIONS,Steglatro,STEGLATRO
Endocrine Agents: Diabetes – Non-Insulin: SGLT2 INHIBITORS/COMBINATIONS,Steglujan,STEGLUJAN
Immunomodulator Agents: Systemic Inflammatory Disease: INTERLEUKIN ANTAGONISTS,"Stelara Crohn’s Disease (adult), intravenous vial",STELARA
Immunomodulator Agents: Systemic Inflammatory Disease: INTERLEUKIN ANTAGONISTS,"Stelara Crohn’s Disease (adult), prefilled syringe",STELARA
Immunomodulator Agents: Systemic Inflammatory Disease: INTERLEUKIN ANTAGONISTS,"Stelara Crohn’s Disease (adult), subcutaneous vial",STELARA
Immunomodulator Agents: Systemic Inflammatory Disease: INTERLEUKIN ANTAGONISTS,"Stelara Plaque Psoriasis (adult), prefilled syringe",STELARA
Immunomodulator Agents: Systemic Inflammatory Disease: INTERLEUKIN ANTAGONISTS,"Stelara Plaque Psoriasis (adult), subcutaneous vial",STELARA
Immunomodulator Agents: Systemic Inflammatory Disease: INTERLEUKIN ANTAGONISTS,"Stelara Plaque Psoriasis (pediatric), prefilled syringe",STELARA
Immunomodulator Agents: Systemic Inflammatory Disease: INTERLEUKIN ANTAGONISTS,"Stelara Plaque Psoriasis (pediatric), subcutaneous vial",STELARA
Immunomodulator Agents: Systemic Inflammatory Disease: INTERLEUKIN ANTAGONISTS,"Stelara Psoriatic Arthritis (adult), subcutaneous vial",STELARA
Immunomodulator Agents: Systemic Inflammatory Disease: INTERLEUKIN ANTAGONISTS,"Stelara Psoriatic Arthritis (pediatric), subcutaneous vial",STELARA
"Blood Formation, Coagulation, and Thrombosis Agents: Colony Stimulating Factors: ",Stimufend prefilled syringe,STIMUFEND
Respiratory Agents: Inhaled Agents: ANTICHOLINERGIC BRONCHODILATORS/COMBINATIONS,Stiolto Respimat,STIOLTO
Central Nervous System (CNS) Agents: Medication Assisted Treatment of Opioid Addiction: ,Sublocade,SUBLOCADE
Central Nervous System (CNS) Agents: Medication Assisted Treatment of Opioid Addiction: ,Suboxone,SUBOXONE
"Central Nervous System (CNS) Agents: Anti-Migraine Agents, Acute: TRIPTANS/COMBINATIONS",Sumatriptan / Naproxen sodium tablet,sumatriptan/naproxen
Central Nervous System (CNS) Agents: Narcolepsy: ,Sunosi,SUNOSI
Respiratory Agents: Inhaled Agents: BRONCHODILATOR/GLUCOCORTICOID COMBINATIONS,Symbicort,SYMBICORT
Central Nervous System (CNS) Agents: Anticonvulsants* LEGACY CATEGORY: ,Sympazan oral film,SYMPAZAN
Endocrine Agents: Endometriosis: ,Synarel Endometriosis,SYNAREL
Endocrine Agents: Diabetes – Non-Insulin: SGLT2 INHIBITORS/COMBINATIONS,Synjardy,SYNJARDY
Endocrine Agents: Diabetes – Non-Insulin: SGLT2 INHIBITORS/COMBINATIONS,Synjardy XR,SYNJARDY XR
Topical Agents: Immunomodulators: ,Tacrolimus capsule,tacrolimus
Cardiovascular Agents: Pulmonary Arterial Hypertension* LEGACY CATEGORY: PDE5 INHIBITORS,Tadalafil,tadalafil
Cardiovascular Agents: Pulmonary Arterial Hypertension* LEGACY CATEGORY: PDE5 INHIBITORS,Tadliq,TADLIQ
Respiratory Agents: Hereditary Angioedema: PROPHYLAXIS,Takhzyro prefilled syringe,TAKHZYRO
Respiratory Agents: Hereditary Angioedema: PROPHYLAXIS,Takhzyro vial,TAKHZYRO
Immunomodulator Agents: Systemic Inflammatory Disease: INTERLEUKIN ANTAGONISTS,Taltz Ankylosing Spondylitis,TALTZ
Immunomodulator Agents: Systemic Inflammatory Disease: INTERLEUKIN ANTAGONISTS,Taltz Non-Radiographic Axial Spondyloarthritis,TALTZ
Immunomodulator Agents: Systemic Inflammatory Disease: INTERLEUKIN ANTAGONISTS,Taltz Plaque Psoriasis (adult),TALTZ
Immunomodulator Agents: Systemic Inflammatory Disease: INTERLEUKIN ANTAGONISTS,Taltz Plaque Psoriasis (pediatric),TALTZ
Immunomodulator Agents: Systemic Inflammatory Disease: INTERLEUKIN ANTAGONISTS,Taltz Psoriatic Arthritis (adult),TALTZ
"Cardiovascular Agents: Angina, Hypertension and Heart Failure: ARBs/DIURETICS/COMBINATIONS",Telmisartan,telmisartan
Central Nervous System (CNS) Agents: Multiple Sclerosis* LEGACY CATEGORY: ,Teriflunomide,teriflunomide
Endocrine Agents: Osteoporosis – Bone Ossification Enhancers: OTHER BONE RESORPTION SUPPRESSION AND RELATED AGENTS,Teriparatide,teriparatide
Central Nervous System (CNS) Agents: Movement Disorders: ,Tetrabenazine,tetrabenazine
Infectious Disease Agents: Antivirals – HIV* LEGACY CATEGORY: INTEGRASE STRAND TRANSFER INHIBITORS,Tivicay,TIVICAY
Infectious Disease Agents: Antibiotics – Inhaled: ,Tobi Podhaler,TOBI PODHALER
Ophthalmic Agents: Antibiotic and Antibiotic-Steroid Combination Drops and Ointments: ,Tobradex ST ophthalmic suspension,TOBRADEX ST
Central Nervous System (CNS) Agents: Anticonvulsants* LEGACY CATEGORY: ,Topiramate tablet,topiramate IR
Endocrine Agents: Diabetes – Insulin: LONG-ACTING,Toujeo Max Solostar,TOUJEO
Endocrine Agents: Diabetes – Insulin: LONG-ACTING,Toujeo Solostar,TOUJEO
Cardiovascular Agents: Pulmonary Arterial Hypertension* LEGACY CATEGORY: ENDOTHELIN RECEPTOR ANTAGONISTS,Tracleer tablet for oral suspension,TRACLEER SUSP
Endocrine Agents: Diabetes – Non-Insulin: DPP4 INHIBITORS/COMBINATIONS,Tradjenta,TRADJENTA
"Cardiovascular Agents: Angina, Hypertension and Heart Failure: ACE INHIBITORS/DIURETICS/COMBINATIONS",Trandolapril,trandolapril
Respiratory Agents: Inhaled Agents: BRONCHODILATOR/GLUCOCORTICOID COMBINATIONS,Trelegy Ellipta,TRELEGY ELLIPTA
Immunomodulator Agents: Systemic Inflammatory Disease: INTERLEUKIN ANTAGONISTS,"Tremfya Plaque Psoriasis (adult), prefilled syringe",TREMFYA
Immunomodulator Agents: Systemic Inflammatory Disease: INTERLEUKIN ANTAGONISTS,"Tremfya prefilled syringe, Ulcerative Colitis (adult)",TREMFYA
Endocrine Agents: Diabetes – Insulin: LONG-ACTING,"Tresiba FlexTouch, U-100",TRESIBA
Endocrine Agents: Diabetes – Insulin: LONG-ACTING,"Tresiba FlexTouch, U-200",TRESIBA
Endocrine Agents: Diabetes – Insulin: LONG-ACTING,Tresiba vial,TRESIBA
Central Nervous System (CNS) Agents: Antidepressants* LEGACY CATEGORY: OTHER,Trintellix,TRINTELLIX
Central Nervous System (CNS) Agents: Anticonvulsants* LEGACY CATEGORY: ,Trokendi XR ER capsule,TROKENDI XR
Endocrine Agents: Diabetes – Non-Insulin: GLP-1 RECEPTOR AGONISTS/COMBINATIONS,Trulicity,TRULICITY
Respiratory Agents: Inhaled Agents: ANTICHOLINERGIC BRONCHODILATORS/COMBINATIONS,Tudorza Pressair,TUDORZA
Infectious Disease Agents: Antivirals – HIV* LEGACY CATEGORY: OTHER SINGLE INGREDIENT PRODUCTS,Tybost,TYBOST
Ophthalmic Agents: Dry Eye Treatments: ,Tyrvaya nasal solution,TYRVAYA
Cardiovascular Agents: Pulmonary Arterial Hypertension* LEGACY CATEGORY: PROSTAGLANDINS,Tyvaso DPI,TYVASO
Cardiovascular Agents: Pulmonary Arterial Hypertension* LEGACY CATEGORY: PROSTAGLANDINS,Tyvaso inhalation solution,TYVASO
"Central Nervous System (CNS) Agents: Anti-Migraine Agents, Acute: CGRP INHIBITORS",Ubrelvy,UBRELVY
"Blood Formation, Coagulation, and Thrombosis Agents: Colony Stimulating Factors: ",Udenyca,UDENYCA
Cardiovascular Agents: Pulmonary Arterial Hypertension* LEGACY CATEGORY: OTHER,Uptravi tablet,UPTRAVI
Cardiovascular Agents: Pulmonary Arterial Hypertension* LEGACY CATEGORY: OTHER,Uptravi vial,UPTRAVI
Central Nervous System (CNS) Agents: Atypical Antipsychotics* LEGACY CATEGORY: ,Uzedy,UZEDY
"Cardiovascular Agents: Angina, Hypertension and Heart Failure: ARBs/DIURETICS/COMBINATIONS",Valsartan oral solution,valsartan soln
Central Nervous System (CNS) Agents: Anticonvulsants Rescue: ,Valtoco,VALTOCO
Gastrointestinal Agents: Ulcerative Colitis: ORAL,Velsipity Ulcerative Colitis (adult),VELSIPITY
Hyperkalemia Agents: Potassium Binders: ,Veltassa,VELTASSA
Cardiovascular Agents: Pulmonary Arterial Hypertension* LEGACY CATEGORY: PROSTAGLANDINS,Ventavis,VENTAVIS
Respiratory Agents: Inhaled Agents: ADRENERGIC BRONCHODILATORS,Ventolin HFA,VENTOLIN HFA
Central Nervous System (CNS) Agents: Atypical Antipsychotics* LEGACY CATEGORY: ,Versacloz,VERSACLOZ
Ophthalmic Agents: Dry Eye Treatments: ,Vevye ophthalmic solution,VEVYE
Gastrointestinal Agents: Irritable Bowel Syndrome (IBS) with Diarrhea: ,Viberzi,VIBERZI
Endocrine Agents: Diabetes – Non-Insulin: GLP-1 RECEPTOR AGONISTS/COMBINATIONS,Victoza,VICTOZA
Central Nervous System (CNS) Agents: Anticonvulsants* LEGACY CATEGORY: ,Vigabatrin packet for oral solution,vigabatrin powder
Central Nervous System (CNS) Agents: Anticonvulsants* LEGACY CATEGORY: ,Vigabatrin tablet,vigabatrin
Central Nervous System (CNS) Agents: Anticonvulsants* LEGACY CATEGORY: ,Vigafyde oral solution,VIGAFYDE
Infectious Disease Agents: Antivirals – HIV* LEGACY CATEGORY: PROTEASE INHIBITORS,Viracept,VIRACEPT
Central Nervous System (CNS) Agents: Medication Assisted Treatment of Opioid Addiction: ,Vivitrol,VIVITROL
Central Nervous System (CNS) Agents: Antidepressants* LEGACY CATEGORY: OTHER,Vraylar Adjunct Treatment of Major Depressive Disorder,VRAYLAR
Central Nervous System (CNS) Agents: Antidepressants* LEGACY CATEGORY: OTHER,Vraylar Bipolar I Disorder,VRAYLAR
Central Nervous System (CNS) Agents: Antidepressants* LEGACY CATEGORY: OTHER,Vraylar Schizophrenia,VRAYLAR
Topical Agents: Immunomodulators: ,Vtama Atopic Dermatitis,VTAMA
Topical Agents: Immunomodulators: ,Vtama Plaque Psoriasis,VTAMA
Central Nervous System (CNS) Agents: Attention Deficit Hyperactivity Disorder Agents: STIMULANTS,Vyvanse capsule,VYVANSE CAP
Central Nervous System (CNS) Agents: Attention Deficit Hyperactivity Disorder Agents: STIMULANTS,Vyvanse chewable tablet,VYVANSE CHEWABLE TAB
Central Nervous System (CNS) Agents: Narcolepsy: ,Wakix,WAKIX
Dermatologic Agents: Topical Acne Products: NON-RETINOIDS,Winlevi,WINLEVI
Cardiovascular Agents: Pulmonary Arterial Hypertension* LEGACY CATEGORY: OTHER,Winrevair vial,WINREVAIR
Respiratory Agents: Inhaled Agents: BRONCHODILATOR/GLUCOCORTICOID COMBINATIONS,Wixela,WIXELA INHUB
"Blood Formation, Coagulation, and Thrombosis Agents: Oral Anticoagulants: ",Xarelto,"XARELTO SUSP , TAB"
"Blood Formation, Coagulation, and Thrombosis Agents: Oral Anticoagulants: ",Xarelto 2.5 mg,"XARELTO SUSP , TAB"
"Blood Formation, Coagulation, and Thrombosis Agents: Oral Anticoagulants: ",Xarelto oral suspension,"XARELTO SUSP , TAB"
Central Nervous System (CNS) Agents: Anticonvulsants* LEGACY CATEGORY: ,Xcopri,XCOPRI
Endocrine Agents: Diabetes – Non-Insulin: SGLT2 INHIBITORS/COMBINATIONS,Xigduo XR,XIGDUO XR
Ophthalmic Agents: Dry Eye Treatments: ,Xiidra ophthalmic solution,XIIDRA
Respiratory Agents: Monoclonal Antibodies-Anti-IL/Anti-IgE: ,Xolair Chronic Rhinosinusitis with Nasal Polyposis,XOLAIR
Respiratory Agents: Monoclonal Antibodies-Anti-IL/Anti-IgE: ,Xolair Chronic Spontaneous Urticaria (CSU),XOLAIR
Respiratory Agents: Monoclonal Antibodies-Anti-IL/Anti-IgE: ,Xolair IgE-Mediated Food Allergy,XOLAIR
Respiratory Agents: Inhaled Agents: ADRENERGIC BRONCHODILATORS,Xopenex HFA,XOPENEX HFA
Endocrine Agents: Diabetes – Non-Insulin: GLP-1 RECEPTOR AGONISTS/COMBINATIONS,Xultophy,XULTOPHY
"Blood Formation, Coagulation, and Thrombosis Agents: Hemophilia A, von Willebrand Disease, and Factor XIII Deficiency* LEGACY CATEGORY: ",Xyntha,XYNTHA
Central Nervous System (CNS) Agents: Narcolepsy: ,Xyrem,XYREM
Central Nervous System (CNS) Agents: Narcolepsy: ,Xywav,XYWAV
Respiratory Agents: Inhaled Agents: ANTICHOLINERGIC BRONCHODILATORS/COMBINATIONS,Yupelri inhalation solution,YUPELRI
Immunomodulator Agents: Systemic Inflammatory Disease: TNF INHIBITORS,Yusimry Ankylosing Spondylitis,YUSIMRY (Bio of HUMIRA)
Immunomodulator Agents: Systemic Inflammatory Disease: TNF INHIBITORS,Yusimry Crohn’s Disease (adult),YUSIMRY (Bio of HUMIRA)
Immunomodulator Agents: Systemic Inflammatory Disease: TNF INHIBITORS,Yusimry Crohn’s Disease (pediatric),YUSIMRY (Bio of HUMIRA)
Immunomodulator Agents: Systemic Inflammatory Disease: TNF INHIBITORS,Yusimry Hidradenitis Suppurativa,YUSIMRY (Bio of HUMIRA)
Immunomodulator Agents: Systemic Inflammatory Disease: TNF INHIBITORS,Yusimry Plaque Psoriasis (adult),YUSIMRY (Bio of HUMIRA)
Immunomodulator Agents: Systemic Inflammatory Disease: TNF INHIBITORS,Yusimry Polyarticular Juvenile Idiopathic Arthritis (PJIA),YUSIMRY (Bio of HUMIRA)
Immunomodulator Agents: Systemic Inflammatory Disease: TNF INHIBITORS,Yusimry Psoriatic Arthritis (adult),YUSIMRY (Bio of HUMIRA)
Immunomodulator Agents: Systemic Inflammatory Disease: TNF INHIBITORS,Yusimry Rheumatoid Arthritis,YUSIMRY (Bio of HUMIRA)
Immunomodulator Agents: Systemic Inflammatory Disease: TNF INHIBITORS,Yusimry Ulcerative Colitis (adult),YUSIMRY (Bio of HUMIRA)
Immunomodulator Agents: Systemic Inflammatory Disease: TNF INHIBITORS,Yusimry Uveitis (adult),YUSIMRY (Bio of HUMIRA)
"Blood Formation, Coagulation, and Thrombosis Agents: Colony Stimulating Factors: ",Zarxio,ZARXIO
"Central Nervous System (CNS) Agents: Anti-Migraine Agents, Acute: CGRP INHIBITORS",Zavzpret,ZAVZPRET
Ophthalmic Agents: Antihistamines & Mast Cell Stabilizers: ,Zerviate (Cetirizine) ophthalmic solution,ZERVIATE
"Blood Formation, Coagulation, and Thrombosis Agents: Colony Stimulating Factors: ",Ziextenzo,ZIEXTENZO
Central Nervous System (CNS) Agents: Atypical Antipsychotics* LEGACY CATEGORY: ,Ziprasidone,ziprasidone
"Central Nervous System (CNS) Agents: Sedative-Hypnotics, Non-Barbiturate: ",Zolpidem CR,"zolpidem tab ER, IR"
"Central Nervous System (CNS) Agents: Sedative-Hypnotics, Non-Barbiturate: ",Zolpidem IR tablet,"zolpidem tab ER, IR"
"Central Nervous System (CNS) Agents: Sedative-Hypnotics, Non-Barbiturate: ",Zolpidem capsule,"zolpidem cap, SL"
"Central Nervous System (CNS) Agents: Sedative-Hypnotics, Non-Barbiturate: ",Zolpidem sublingual,"zolpidem cap, SL"
Central Nervous System (CNS) Agents: Anticonvulsants* LEGACY CATEGORY: ,Zonisade,ZONISADE SUSP
Central Nervous System (CNS) Agents: Anticonvulsants* LEGACY CATEGORY: ,Ztalmy,ZTALMY
Central Nervous System (CNS) Agents: Antidepressants* LEGACY CATEGORY: OTHER,Zurzuvae,ZURZUVAE
Central Nervous System (CNS) Agents: Atypical Antipsychotics* LEGACY CATEGORY: ,Zyprexa Relprevv,ZYPREXA RELPREVV
